sku,variant_id,item_class,family,subfamily,product_type,product_name,species_group,allowed_alternates,substitution_policy,lumber_grade,design_grade,moisture_condition,thickness_in,width_in,depth_in,length_in,diameter_in,nominal_size_text,actual_size_text,uom_takeoff,uom_purchase,lf_per_piece,bf_per_piece,sf_per_sheet,coverage_sf,count_per_box,lb_per_box,awpa_uc,retention_pcf,preservative_type,panel_width_in,panel_length_in,span_rating,exposure_class,edge_type,ps_standard,manufacturer,series,model,connector_type,finish,mount_type,seat_depth,skewable,joist_size_fit,fastener_coating,shank_type,head_type,angle_deg,collation_type,roll_width_ft,roll_length_ft,tape_width_in,adhesive_type,application_tags,irc_reference,requires_quote,spec_inputs,vendor_id,vendor_sku,vendor_sku_desc,price,price_uom,price_effective_date,stock_status,lead_time_days,min_order_qty,notes
DIM-SPF-2X3-8,DIM-SPF-2X3-8-V1,dimensional_lumber,studs_plates,plate,plate,2x3 SPF 8',SPF,Hem-Fir,Allowed,#2&Btr,,KD,1.5,2.5,,96,,2x3,1.5x2.5,LF,EA,8,2.5,,,,,,,,,,,,,,,,,,,,,,,,,,,,,,,,partition_plate|nailer,R602.3,N,,,,,,,,STOCK,,,
DIM-SPF-2X3-10,DIM-SPF-2X3-10-V1,dimensional_lumber,studs_plates,plate,plate,2x3 SPF 10',SPF,Hem-Fir,Allowed,#2&Btr,,KD,1.5,2.5,,120,,2x3,1.5x2.5,LF,EA,10,3.12,,,,,,,,,,,,,,,,,,,,,,,,,,,,,,,,partition_plate|nailer,R602.3,N,,,,,,,,STOCK,,,
DIM-SPF-2X4-STUD-92625,DIM-SPF-2X4-STUD-92625-V1,dimensional_lumber,studs_plates,precut_stud,stud,"2x4 Stud SPF 92.625""",SPF,Hem-Fir,Allowed,Stud,,KD,1.5,3.5,,92.625,,2x4,1.5x3.5,EA,EA,7.72,3.38,,,,,,,,,,,,,,,,,,,,,,,,,,,,,,,,wall_stud|interior|8ft_ceiling,R602.3,N,,,,,,,,STOCK,,,
DIM-SPF-2X4-STUD-96,DIM-SPF-2X4-STUD-96-V1,dimensional_lumber,studs_plates,precut_stud,stud,"2x4 Stud SPF 96""",SPF,Hem-Fir,Allowed,Stud,,KD,1.5,3.5,,96,,2x4,1.5x3.5,EA,EA,8,3.5,,,,,,,,,,,,,,,,,,,,,,,,,,,,,,,,wall_stud|interior|8ft_full_ceiling,R602.3,N,,,,,,,,STOCK,,,
DIM-SPF-2X4-STUD-104625,DIM-SPF-2X4-STUD-104625-V1,dimensional_lumber,studs_plates,precut_stud,stud,"2x4 Stud SPF 104.625""",SPF,Hem-Fir,Allowed,Stud,,KD,1.5,3.5,,104.625,,2x4,1.5x3.5,EA,EA,8.72,3.81,,,,,,,,,,,,,,,,,,,,,,,,,,,,,,,,wall_stud|interior|9ft_ceiling,R602.3,N,,,,,,,,STOCK,,,
DIM-SPF-2X4-STUD-116625,DIM-SPF-2X4-STUD-116625-V1,dimensional_lumber,studs_plates,precut_stud,stud,"2x4 Stud SPF 116.625""",SPF,Hem-Fir,Allowed,Stud,,KD,1.5,3.5,,116.625,,2x4,1.5x3.5,EA,EA,9.72,4.25,,,,,,,,,,,,,,,,,,,,,,,,,,,,,,,,wall_stud|interior|10ft_ceiling,R602.3,N,,,,,,,,STOCK,,,
DIM-SPF-2X6-STUD-92625,DIM-SPF-2X6-STUD-92625-V1,dimensional_lumber,studs_plates,precut_stud,stud,"2x6 Stud SPF 92.625""",SPF,Hem-Fir,Allowed,Stud,,KD,1.5,5.5,,92.625,,2x6,1.5x5.5,EA,EA,7.72,5.31,,,,,,,,,,,,,,,,,,,,,,,,,,,,,,,,wall_stud|exterior|8ft_ceiling,R602.3,N,,,,,,,,STOCK,,,
DIM-SPF-2X6-STUD-96,DIM-SPF-2X6-STUD-96-V1,dimensional_lumber,studs_plates,precut_stud,stud,"2x6 Stud SPF 96""",SPF,Hem-Fir,Allowed,Stud,,KD,1.5,5.5,,96,,2x6,1.5x5.5,EA,EA,8,5.5,,,,,,,,,,,,,,,,,,,,,,,,,,,,,,,,wall_stud|exterior|8ft_full_ceiling,R602.3,N,,,,,,,,STOCK,,,
DIM-SPF-2X6-STUD-104625,DIM-SPF-2X6-STUD-104625-V1,dimensional_lumber,studs_plates,precut_stud,stud,"2x6 Stud SPF 104.625""",SPF,Hem-Fir,Allowed,Stud,,KD,1.5,5.5,,104.625,,2x6,1.5x5.5,EA,EA,8.72,5.99,,,,,,,,,,,,,,,,,,,,,,,,,,,,,,,,wall_stud|exterior|9ft_ceiling,R602.3,N,,,,,,,,STOCK,,,
DIM-SPF-2X6-STUD-116625,DIM-SPF-2X6-STUD-116625-V1,dimensional_lumber,studs_plates,precut_stud,stud,"2x6 Stud SPF 116.625""",SPF,Hem-Fir,Allowed,Stud,,KD,1.5,5.5,,116.625,,2x6,1.5x5.5,EA,EA,9.72,6.68,,,,,,,,,,,,,,,,,,,,,,,,,,,,,,,,wall_stud|exterior|10ft_ceiling,R602.3,N,,,,,,,,STOCK,,,
DIM-SPF-2X4-8,DIM-SPF-2X4-8-V1,dimensional_lumber,plates_blocking,plate,plate,2x4 SPF 8',SPF,Hem-Fir,Allowed,#2&Btr,,KD,1.5,3.5,,96,,2x4,1.5x3.5,LF,EA,8,3.5,,,,,,,,,,,,,,,,,,,,,,,,,,,,,,,,plate|blocking|cripple|header,R602.3,N,,,,,,,,STOCK,,,
DIM-SPF-2X4-10,DIM-SPF-2X4-10-V1,dimensional_lumber,plates_blocking,plate,plate,2x4 SPF 10',SPF,Hem-Fir,Allowed,#2&Btr,,KD,1.5,3.5,,120,,2x4,1.5x3.5,LF,EA,10,4.38,,,,,,,,,,,,,,,,,,,,,,,,,,,,,,,,plate|blocking|cripple|header,R602.3,N,,,,,,,,STOCK,,,
DIM-SPF-2X4-12,DIM-SPF-2X4-12-V1,dimensional_lumber,plates_blocking,plate,plate,2x4 SPF 12',SPF,Hem-Fir,Allowed,#2&Btr,,KD,1.5,3.5,,144,,2x4,1.5x3.5,LF,EA,12,5.25,,,,,,,,,,,,,,,,,,,,,,,,,,,,,,,,plate|blocking|cripple|header,R602.3,N,,,,,,,,STOCK,,,
DIM-SPF-2X4-14,DIM-SPF-2X4-14-V1,dimensional_lumber,plates_blocking,plate,plate,2x4 SPF 14',SPF,Hem-Fir,Allowed,#2&Btr,,KD,1.5,3.5,,168,,2x4,1.5x3.5,LF,EA,14,6.12,,,,,,,,,,,,,,,,,,,,,,,,,,,,,,,,plate|blocking|cripple|header,R602.3,N,,,,,,,,STOCK,,,
DIM-SPF-2X4-16,DIM-SPF-2X4-16-V1,dimensional_lumber,plates_blocking,plate,plate,2x4 SPF 16',SPF,Hem-Fir,Allowed,#2&Btr,,KD,1.5,3.5,,192,,2x4,1.5x3.5,LF,EA,16,7,,,,,,,,,,,,,,,,,,,,,,,,,,,,,,,,plate|blocking|cripple|header,R602.3,N,,,,,,,,STOCK,,,
DIM-SPF-2X4-18,DIM-SPF-2X4-18-V1,dimensional_lumber,plates_blocking,plate,plate,2x4 SPF 18',SPF,Hem-Fir,Allowed,#2&Btr,,KD,1.5,3.5,,216,,2x4,1.5x3.5,LF,EA,18,7.88,,,,,,,,,,,,,,,,,,,,,,,,,,,,,,,,plate|blocking|cripple|header,R602.3,N,,,,,,,,STOCK,,,
DIM-SPF-2X4-20,DIM-SPF-2X4-20-V1,dimensional_lumber,plates_blocking,plate,plate,2x4 SPF 20',SPF,Hem-Fir,Allowed,#2&Btr,,KD,1.5,3.5,,240,,2x4,1.5x3.5,LF,EA,20,8.75,,,,,,,,,,,,,,,,,,,,,,,,,,,,,,,,plate|blocking|cripple|header,R602.3,N,,,,,,,,STOCK,,,
DIM-SPF-2X6-8,DIM-SPF-2X6-8-V1,dimensional_lumber,plates_blocking,plate,plate,2x6 SPF 8',SPF,Hem-Fir,Allowed,#2&Btr,,KD,1.5,5.5,,96,,2x6,1.5x5.5,LF,EA,8,5.5,,,,,,,,,,,,,,,,,,,,,,,,,,,,,,,,plate|joist|rafter|header,R602.3,N,,,,,,,,STOCK,,,
DIM-SPF-2X6-10,DIM-SPF-2X6-10-V1,dimensional_lumber,plates_blocking,plate,plate,2x6 SPF 10',SPF,Hem-Fir,Allowed,#2&Btr,,KD,1.5,5.5,,120,,2x6,1.5x5.5,LF,EA,10,6.88,,,,,,,,,,,,,,,,,,,,,,,,,,,,,,,,plate|joist|rafter|header,R602.3,N,,,,,,,,STOCK,,,
DIM-SPF-2X6-12,DIM-SPF-2X6-12-V1,dimensional_lumber,plates_blocking,plate,plate,2x6 SPF 12',SPF,Hem-Fir,Allowed,#2&Btr,,KD,1.5,5.5,,144,,2x6,1.5x5.5,LF,EA,12,8.25,,,,,,,,,,,,,,,,,,,,,,,,,,,,,,,,plate|joist|rafter|header,R602.3,N,,,,,,,,STOCK,,,
DIM-SPF-2X6-14,DIM-SPF-2X6-14-V1,dimensional_lumber,plates_blocking,plate,plate,2x6 SPF 14',SPF,Hem-Fir,Allowed,#2&Btr,,KD,1.5,5.5,,168,,2x6,1.5x5.5,LF,EA,14,9.62,,,,,,,,,,,,,,,,,,,,,,,,,,,,,,,,plate|joist|rafter|header,R602.3,N,,,,,,,,STOCK,,,
DIM-SPF-2X6-16,DIM-SPF-2X6-16-V1,dimensional_lumber,plates_blocking,plate,plate,2x6 SPF 16',SPF,Hem-Fir,Allowed,#2&Btr,,KD,1.5,5.5,,192,,2x6,1.5x5.5,LF,EA,16,11,,,,,,,,,,,,,,,,,,,,,,,,,,,,,,,,plate|joist|rafter|header,R602.3,N,,,,,,,,STOCK,,,
DIM-SPF-2X6-18,DIM-SPF-2X6-18-V1,dimensional_lumber,plates_blocking,plate,plate,2x6 SPF 18',SPF,Hem-Fir,Allowed,#2&Btr,,KD,1.5,5.5,,216,,2x6,1.5x5.5,LF,EA,18,12.38,,,,,,,,,,,,,,,,,,,,,,,,,,,,,,,,plate|joist|rafter|header,R602.3,N,,,,,,,,STOCK,,,
DIM-SPF-2X6-20,DIM-SPF-2X6-20-V1,dimensional_lumber,plates_blocking,plate,plate,2x6 SPF 20',SPF,Hem-Fir,Allowed,#2&Btr,,KD,1.5,5.5,,240,,2x6,1.5x5.5,LF,EA,20,13.75,,,,,,,,,,,,,,,,,,,,,,,,,,,,,,,,plate|joist|rafter|header,R602.3,N,,,,,,,,STOCK,,,
DIM-SPF-2X8-8,DIM-SPF-2X8-8-V1,dimensional_lumber,joists_rafters,joist,joist,2x8 SPF 8',SPF,Hem-Fir,Allowed,#2&Btr,,KD,1.5,7.25,,96,,2x8,1.5x7.25,LF,EA,8,7.25,,,,,,,,,,,,,,,,,,,,,,,,,,,,,,,,joist|rafter|header,R502.3,N,,,,,,,,STOCK,,,
DIM-SPF-2X8-10,DIM-SPF-2X8-10-V1,dimensional_lumber,joists_rafters,joist,joist,2x8 SPF 10',SPF,Hem-Fir,Allowed,#2&Btr,,KD,1.5,7.25,,120,,2x8,1.5x7.25,LF,EA,10,9.06,,,,,,,,,,,,,,,,,,,,,,,,,,,,,,,,joist|rafter|header,R502.3,N,,,,,,,,STOCK,,,
DIM-SPF-2X8-12,DIM-SPF-2X8-12-V1,dimensional_lumber,joists_rafters,joist,joist,2x8 SPF 12',SPF,Hem-Fir,Allowed,#2&Btr,,KD,1.5,7.25,,144,,2x8,1.5x7.25,LF,EA,12,10.88,,,,,,,,,,,,,,,,,,,,,,,,,,,,,,,,joist|rafter|header,R502.3,N,,,,,,,,STOCK,,,
DIM-SPF-2X8-14,DIM-SPF-2X8-14-V1,dimensional_lumber,joists_rafters,joist,joist,2x8 SPF 14',SPF,Hem-Fir,Allowed,#2&Btr,,KD,1.5,7.25,,168,,2x8,1.5x7.25,LF,EA,14,12.69,,,,,,,,,,,,,,,,,,,,,,,,,,,,,,,,joist|rafter|header,R502.3,N,,,,,,,,STOCK,,,
DIM-SPF-2X8-16,DIM-SPF-2X8-16-V1,dimensional_lumber,joists_rafters,joist,joist,2x8 SPF 16',SPF,Hem-Fir,Allowed,#2&Btr,,KD,1.5,7.25,,192,,2x8,1.5x7.25,LF,EA,16,14.5,,,,,,,,,,,,,,,,,,,,,,,,,,,,,,,,joist|rafter|header,R502.3,N,,,,,,,,STOCK,,,
DIM-SPF-2X8-18,DIM-SPF-2X8-18-V1,dimensional_lumber,joists_rafters,joist,joist,2x8 SPF 18',SPF,Hem-Fir,Allowed,#2&Btr,,KD,1.5,7.25,,216,,2x8,1.5x7.25,LF,EA,18,16.31,,,,,,,,,,,,,,,,,,,,,,,,,,,,,,,,joist|rafter|header,R502.3,N,,,,,,,,STOCK,,,
DIM-SPF-2X8-20,DIM-SPF-2X8-20-V1,dimensional_lumber,joists_rafters,joist,joist,2x8 SPF 20',SPF,Hem-Fir,Allowed,#2&Btr,,KD,1.5,7.25,,240,,2x8,1.5x7.25,LF,EA,20,18.12,,,,,,,,,,,,,,,,,,,,,,,,,,,,,,,,joist|rafter|header,R502.3,N,,,,,,,,STOCK,,,
DIM-SPF-2X10-8,DIM-SPF-2X10-8-V1,dimensional_lumber,joists_rafters,joist,joist,2x10 SPF 8',SPF,Hem-Fir,Allowed,#2&Btr,,KD,1.5,9.25,,96,,2x10,1.5x9.25,LF,EA,8,9.25,,,,,,,,,,,,,,,,,,,,,,,,,,,,,,,,joist|rafter|header,R502.3,N,,,,,,,,STOCK,,,
DIM-SPF-2X10-10,DIM-SPF-2X10-10-V1,dimensional_lumber,joists_rafters,joist,joist,2x10 SPF 10',SPF,Hem-Fir,Allowed,#2&Btr,,KD,1.5,9.25,,120,,2x10,1.5x9.25,LF,EA,10,11.56,,,,,,,,,,,,,,,,,,,,,,,,,,,,,,,,joist|rafter|header,R502.3,N,,,,,,,,STOCK,,,
DIM-SPF-2X10-12,DIM-SPF-2X10-12-V1,dimensional_lumber,joists_rafters,joist,joist,2x10 SPF 12',SPF,Hem-Fir,Allowed,#2&Btr,,KD,1.5,9.25,,144,,2x10,1.5x9.25,LF,EA,12,13.88,,,,,,,,,,,,,,,,,,,,,,,,,,,,,,,,joist|rafter|header,R502.3,N,,,,,,,,STOCK,,,
DIM-SPF-2X10-14,DIM-SPF-2X10-14-V1,dimensional_lumber,joists_rafters,joist,joist,2x10 SPF 14',SPF,Hem-Fir,Allowed,#2&Btr,,KD,1.5,9.25,,168,,2x10,1.5x9.25,LF,EA,14,16.19,,,,,,,,,,,,,,,,,,,,,,,,,,,,,,,,joist|rafter|header,R502.3,N,,,,,,,,STOCK,,,
DIM-SPF-2X10-16,DIM-SPF-2X10-16-V1,dimensional_lumber,joists_rafters,joist,joist,2x10 SPF 16',SPF,Hem-Fir,Allowed,#2&Btr,,KD,1.5,9.25,,192,,2x10,1.5x9.25,LF,EA,16,18.5,,,,,,,,,,,,,,,,,,,,,,,,,,,,,,,,joist|rafter|header,R502.3,N,,,,,,,,STOCK,,,
DIM-SPF-2X10-18,DIM-SPF-2X10-18-V1,dimensional_lumber,joists_rafters,joist,joist,2x10 SPF 18',SPF,Hem-Fir,Allowed,#2&Btr,,KD,1.5,9.25,,216,,2x10,1.5x9.25,LF,EA,18,20.81,,,,,,,,,,,,,,,,,,,,,,,,,,,,,,,,joist|rafter|header,R502.3,N,,,,,,,,STOCK,,,
DIM-SPF-2X10-20,DIM-SPF-2X10-20-V1,dimensional_lumber,joists_rafters,joist,joist,2x10 SPF 20',SPF,Hem-Fir,Allowed,#2&Btr,,KD,1.5,9.25,,240,,2x10,1.5x9.25,LF,EA,20,23.12,,,,,,,,,,,,,,,,,,,,,,,,,,,,,,,,joist|rafter|header,R502.3,N,,,,,,,,STOCK,,,
DIM-SPF-2X10-22,DIM-SPF-2X10-22-V1,dimensional_lumber,joists_rafters,joist,joist,2x10 SPF 22',SPF,Hem-Fir,Allowed,#2&Btr,,KD,1.5,9.25,,264,,2x10,1.5x9.25,LF,EA,22,25.44,,,,,,,,,,,,,,,,,,,,,,,,,,,,,,,,joist|rafter|header,R502.3,N,,,,,,,,STOCK,,,
DIM-SPF-2X10-24,DIM-SPF-2X10-24-V1,dimensional_lumber,joists_rafters,joist,joist,2x10 SPF 24',SPF,Hem-Fir,Allowed,#2&Btr,,KD,1.5,9.25,,288,,2x10,1.5x9.25,LF,EA,24,27.75,,,,,,,,,,,,,,,,,,,,,,,,,,,,,,,,joist|rafter|header,R502.3,N,,,,,,,,STOCK,,,
DIM-SPF-2X12-8,DIM-SPF-2X12-8-V1,dimensional_lumber,joists_rafters,joist,joist,2x12 SPF 8',SPF,Hem-Fir,Allowed,#2&Btr,,KD,1.5,11.25,,96,,2x12,1.5x11.25,LF,EA,8,11.25,,,,,,,,,,,,,,,,,,,,,,,,,,,,,,,,header|ridge|joist,R602.7,N,,,,,,,,STOCK,,,
DIM-SPF-2X12-10,DIM-SPF-2X12-10-V1,dimensional_lumber,joists_rafters,joist,joist,2x12 SPF 10',SPF,Hem-Fir,Allowed,#2&Btr,,KD,1.5,11.25,,120,,2x12,1.5x11.25,LF,EA,10,14.06,,,,,,,,,,,,,,,,,,,,,,,,,,,,,,,,header|ridge|joist,R602.7,N,,,,,,,,STOCK,,,
DIM-SPF-2X12-12,DIM-SPF-2X12-12-V1,dimensional_lumber,joists_rafters,joist,joist,2x12 SPF 12',SPF,Hem-Fir,Allowed,#2&Btr,,KD,1.5,11.25,,144,,2x12,1.5x11.25,LF,EA,12,16.88,,,,,,,,,,,,,,,,,,,,,,,,,,,,,,,,header|ridge|joist,R602.7,N,,,,,,,,STOCK,,,
DIM-SPF-2X12-14,DIM-SPF-2X12-14-V1,dimensional_lumber,joists_rafters,joist,joist,2x12 SPF 14',SPF,Hem-Fir,Allowed,#2&Btr,,KD,1.5,11.25,,168,,2x12,1.5x11.25,LF,EA,14,19.69,,,,,,,,,,,,,,,,,,,,,,,,,,,,,,,,header|ridge|joist,R602.7,N,,,,,,,,STOCK,,,
DIM-SPF-2X12-16,DIM-SPF-2X12-16-V1,dimensional_lumber,joists_rafters,joist,joist,2x12 SPF 16',SPF,Hem-Fir,Allowed,#2&Btr,,KD,1.5,11.25,,192,,2x12,1.5x11.25,LF,EA,16,22.5,,,,,,,,,,,,,,,,,,,,,,,,,,,,,,,,header|ridge|joist,R602.7,N,,,,,,,,STOCK,,,
DIM-SPF-2X12-18,DIM-SPF-2X12-18-V1,dimensional_lumber,joists_rafters,joist,joist,2x12 SPF 18',SPF,Hem-Fir,Allowed,#2&Btr,,KD,1.5,11.25,,216,,2x12,1.5x11.25,LF,EA,18,25.31,,,,,,,,,,,,,,,,,,,,,,,,,,,,,,,,header|ridge|joist,R602.7,N,,,,,,,,STOCK,,,
DIM-SPF-2X12-20,DIM-SPF-2X12-20-V1,dimensional_lumber,joists_rafters,joist,joist,2x12 SPF 20',SPF,Hem-Fir,Allowed,#2&Btr,,KD,1.5,11.25,,240,,2x12,1.5x11.25,LF,EA,20,28.12,,,,,,,,,,,,,,,,,,,,,,,,,,,,,,,,header|ridge|joist,R602.7,N,,,,,,,,STOCK,,,
DIM-SPF-2X12-22,DIM-SPF-2X12-22-V1,dimensional_lumber,joists_rafters,joist,joist,2x12 SPF 22',SPF,Hem-Fir,Allowed,#2&Btr,,KD,1.5,11.25,,264,,2x12,1.5x11.25,LF,EA,22,30.94,,,,,,,,,,,,,,,,,,,,,,,,,,,,,,,,header|ridge|joist,R602.7,N,,,,,,,,STOCK,,,
DIM-SPF-2X12-24,DIM-SPF-2X12-24-V1,dimensional_lumber,joists_rafters,joist,joist,2x12 SPF 24',SPF,Hem-Fir,Allowed,#2&Btr,,KD,1.5,11.25,,288,,2x12,1.5x11.25,LF,EA,24,33.75,,,,,,,,,,,,,,,,,,,,,,,,,,,,,,,,header|ridge|joist,R602.7,N,,,,,,,,STOCK,,,
DIM-SPF-2X14-12,DIM-SPF-2X14-12-V1,dimensional_lumber,joists_rafters,joist,joist,2x14 SPF 12',SPF,Hem-Fir,Allowed,#2&Btr,,KD,1.5,13.25,,144,,2x14,1.5x13.25,LF,EA,12,19.88,,,,,,,,,,,,,,,,,,,,,,,,,,,,,,,,rafter|joist,R502.3,N,,,,,,,,STOCK,,,
DIM-SPF-2X14-14,DIM-SPF-2X14-14-V1,dimensional_lumber,joists_rafters,joist,joist,2x14 SPF 14',SPF,Hem-Fir,Allowed,#2&Btr,,KD,1.5,13.25,,168,,2x14,1.5x13.25,LF,EA,14,23.19,,,,,,,,,,,,,,,,,,,,,,,,,,,,,,,,rafter|joist,R502.3,N,,,,,,,,STOCK,,,
DIM-SPF-2X14-16,DIM-SPF-2X14-16-V1,dimensional_lumber,joists_rafters,joist,joist,2x14 SPF 16',SPF,Hem-Fir,Allowed,#2&Btr,,KD,1.5,13.25,,192,,2x14,1.5x13.25,LF,EA,16,26.5,,,,,,,,,,,,,,,,,,,,,,,,,,,,,,,,rafter|joist,R502.3,N,,,,,,,,STOCK,,,
DIM-SPF-2X14-18,DIM-SPF-2X14-18-V1,dimensional_lumber,joists_rafters,joist,joist,2x14 SPF 18',SPF,Hem-Fir,Allowed,#2&Btr,,KD,1.5,13.25,,216,,2x14,1.5x13.25,LF,EA,18,29.81,,,,,,,,,,,,,,,,,,,,,,,,,,,,,,,,rafter|joist,R502.3,N,,,,,,,,STOCK,,,
DIM-SPF-2X14-20,DIM-SPF-2X14-20-V1,dimensional_lumber,joists_rafters,joist,joist,2x14 SPF 20',SPF,Hem-Fir,Allowed,#2&Btr,,KD,1.5,13.25,,240,,2x14,1.5x13.25,LF,EA,20,33.12,,,,,,,,,,,,,,,,,,,,,,,,,,,,,,,,rafter|joist,R502.3,N,,,,,,,,STOCK,,,
DIM-DFL-2X4-STUD-92625,DIM-DFL-2X4-STUD-92625-V1,dimensional_lumber,studs_plates,precut_stud,stud,"2x4 Stud DF-L 92.625""",DF-L,,Allowed,Stud,,KD,1.5,3.5,,92.625,,2x4,1.5x3.5,EA,EA,7.72,5.15,,,,,,,,,,,,,,,,,,,,,,,,,,,,,,,,wall_stud|shearwall|8ft_ceiling,R602.3,N,,,,,,,,STOCK,,,Higher shear values
DIM-DFL-2X4-STUD-96,DIM-DFL-2X4-STUD-96-V1,dimensional_lumber,studs_plates,precut_stud,stud,"2x4 Stud DF-L 96""",DF-L,,Allowed,Stud,,KD,1.5,3.5,,96,,2x4,1.5x3.5,EA,EA,8,5.33,,,,,,,,,,,,,,,,,,,,,,,,,,,,,,,,wall_stud|shearwall|8ft_ceiling,R602.3,N,,,,,,,,STOCK,,,Higher shear values
DIM-DFL-2X4-8,DIM-DFL-2X4-8-V1,dimensional_lumber,plates_blocking,plate,plate,2x4 DF-L 8',DF-L,,Allowed,#2&Btr,,KD,1.5,3.5,,96,,2x4,1.5x3.5,LF,EA,8,3.5,,,,,,,,,,,,,,,,,,,,,,,,,,,,,,,,plate|blocking|header|shearwall,R602.3,N,,,,,,,,STOCK,,,
DIM-DFL-2X4-10,DIM-DFL-2X4-10-V1,dimensional_lumber,plates_blocking,plate,plate,2x4 DF-L 10',DF-L,,Allowed,#2&Btr,,KD,1.5,3.5,,120,,2x4,1.5x3.5,LF,EA,10,4.38,,,,,,,,,,,,,,,,,,,,,,,,,,,,,,,,plate|blocking|header|shearwall,R602.3,N,,,,,,,,STOCK,,,
DIM-DFL-2X4-12,DIM-DFL-2X4-12-V1,dimensional_lumber,plates_blocking,plate,plate,2x4 DF-L 12',DF-L,,Allowed,#2&Btr,,KD,1.5,3.5,,144,,2x4,1.5x3.5,LF,EA,12,5.25,,,,,,,,,,,,,,,,,,,,,,,,,,,,,,,,plate|blocking|header|shearwall,R602.3,N,,,,,,,,STOCK,,,
DIM-DFL-2X4-14,DIM-DFL-2X4-14-V1,dimensional_lumber,plates_blocking,plate,plate,2x4 DF-L 14',DF-L,,Allowed,#2&Btr,,KD,1.5,3.5,,168,,2x4,1.5x3.5,LF,EA,14,6.12,,,,,,,,,,,,,,,,,,,,,,,,,,,,,,,,plate|blocking|header|shearwall,R602.3,N,,,,,,,,STOCK,,,
DIM-DFL-2X4-16,DIM-DFL-2X4-16-V1,dimensional_lumber,plates_blocking,plate,plate,2x4 DF-L 16',DF-L,,Allowed,#2&Btr,,KD,1.5,3.5,,192,,2x4,1.5x3.5,LF,EA,16,7,,,,,,,,,,,,,,,,,,,,,,,,,,,,,,,,plate|blocking|header|shearwall,R602.3,N,,,,,,,,STOCK,,,
DIM-DFL-2X6-8,DIM-DFL-2X6-8-V1,dimensional_lumber,plates_blocking,plate,plate,2x6 DF-L 8',DF-L,,Allowed,#2&Btr,,KD,1.5,5.5,,96,,2x6,1.5x5.5,LF,EA,8,5.5,,,,,,,,,,,,,,,,,,,,,,,,,,,,,,,,plate|joist|rafter|header,R602.3,N,,,,,,,,STOCK,,,
DIM-DFL-2X6-10,DIM-DFL-2X6-10-V1,dimensional_lumber,plates_blocking,plate,plate,2x6 DF-L 10',DF-L,,Allowed,#2&Btr,,KD,1.5,5.5,,120,,2x6,1.5x5.5,LF,EA,10,6.88,,,,,,,,,,,,,,,,,,,,,,,,,,,,,,,,plate|joist|rafter|header,R602.3,N,,,,,,,,STOCK,,,
DIM-DFL-2X6-12,DIM-DFL-2X6-12-V1,dimensional_lumber,plates_blocking,plate,plate,2x6 DF-L 12',DF-L,,Allowed,#2&Btr,,KD,1.5,5.5,,144,,2x6,1.5x5.5,LF,EA,12,8.25,,,,,,,,,,,,,,,,,,,,,,,,,,,,,,,,plate|joist|rafter|header,R602.3,N,,,,,,,,STOCK,,,
DIM-DFL-2X6-14,DIM-DFL-2X6-14-V1,dimensional_lumber,plates_blocking,plate,plate,2x6 DF-L 14',DF-L,,Allowed,#2&Btr,,KD,1.5,5.5,,168,,2x6,1.5x5.5,LF,EA,14,9.62,,,,,,,,,,,,,,,,,,,,,,,,,,,,,,,,plate|joist|rafter|header,R602.3,N,,,,,,,,STOCK,,,
DIM-DFL-2X6-16,DIM-DFL-2X6-16-V1,dimensional_lumber,plates_blocking,plate,plate,2x6 DF-L 16',DF-L,,Allowed,#2&Btr,,KD,1.5,5.5,,192,,2x6,1.5x5.5,LF,EA,16,11,,,,,,,,,,,,,,,,,,,,,,,,,,,,,,,,plate|joist|rafter|header,R602.3,N,,,,,,,,STOCK,,,
DIM-DFL-2X6-18,DIM-DFL-2X6-18-V1,dimensional_lumber,plates_blocking,plate,plate,2x6 DF-L 18',DF-L,,Allowed,#2&Btr,,KD,1.5,5.5,,216,,2x6,1.5x5.5,LF,EA,18,12.38,,,,,,,,,,,,,,,,,,,,,,,,,,,,,,,,plate|joist|rafter|header,R602.3,N,,,,,,,,STOCK,,,
DIM-DFL-2X6-20,DIM-DFL-2X6-20-V1,dimensional_lumber,plates_blocking,plate,plate,2x6 DF-L 20',DF-L,,Allowed,#2&Btr,,KD,1.5,5.5,,240,,2x6,1.5x5.5,LF,EA,20,13.75,,,,,,,,,,,,,,,,,,,,,,,,,,,,,,,,plate|joist|rafter|header,R602.3,N,,,,,,,,STOCK,,,
DIM-DFL-2X10-10,DIM-DFL-2X10-10-V1,dimensional_lumber,joists_rafters,joist,joist,2x10 DF-L 10',DF-L,,Allowed,#2&Btr,,KD,1.5,9.25,,120,,2x10,1.5x9.25,LF,EA,10,11.56,,,,,,,,,,,,,,,,,,,,,,,,,,,,,,,,joist|rafter|header,R502.3,N,,,,,,,,STOCK,,,
DIM-DFL-2X10-12,DIM-DFL-2X10-12-V1,dimensional_lumber,joists_rafters,joist,joist,2x10 DF-L 12',DF-L,,Allowed,#2&Btr,,KD,1.5,9.25,,144,,2x10,1.5x9.25,LF,EA,12,13.88,,,,,,,,,,,,,,,,,,,,,,,,,,,,,,,,joist|rafter|header,R502.3,N,,,,,,,,STOCK,,,
DIM-DFL-2X10-14,DIM-DFL-2X10-14-V1,dimensional_lumber,joists_rafters,joist,joist,2x10 DF-L 14',DF-L,,Allowed,#2&Btr,,KD,1.5,9.25,,168,,2x10,1.5x9.25,LF,EA,14,16.19,,,,,,,,,,,,,,,,,,,,,,,,,,,,,,,,joist|rafter|header,R502.3,N,,,,,,,,STOCK,,,
DIM-DFL-2X10-16,DIM-DFL-2X10-16-V1,dimensional_lumber,joists_rafters,joist,joist,2x10 DF-L 16',DF-L,,Allowed,#2&Btr,,KD,1.5,9.25,,192,,2x10,1.5x9.25,LF,EA,16,18.5,,,,,,,,,,,,,,,,,,,,,,,,,,,,,,,,joist|rafter|header,R502.3,N,,,,,,,,STOCK,,,
DIM-DFL-2X10-18,DIM-DFL-2X10-18-V1,dimensional_lumber,joists_rafters,joist,joist,2x10 DF-L 18',DF-L,,Allowed,#2&Btr,,KD,1.5,9.25,,216,,2x10,1.5x9.25,LF,EA,18,20.81,,,,,,,,,,,,,,,,,,,,,,,,,,,,,,,,joist|rafter|header,R502.3,N,,,,,,,,STOCK,,,
DIM-DFL-2X10-20,DIM-DFL-2X10-20-V1,dimensional_lumber,joists_rafters,joist,joist,2x10 DF-L 20',DF-L,,Allowed,#2&Btr,,KD,1.5,9.25,,240,,2x10,1.5x9.25,LF,EA,20,23.12,,,,,,,,,,,,,,,,,,,,,,,,,,,,,,,,joist|rafter|header,R502.3,N,,,,,,,,STOCK,,,
DIM-DFL-2X10-22,DIM-DFL-2X10-22-V1,dimensional_lumber,joists_rafters,joist,joist,2x10 DF-L 22',DF-L,,Allowed,#2&Btr,,KD,1.5,9.25,,264,,2x10,1.5x9.25,LF,EA,22,25.44,,,,,,,,,,,,,,,,,,,,,,,,,,,,,,,,joist|rafter|header,R502.3,N,,,,,,,,STOCK,,,
DIM-DFL-2X10-24,DIM-DFL-2X10-24-V1,dimensional_lumber,joists_rafters,joist,joist,2x10 DF-L 24',DF-L,,Allowed,#2&Btr,,KD,1.5,9.25,,288,,2x10,1.5x9.25,LF,EA,24,27.75,,,,,,,,,,,,,,,,,,,,,,,,,,,,,,,,joist|rafter|header,R502.3,N,,,,,,,,STOCK,,,
DIM-DFL-2X12-10,DIM-DFL-2X12-10-V1,dimensional_lumber,joists_rafters,joist,joist,2x12 DF-L 10',DF-L,,Allowed,#2&Btr,,KD,1.5,11.25,,120,,2x12,1.5x11.25,LF,EA,10,14.06,,,,,,,,,,,,,,,,,,,,,,,,,,,,,,,,header|ridge|joist,R602.7,N,,,,,,,,STOCK,,,
DIM-DFL-2X12-12,DIM-DFL-2X12-12-V1,dimensional_lumber,joists_rafters,joist,joist,2x12 DF-L 12',DF-L,,Allowed,#2&Btr,,KD,1.5,11.25,,144,,2x12,1.5x11.25,LF,EA,12,16.88,,,,,,,,,,,,,,,,,,,,,,,,,,,,,,,,header|ridge|joist,R602.7,N,,,,,,,,STOCK,,,
DIM-DFL-2X12-14,DIM-DFL-2X12-14-V1,dimensional_lumber,joists_rafters,joist,joist,2x12 DF-L 14',DF-L,,Allowed,#2&Btr,,KD,1.5,11.25,,168,,2x12,1.5x11.25,LF,EA,14,19.69,,,,,,,,,,,,,,,,,,,,,,,,,,,,,,,,header|ridge|joist,R602.7,N,,,,,,,,STOCK,,,
DIM-DFL-2X12-16,DIM-DFL-2X12-16-V1,dimensional_lumber,joists_rafters,joist,joist,2x12 DF-L 16',DF-L,,Allowed,#2&Btr,,KD,1.5,11.25,,192,,2x12,1.5x11.25,LF,EA,16,22.5,,,,,,,,,,,,,,,,,,,,,,,,,,,,,,,,header|ridge|joist,R602.7,N,,,,,,,,STOCK,,,
DIM-DFL-2X12-18,DIM-DFL-2X12-18-V1,dimensional_lumber,joists_rafters,joist,joist,2x12 DF-L 18',DF-L,,Allowed,#2&Btr,,KD,1.5,11.25,,216,,2x12,1.5x11.25,LF,EA,18,25.31,,,,,,,,,,,,,,,,,,,,,,,,,,,,,,,,header|ridge|joist,R602.7,N,,,,,,,,STOCK,,,
DIM-DFL-2X12-20,DIM-DFL-2X12-20-V1,dimensional_lumber,joists_rafters,joist,joist,2x12 DF-L 20',DF-L,,Allowed,#2&Btr,,KD,1.5,11.25,,240,,2x12,1.5x11.25,LF,EA,20,28.12,,,,,,,,,,,,,,,,,,,,,,,,,,,,,,,,header|ridge|joist,R602.7,N,,,,,,,,STOCK,,,
DIM-DFL-2X12-22,DIM-DFL-2X12-22-V1,dimensional_lumber,joists_rafters,joist,joist,2x12 DF-L 22',DF-L,,Allowed,#2&Btr,,KD,1.5,11.25,,264,,2x12,1.5x11.25,LF,EA,22,30.94,,,,,,,,,,,,,,,,,,,,,,,,,,,,,,,,header|ridge|joist,R602.7,N,,,,,,,,STOCK,,,
DIM-DFL-2X12-24,DIM-DFL-2X12-24-V1,dimensional_lumber,joists_rafters,joist,joist,2x12 DF-L 24',DF-L,,Allowed,#2&Btr,,KD,1.5,11.25,,288,,2x12,1.5x11.25,LF,EA,24,33.75,,,,,,,,,,,,,,,,,,,,,,,,,,,,,,,,header|ridge|joist,R602.7,N,,,,,,,,STOCK,,,
DIM-HF-2X4-STUD-92625,DIM-HF-2X4-STUD-92625-V1,dimensional_lumber,studs_plates,precut_stud,stud,"2x4 Stud Hem-Fir 92.625""",HF,SPF,Allowed,Stud,,KD,1.5,3.5,,92.625,,2x4,1.5x3.5,EA,EA,7.72,5.15,,,,,,,,,,,,,,,,,,,,,,,,,,,,,,,,wall_stud|8ft_ceiling,R602.3,N,,,,,,,,STOCK,,,
DIM-HF-2X4-STUD-96,DIM-HF-2X4-STUD-96-V1,dimensional_lumber,studs_plates,precut_stud,stud,"2x4 Stud Hem-Fir 96""",HF,SPF,Allowed,Stud,,KD,1.5,3.5,,96,,2x4,1.5x3.5,EA,EA,8,5.33,,,,,,,,,,,,,,,,,,,,,,,,,,,,,,,,wall_stud|8ft_ceiling,R602.3,N,,,,,,,,STOCK,,,
DIM-HF-2X6-STUD-92625,DIM-HF-2X6-STUD-92625-V1,dimensional_lumber,studs_plates,precut_stud,stud,"2x6 Stud Hem-Fir 92.625""",HF,SPF,Allowed,Stud,,KD,1.5,5.5,,92.625,,2x6,1.5x5.5,EA,EA,7.72,7.72,,,,,,,,,,,,,,,,,,,,,,,,,,,,,,,,wall_stud|8ft_ceiling,R602.3,N,,,,,,,,STOCK,,,
DIM-HF-2X6-STUD-96,DIM-HF-2X6-STUD-96-V1,dimensional_lumber,studs_plates,precut_stud,stud,"2x6 Stud Hem-Fir 96""",HF,SPF,Allowed,Stud,,KD,1.5,5.5,,96,,2x6,1.5x5.5,EA,EA,8,8.0,,,,,,,,,,,,,,,,,,,,,,,,,,,,,,,,wall_stud|8ft_ceiling,R602.3,N,,,,,,,,STOCK,,,
DIM-MSR-2X4-1650F15E-92625,DIM-MSR-2X4-1650F15E-92625-V1,dimensional_lumber,studs_plates,msr_stud,stud,"2x4 MSR 1650f-1.5E 92.625""",SPF,,Allowed,MSR,1650f-1.5E,KD,1.5,3.5,,92.625,,2x4,1.5x3.5,EA,EA,7.72,5.15,,,,,,,,,,,,,,,,,,,,,,,,,,,,,,,,wall_stud|tall_wall|engineered,R602.3,N,,,,,,,,STOCK,,,Machine stress rated
DIM-MSR-2X4-1650F15E-96,DIM-MSR-2X4-1650F15E-96-V1,dimensional_lumber,studs_plates,msr_stud,stud,"2x4 MSR 1650f-1.5E 96""",SPF,,Allowed,MSR,1650f-1.5E,KD,1.5,3.5,,96,,2x4,1.5x3.5,EA,EA,8,5.33,,,,,,,,,,,,,,,,,,,,,,,,,,,,,,,,wall_stud|tall_wall|engineered,R602.3,N,,,,,,,,STOCK,,,Machine stress rated
DIM-MSR-2X4-1650F15E-104625,DIM-MSR-2X4-1650F15E-104625-V1,dimensional_lumber,studs_plates,msr_stud,stud,"2x4 MSR 1650f-1.5E 104.625""",SPF,,Allowed,MSR,1650f-1.5E,KD,1.5,3.5,,104.625,,2x4,1.5x3.5,EA,EA,8.72,5.81,,,,,,,,,,,,,,,,,,,,,,,,,,,,,,,,wall_stud|tall_wall|engineered,R602.3,N,,,,,,,,STOCK,,,Machine stress rated
DIM-MSR-2X6-1650F15E-92625,DIM-MSR-2X6-1650F15E-92625-V1,dimensional_lumber,studs_plates,msr_stud,stud,"2x6 MSR 1650f-1.5E 92.625""",SPF,,Allowed,MSR,1650f-1.5E,KD,1.5,5.5,,92.625,,2x6,1.5x5.5,EA,EA,7.72,7.72,,,,,,,,,,,,,,,,,,,,,,,,,,,,,,,,wall_stud|tall_wall|engineered,R602.3,N,,,,,,,,STOCK,,,Machine stress rated
DIM-MSR-2X6-1650F15E-96,DIM-MSR-2X6-1650F15E-96-V1,dimensional_lumber,studs_plates,msr_stud,stud,"2x6 MSR 1650f-1.5E 96""",SPF,,Allowed,MSR,1650f-1.5E,KD,1.5,5.5,,96,,2x6,1.5x5.5,EA,EA,8,8.0,,,,,,,,,,,,,,,,,,,,,,,,,,,,,,,,wall_stud|tall_wall|engineered,R602.3,N,,,,,,,,STOCK,,,Machine stress rated
DIM-MSR-2X6-2100F18E-96,DIM-MSR-2X6-2100F18E-96-V1,dimensional_lumber,studs_plates,msr_stud,stud,"2x6 MSR 2100f-1.8E 96""",SPF,,Allowed,MSR,2100f-1.8E,KD,1.5,5.5,,96,,2x6,1.5x5.5,EA,EA,8,8.0,,,,,,,,,,,,,,,,,,,,,,,,,,,,,,,,wall_stud|tall_wall|engineered,R602.3,N,,,,,,,,STOCK,,,Machine stress rated
DIM-SPF-4X4-8,DIM-SPF-4X4-8-V1,dimensional_lumber,posts_timbers,timber,post,4x4 SPF 8',SPF,Hem-Fir,Allowed,#2&Btr,,KD,3.5,3.5,,96,,4x4,3.5x3.5,LF,EA,8,8.17,,,,,,,,,,,,,,,,,,,,,,,,,,,,,,,,post|column,R407.3,N,,,,,,,,STOCK,,,
DIM-SPF-4X4-10,DIM-SPF-4X4-10-V1,dimensional_lumber,posts_timbers,timber,post,4x4 SPF 10',SPF,Hem-Fir,Allowed,#2&Btr,,KD,3.5,3.5,,120,,4x4,3.5x3.5,LF,EA,10,10.21,,,,,,,,,,,,,,,,,,,,,,,,,,,,,,,,post|column,R407.3,N,,,,,,,,STOCK,,,
DIM-SPF-4X4-12,DIM-SPF-4X4-12-V1,dimensional_lumber,posts_timbers,timber,post,4x4 SPF 12',SPF,Hem-Fir,Allowed,#2&Btr,,KD,3.5,3.5,,144,,4x4,3.5x3.5,LF,EA,12,12.25,,,,,,,,,,,,,,,,,,,,,,,,,,,,,,,,post|column,R407.3,N,,,,,,,,STOCK,,,
DIM-SPF-4X6-8,DIM-SPF-4X6-8-V1,dimensional_lumber,posts_timbers,timber,post,4x6 SPF 8',SPF,Hem-Fir,Allowed,#2&Btr,,KD,3.5,5.5,,96,,4x6,3.5x5.5,LF,EA,8,12.83,,,,,,,,,,,,,,,,,,,,,,,,,,,,,,,,beam|post,R407.3,N,,,,,,,,STOCK,,,
DIM-SPF-4X6-10,DIM-SPF-4X6-10-V1,dimensional_lumber,posts_timbers,timber,post,4x6 SPF 10',SPF,Hem-Fir,Allowed,#2&Btr,,KD,3.5,5.5,,120,,4x6,3.5x5.5,LF,EA,10,16.04,,,,,,,,,,,,,,,,,,,,,,,,,,,,,,,,beam|post,R407.3,N,,,,,,,,STOCK,,,
DIM-SPF-4X6-12,DIM-SPF-4X6-12-V1,dimensional_lumber,posts_timbers,timber,post,4x6 SPF 12',SPF,Hem-Fir,Allowed,#2&Btr,,KD,3.5,5.5,,144,,4x6,3.5x5.5,LF,EA,12,19.25,,,,,,,,,,,,,,,,,,,,,,,,,,,,,,,,beam|post,R407.3,N,,,,,,,,STOCK,,,
DIM-SPF-4X6-16,DIM-SPF-4X6-16-V1,dimensional_lumber,posts_timbers,timber,post,4x6 SPF 16',SPF,Hem-Fir,Allowed,#2&Btr,,KD,3.5,5.5,,192,,4x6,3.5x5.5,LF,EA,16,25.67,,,,,,,,,,,,,,,,,,,,,,,,,,,,,,,,beam|post,R407.3,N,,,,,,,,STOCK,,,
DIM-SPF-4X8-8,DIM-SPF-4X8-8-V1,dimensional_lumber,posts_timbers,timber,beam,4x8 SPF 8',SPF,Hem-Fir,Allowed,#2&Btr,,KD,3.5,7.25,,96,,4x8,3.5x7.25,LF,EA,8,16.92,,,,,,,,,,,,,,,,,,,,,,,,,,,,,,,,beam|girder,R407.3,N,,,,,,,,STOCK,,,
DIM-SPF-4X8-10,DIM-SPF-4X8-10-V1,dimensional_lumber,posts_timbers,timber,beam,4x8 SPF 10',SPF,Hem-Fir,Allowed,#2&Btr,,KD,3.5,7.25,,120,,4x8,3.5x7.25,LF,EA,10,21.15,,,,,,,,,,,,,,,,,,,,,,,,,,,,,,,,beam|girder,R407.3,N,,,,,,,,STOCK,,,
DIM-SPF-4X8-12,DIM-SPF-4X8-12-V1,dimensional_lumber,posts_timbers,timber,beam,4x8 SPF 12',SPF,Hem-Fir,Allowed,#2&Btr,,KD,3.5,7.25,,144,,4x8,3.5x7.25,LF,EA,12,25.38,,,,,,,,,,,,,,,,,,,,,,,,,,,,,,,,beam|girder,R407.3,N,,,,,,,,STOCK,,,
DIM-SPF-4X8-16,DIM-SPF-4X8-16-V1,dimensional_lumber,posts_timbers,timber,beam,4x8 SPF 16',SPF,Hem-Fir,Allowed,#2&Btr,,KD,3.5,7.25,,192,,4x8,3.5x7.25,LF,EA,16,33.83,,,,,,,,,,,,,,,,,,,,,,,,,,,,,,,,beam|girder,R407.3,N,,,,,,,,STOCK,,,
DIM-SPF-6X6-8,DIM-SPF-6X6-8-V1,dimensional_lumber,posts_timbers,timber,post,6x6 SPF 8',SPF,Hem-Fir,Allowed,#2&Btr,,S-DRY,5.5,5.5,,96,,6x6,5.5x5.5,LF,EA,8,20.17,,,,,,,,,,,,,,,,,,,,,,,,,,,,,,,,post|column|beam,R407.3,N,,,,,,,,STOCK,,,
DIM-SPF-6X6-10,DIM-SPF-6X6-10-V1,dimensional_lumber,posts_timbers,timber,post,6x6 SPF 10',SPF,Hem-Fir,Allowed,#2&Btr,,S-DRY,5.5,5.5,,120,,6x6,5.5x5.5,LF,EA,10,25.21,,,,,,,,,,,,,,,,,,,,,,,,,,,,,,,,post|column|beam,R407.3,N,,,,,,,,STOCK,,,
DIM-SPF-6X6-12,DIM-SPF-6X6-12-V1,dimensional_lumber,posts_timbers,timber,post,6x6 SPF 12',SPF,Hem-Fir,Allowed,#2&Btr,,S-DRY,5.5,5.5,,144,,6x6,5.5x5.5,LF,EA,12,30.25,,,,,,,,,,,,,,,,,,,,,,,,,,,,,,,,post|column|beam,R407.3,N,,,,,,,,STOCK,,,
DIM-SPF-6X6-16,DIM-SPF-6X6-16-V1,dimensional_lumber,posts_timbers,timber,post,6x6 SPF 16',SPF,Hem-Fir,Allowed,#2&Btr,,S-DRY,5.5,5.5,,192,,6x6,5.5x5.5,LF,EA,16,40.33,,,,,,,,,,,,,,,,,,,,,,,,,,,,,,,,post|column|beam,R407.3,N,,,,,,,,STOCK,,,
DIM-SPF-6X6-20,DIM-SPF-6X6-20-V1,dimensional_lumber,posts_timbers,timber,post,6x6 SPF 20',SPF,Hem-Fir,Allowed,#2&Btr,,S-DRY,5.5,5.5,,240,,6x6,5.5x5.5,LF,EA,20,50.42,,,,,,,,,,,,,,,,,,,,,,,,,,,,,,,,post|column|beam,R407.3,N,,,,,,,,STOCK,,,
DIM-SPF-6X8-8,DIM-SPF-6X8-8-V1,dimensional_lumber,posts_timbers,timber,beam,6x8 SPF 8',SPF,Hem-Fir,Allowed,#2&Btr,,S-DRY,5.5,7.5,,96,,6x8,5.5x7.5,LF,EA,8,27.5,,,,,,,,,,,,,,,,,,,,,,,,,,,,,,,,beam|girder,R407.3,N,,,,,,,,STOCK,,,
DIM-SPF-6X8-10,DIM-SPF-6X8-10-V1,dimensional_lumber,posts_timbers,timber,beam,6x8 SPF 10',SPF,Hem-Fir,Allowed,#2&Btr,,S-DRY,5.5,7.5,,120,,6x8,5.5x7.5,LF,EA,10,34.38,,,,,,,,,,,,,,,,,,,,,,,,,,,,,,,,beam|girder,R407.3,N,,,,,,,,STOCK,,,
DIM-SPF-6X8-12,DIM-SPF-6X8-12-V1,dimensional_lumber,posts_timbers,timber,beam,6x8 SPF 12',SPF,Hem-Fir,Allowed,#2&Btr,,S-DRY,5.5,7.5,,144,,6x8,5.5x7.5,LF,EA,12,41.25,,,,,,,,,,,,,,,,,,,,,,,,,,,,,,,,beam|girder,R407.3,N,,,,,,,,STOCK,,,
DIM-SPF-6X10-10,DIM-SPF-6X10-10-V1,dimensional_lumber,posts_timbers,timber,beam,6x10 SPF 10',SPF,Hem-Fir,Allowed,#2&Btr,,S-DRY,5.5,9.5,,120,,6x10,5.5x9.5,LF,EA,10,43.54,,,,,,,,,,,,,,,,,,,,,,,,,,,,,,,,beam|girder,R407.3,N,,,,,,,,STOCK,,,
DIM-SPF-6X10-12,DIM-SPF-6X10-12-V1,dimensional_lumber,posts_timbers,timber,beam,6x10 SPF 12',SPF,Hem-Fir,Allowed,#2&Btr,,S-DRY,5.5,9.5,,144,,6x10,5.5x9.5,LF,EA,12,52.25,,,,,,,,,,,,,,,,,,,,,,,,,,,,,,,,beam|girder,R407.3,N,,,,,,,,STOCK,,,
DIM-SPF-6X10-16,DIM-SPF-6X10-16-V1,dimensional_lumber,posts_timbers,timber,beam,6x10 SPF 16',SPF,Hem-Fir,Allowed,#2&Btr,,S-DRY,5.5,9.5,,192,,6x10,5.5x9.5,LF,EA,16,69.67,,,,,,,,,,,,,,,,,,,,,,,,,,,,,,,,beam|girder,R407.3,N,,,,,,,,STOCK,,,
DIM-SPF-6X12-10,DIM-SPF-6X12-10-V1,dimensional_lumber,posts_timbers,timber,beam,6x12 SPF 10',SPF,Hem-Fir,Allowed,#2&Btr,,S-DRY,5.5,11.5,,120,,6x12,5.5x11.5,LF,EA,10,52.71,,,,,,,,,,,,,,,,,,,,,,,,,,,,,,,,beam|girder,R407.3,N,,,,,,,,STOCK,,,
DIM-SPF-6X12-12,DIM-SPF-6X12-12-V1,dimensional_lumber,posts_timbers,timber,beam,6x12 SPF 12',SPF,Hem-Fir,Allowed,#2&Btr,,S-DRY,5.5,11.5,,144,,6x12,5.5x11.5,LF,EA,12,63.25,,,,,,,,,,,,,,,,,,,,,,,,,,,,,,,,beam|girder,R407.3,N,,,,,,,,STOCK,,,
DIM-SPF-6X12-16,DIM-SPF-6X12-16-V1,dimensional_lumber,posts_timbers,timber,beam,6x12 SPF 16',SPF,Hem-Fir,Allowed,#2&Btr,,S-DRY,5.5,11.5,,192,,6x12,5.5x11.5,LF,EA,16,84.33,,,,,,,,,,,,,,,,,,,,,,,,,,,,,,,,beam|girder,R407.3,N,,,,,,,,STOCK,,,
DIM-SPF-8X8-8,DIM-SPF-8X8-8-V1,dimensional_lumber,posts_timbers,timber,post,8x8 SPF 8',SPF,Hem-Fir,Allowed,#2&Btr,,S-DRY,7.5,7.5,,96,,8x8,7.5x7.5,LF,EA,8,37.5,,,,,,,,,,,,,,,,,,,,,,,,,,,,,,,,post|column,R407.3,N,,,,,,,,STOCK,,,
DIM-SPF-8X8-10,DIM-SPF-8X8-10-V1,dimensional_lumber,posts_timbers,timber,post,8x8 SPF 10',SPF,Hem-Fir,Allowed,#2&Btr,,S-DRY,7.5,7.5,,120,,8x8,7.5x7.5,LF,EA,10,46.88,,,,,,,,,,,,,,,,,,,,,,,,,,,,,,,,post|column,R407.3,N,,,,,,,,STOCK,,,
DIM-SPF-8X8-12,DIM-SPF-8X8-12-V1,dimensional_lumber,posts_timbers,timber,post,8x8 SPF 12',SPF,Hem-Fir,Allowed,#2&Btr,,S-DRY,7.5,7.5,,144,,8x8,7.5x7.5,LF,EA,12,56.25,,,,,,,,,,,,,,,,,,,,,,,,,,,,,,,,post|column,R407.3,N,,,,,,,,STOCK,,,
DIM-SPF-8X10-10,DIM-SPF-8X10-10-V1,dimensional_lumber,posts_timbers,timber,beam,8x10 SPF 10',SPF,Hem-Fir,Allowed,#2&Btr,,S-DRY,7.5,9.5,,120,,8x10,7.5x9.5,LF,EA,10,59.38,,,,,,,,,,,,,,,,,,,,,,,,,,,,,,,,beam|girder,R407.3,N,,,,,,,,STOCK,,,
DIM-SPF-8X10-12,DIM-SPF-8X10-12-V1,dimensional_lumber,posts_timbers,timber,beam,8x10 SPF 12',SPF,Hem-Fir,Allowed,#2&Btr,,S-DRY,7.5,9.5,,144,,8x10,7.5x9.5,LF,EA,12,71.25,,,,,,,,,,,,,,,,,,,,,,,,,,,,,,,,beam|girder,R407.3,N,,,,,,,,STOCK,,,
DIM-SPF-8X12-10,DIM-SPF-8X12-10-V1,dimensional_lumber,posts_timbers,timber,beam,8x12 SPF 10',SPF,Hem-Fir,Allowed,#2&Btr,,S-DRY,7.5,11.5,,120,,8x12,7.5x11.5,LF,EA,10,71.88,,,,,,,,,,,,,,,,,,,,,,,,,,,,,,,,beam|girder,R407.3,N,,,,,,,,STOCK,,,
DIM-SPF-8X12-12,DIM-SPF-8X12-12-V1,dimensional_lumber,posts_timbers,timber,beam,8x12 SPF 12',SPF,Hem-Fir,Allowed,#2&Btr,,S-DRY,7.5,11.5,,144,,8x12,7.5x11.5,LF,EA,12,86.25,,,,,,,,,,,,,,,,,,,,,,,,,,,,,,,,beam|girder,R407.3,N,,,,,,,,STOCK,,,
PT-SYP-2X4-SILL-8,PT-SYP-2X4-SILL-8-V1,pt_structural,sill_plates,sill_plate,plate,2x4 PT Sill Plate 8',SYP,,EquivalentOnlySameSpec,#2 GC,,KDAT,1.5,3.5,,96,,2x4,1.5x3.5,LF,EA,8,3.5,,,,,UC4A,0.4,MCA,,,,,,,,,,,,,,,,,,,,,,,,,sill_plate|mudsill,R317.1,N,,,,,,,,STOCK,,,Ground contact .40 retention
PT-SYP-2X4-SILL-10,PT-SYP-2X4-SILL-10-V1,pt_structural,sill_plates,sill_plate,plate,2x4 PT Sill Plate 10',SYP,,EquivalentOnlySameSpec,#2 GC,,KDAT,1.5,3.5,,120,,2x4,1.5x3.5,LF,EA,10,4.38,,,,,UC4A,0.4,MCA,,,,,,,,,,,,,,,,,,,,,,,,,sill_plate|mudsill,R317.1,N,,,,,,,,STOCK,,,Ground contact .40 retention
PT-SYP-2X4-SILL-12,PT-SYP-2X4-SILL-12-V1,pt_structural,sill_plates,sill_plate,plate,2x4 PT Sill Plate 12',SYP,,EquivalentOnlySameSpec,#2 GC,,KDAT,1.5,3.5,,144,,2x4,1.5x3.5,LF,EA,12,5.25,,,,,UC4A,0.4,MCA,,,,,,,,,,,,,,,,,,,,,,,,,sill_plate|mudsill,R317.1,N,,,,,,,,STOCK,,,Ground contact .40 retention
PT-SYP-2X4-SILL-14,PT-SYP-2X4-SILL-14-V1,pt_structural,sill_plates,sill_plate,plate,2x4 PT Sill Plate 14',SYP,,EquivalentOnlySameSpec,#2 GC,,KDAT,1.5,3.5,,168,,2x4,1.5x3.5,LF,EA,14,6.12,,,,,UC4A,0.4,MCA,,,,,,,,,,,,,,,,,,,,,,,,,sill_plate|mudsill,R317.1,N,,,,,,,,STOCK,,,Ground contact .40 retention
PT-SYP-2X4-SILL-16,PT-SYP-2X4-SILL-16-V1,pt_structural,sill_plates,sill_plate,plate,2x4 PT Sill Plate 16',SYP,,EquivalentOnlySameSpec,#2 GC,,KDAT,1.5,3.5,,192,,2x4,1.5x3.5,LF,EA,16,7,,,,,UC4A,0.4,MCA,,,,,,,,,,,,,,,,,,,,,,,,,sill_plate|mudsill,R317.1,N,,,,,,,,STOCK,,,Ground contact .40 retention
PT-SYP-2X6-SILL-8,PT-SYP-2X6-SILL-8-V1,pt_structural,sill_plates,sill_plate,plate,2x6 PT Sill Plate 8',SYP,,EquivalentOnlySameSpec,#2 GC,,KDAT,1.5,5.5,,96,,2x6,1.5x5.5,LF,EA,8,5.5,,,,,UC4A,0.4,MCA,,,,,,,,,,,,,,,,,,,,,,,,,sill_plate|mudsill,R317.1,N,,,,,,,,STOCK,,,Ground contact .40 retention
PT-SYP-2X6-SILL-10,PT-SYP-2X6-SILL-10-V1,pt_structural,sill_plates,sill_plate,plate,2x6 PT Sill Plate 10',SYP,,EquivalentOnlySameSpec,#2 GC,,KDAT,1.5,5.5,,120,,2x6,1.5x5.5,LF,EA,10,6.88,,,,,UC4A,0.4,MCA,,,,,,,,,,,,,,,,,,,,,,,,,sill_plate|mudsill,R317.1,N,,,,,,,,STOCK,,,Ground contact .40 retention
PT-SYP-2X6-SILL-12,PT-SYP-2X6-SILL-12-V1,pt_structural,sill_plates,sill_plate,plate,2x6 PT Sill Plate 12',SYP,,EquivalentOnlySameSpec,#2 GC,,KDAT,1.5,5.5,,144,,2x6,1.5x5.5,LF,EA,12,8.25,,,,,UC4A,0.4,MCA,,,,,,,,,,,,,,,,,,,,,,,,,sill_plate|mudsill,R317.1,N,,,,,,,,STOCK,,,Ground contact .40 retention
PT-SYP-2X6-SILL-14,PT-SYP-2X6-SILL-14-V1,pt_structural,sill_plates,sill_plate,plate,2x6 PT Sill Plate 14',SYP,,EquivalentOnlySameSpec,#2 GC,,KDAT,1.5,5.5,,168,,2x6,1.5x5.5,LF,EA,14,9.62,,,,,UC4A,0.4,MCA,,,,,,,,,,,,,,,,,,,,,,,,,sill_plate|mudsill,R317.1,N,,,,,,,,STOCK,,,Ground contact .40 retention
PT-SYP-2X6-SILL-16,PT-SYP-2X6-SILL-16-V1,pt_structural,sill_plates,sill_plate,plate,2x6 PT Sill Plate 16',SYP,,EquivalentOnlySameSpec,#2 GC,,KDAT,1.5,5.5,,192,,2x6,1.5x5.5,LF,EA,16,11,,,,,UC4A,0.4,MCA,,,,,,,,,,,,,,,,,,,,,,,,,sill_plate|mudsill,R317.1,N,,,,,,,,STOCK,,,Ground contact .40 retention
PT-SYP-2X8-LEDGER-10,PT-SYP-2X8-LEDGER-10-V1,pt_structural,ledger_boards,ledger,ledger,2x8 PT Ledger 10',SYP,,EquivalentOnlySameSpec,#2 GC,,KDAT,1.5,7.25,,120,,2x8,1.5x7.25,LF,EA,10,9.06,,,,,UC4A,0.4,MCA,,,,,,,,,,,,,,,,,,,,,,,,,ledger|deck,R507.9.1,N,,,,,,,,STOCK,,,
PT-SYP-2X8-LEDGER-12,PT-SYP-2X8-LEDGER-12-V1,pt_structural,ledger_boards,ledger,ledger,2x8 PT Ledger 12',SYP,,EquivalentOnlySameSpec,#2 GC,,KDAT,1.5,7.25,,144,,2x8,1.5x7.25,LF,EA,12,10.88,,,,,UC4A,0.4,MCA,,,,,,,,,,,,,,,,,,,,,,,,,ledger|deck,R507.9.1,N,,,,,,,,STOCK,,,
PT-SYP-2X8-LEDGER-16,PT-SYP-2X8-LEDGER-16-V1,pt_structural,ledger_boards,ledger,ledger,2x8 PT Ledger 16',SYP,,EquivalentOnlySameSpec,#2 GC,,KDAT,1.5,7.25,,192,,2x8,1.5x7.25,LF,EA,16,14.5,,,,,UC4A,0.4,MCA,,,,,,,,,,,,,,,,,,,,,,,,,ledger|deck,R507.9.1,N,,,,,,,,STOCK,,,
PT-SYP-2X8-LEDGER-20,PT-SYP-2X8-LEDGER-20-V1,pt_structural,ledger_boards,ledger,ledger,2x8 PT Ledger 20',SYP,,EquivalentOnlySameSpec,#2 GC,,KDAT,1.5,7.25,,240,,2x8,1.5x7.25,LF,EA,20,18.12,,,,,UC4A,0.4,MCA,,,,,,,,,,,,,,,,,,,,,,,,,ledger|deck,R507.9.1,N,,,,,,,,STOCK,,,
PT-SYP-2X10-LEDGER-10,PT-SYP-2X10-LEDGER-10-V1,pt_structural,ledger_boards,ledger,ledger,2x10 PT Ledger 10',SYP,,EquivalentOnlySameSpec,#2 GC,,KDAT,1.5,9.25,,120,,2x10,1.5x9.25,LF,EA,10,11.56,,,,,UC4A,0.4,MCA,,,,,,,,,,,,,,,,,,,,,,,,,ledger|deck,R507.9.1,N,,,,,,,,STOCK,,,
PT-SYP-2X10-LEDGER-12,PT-SYP-2X10-LEDGER-12-V1,pt_structural,ledger_boards,ledger,ledger,2x10 PT Ledger 12',SYP,,EquivalentOnlySameSpec,#2 GC,,KDAT,1.5,9.25,,144,,2x10,1.5x9.25,LF,EA,12,13.88,,,,,UC4A,0.4,MCA,,,,,,,,,,,,,,,,,,,,,,,,,ledger|deck,R507.9.1,N,,,,,,,,STOCK,,,
PT-SYP-2X10-LEDGER-16,PT-SYP-2X10-LEDGER-16-V1,pt_structural,ledger_boards,ledger,ledger,2x10 PT Ledger 16',SYP,,EquivalentOnlySameSpec,#2 GC,,KDAT,1.5,9.25,,192,,2x10,1.5x9.25,LF,EA,16,18.5,,,,,UC4A,0.4,MCA,,,,,,,,,,,,,,,,,,,,,,,,,ledger|deck,R507.9.1,N,,,,,,,,STOCK,,,
PT-SYP-2X10-LEDGER-20,PT-SYP-2X10-LEDGER-20-V1,pt_structural,ledger_boards,ledger,ledger,2x10 PT Ledger 20',SYP,,EquivalentOnlySameSpec,#2 GC,,KDAT,1.5,9.25,,240,,2x10,1.5x9.25,LF,EA,20,23.12,,,,,UC4A,0.4,MCA,,,,,,,,,,,,,,,,,,,,,,,,,ledger|deck,R507.9.1,N,,,,,,,,STOCK,,,
PT-SYP-2X12-LEDGER-10,PT-SYP-2X12-LEDGER-10-V1,pt_structural,ledger_boards,ledger,ledger,2x12 PT Ledger 10',SYP,,EquivalentOnlySameSpec,#2 GC,,KDAT,1.5,11.25,,120,,2x12,1.5x11.25,LF,EA,10,14.06,,,,,UC4A,0.4,MCA,,,,,,,,,,,,,,,,,,,,,,,,,ledger|deck,R507.9.1,N,,,,,,,,STOCK,,,
PT-SYP-2X12-LEDGER-12,PT-SYP-2X12-LEDGER-12-V1,pt_structural,ledger_boards,ledger,ledger,2x12 PT Ledger 12',SYP,,EquivalentOnlySameSpec,#2 GC,,KDAT,1.5,11.25,,144,,2x12,1.5x11.25,LF,EA,12,16.88,,,,,UC4A,0.4,MCA,,,,,,,,,,,,,,,,,,,,,,,,,ledger|deck,R507.9.1,N,,,,,,,,STOCK,,,
PT-SYP-2X12-LEDGER-16,PT-SYP-2X12-LEDGER-16-V1,pt_structural,ledger_boards,ledger,ledger,2x12 PT Ledger 16',SYP,,EquivalentOnlySameSpec,#2 GC,,KDAT,1.5,11.25,,192,,2x12,1.5x11.25,LF,EA,16,22.5,,,,,UC4A,0.4,MCA,,,,,,,,,,,,,,,,,,,,,,,,,ledger|deck,R507.9.1,N,,,,,,,,STOCK,,,
PT-SYP-2X12-LEDGER-20,PT-SYP-2X12-LEDGER-20-V1,pt_structural,ledger_boards,ledger,ledger,2x12 PT Ledger 20',SYP,,EquivalentOnlySameSpec,#2 GC,,KDAT,1.5,11.25,,240,,2x12,1.5x11.25,LF,EA,20,28.12,,,,,UC4A,0.4,MCA,,,,,,,,,,,,,,,,,,,,,,,,,ledger|deck,R507.9.1,N,,,,,,,,STOCK,,,
PT-SYP-4X4-POST-8,PT-SYP-4X4-POST-8-V1,pt_structural,posts_beams,post,post,4x4 PT Post GC 8',SYP,,EquivalentOnlySameSpec,#2 GC,,KDAT,3.5,3.5,,96,,4x4,3.5x3.5,LF,EA,8,8.17,,,,,UC4A,0.4,MCA,,,,,,,,,,,,,,,,,,,,,,,,,post|deck_post|structural_post,R317.1,N,,,,,,,,STOCK,,,Ground contact
PT-SYP-4X4-POST-10,PT-SYP-4X4-POST-10-V1,pt_structural,posts_beams,post,post,4x4 PT Post GC 10',SYP,,EquivalentOnlySameSpec,#2 GC,,KDAT,3.5,3.5,,120,,4x4,3.5x3.5,LF,EA,10,10.21,,,,,UC4A,0.4,MCA,,,,,,,,,,,,,,,,,,,,,,,,,post|deck_post|structural_post,R317.1,N,,,,,,,,STOCK,,,Ground contact
PT-SYP-4X4-POST-12,PT-SYP-4X4-POST-12-V1,pt_structural,posts_beams,post,post,4x4 PT Post GC 12',SYP,,EquivalentOnlySameSpec,#2 GC,,KDAT,3.5,3.5,,144,,4x4,3.5x3.5,LF,EA,12,12.25,,,,,UC4A,0.4,MCA,,,,,,,,,,,,,,,,,,,,,,,,,post|deck_post|structural_post,R317.1,N,,,,,,,,STOCK,,,Ground contact
PT-SYP-6X6-POST-8,PT-SYP-6X6-POST-8-V1,pt_structural,posts_beams,post,post,6x6 PT Post GC 8',SYP,,EquivalentOnlySameSpec,#2 GC,,KDAT,5.5,5.5,,96,,6x6,5.5x5.5,LF,EA,8,20.17,,,,,UC4A,0.4,MCA,,,,,,,,,,,,,,,,,,,,,,,,,post|deck_post|structural_post,R317.1,N,,,,,,,,STOCK,,,Ground contact
PT-SYP-6X6-POST-10,PT-SYP-6X6-POST-10-V1,pt_structural,posts_beams,post,post,6x6 PT Post GC 10',SYP,,EquivalentOnlySameSpec,#2 GC,,KDAT,5.5,5.5,,120,,6x6,5.5x5.5,LF,EA,10,25.21,,,,,UC4A,0.4,MCA,,,,,,,,,,,,,,,,,,,,,,,,,post|deck_post|structural_post,R317.1,N,,,,,,,,STOCK,,,Ground contact
PT-SYP-6X6-POST-12,PT-SYP-6X6-POST-12-V1,pt_structural,posts_beams,post,post,6x6 PT Post GC 12',SYP,,EquivalentOnlySameSpec,#2 GC,,KDAT,5.5,5.5,,144,,6x6,5.5x5.5,LF,EA,12,30.25,,,,,UC4A,0.4,MCA,,,,,,,,,,,,,,,,,,,,,,,,,post|deck_post|structural_post,R317.1,N,,,,,,,,STOCK,,,Ground contact
PT-SYP-6X6-POST-16,PT-SYP-6X6-POST-16-V1,pt_structural,posts_beams,post,post,6x6 PT Post GC 16',SYP,,EquivalentOnlySameSpec,#2 GC,,KDAT,5.5,5.5,,192,,6x6,5.5x5.5,LF,EA,16,40.33,,,,,UC4A,0.4,MCA,,,,,,,,,,,,,,,,,,,,,,,,,post|deck_post|structural_post,R317.1,N,,,,,,,,STOCK,,,Ground contact
PT-SYP-6X6-POST-20,PT-SYP-6X6-POST-20-V1,pt_structural,posts_beams,post,post,6x6 PT Post GC 20',SYP,,EquivalentOnlySameSpec,#2 GC,,KDAT,5.5,5.5,,240,,6x6,5.5x5.5,LF,EA,20,50.42,,,,,UC4A,0.4,MCA,,,,,,,,,,,,,,,,,,,,,,,,,post|deck_post|structural_post,R317.1,N,,,,,,,,STOCK,,,Ground contact
PT-SYP-4X6-BEAM-8,PT-SYP-4X6-BEAM-8-V1,pt_structural,posts_beams,beam,beam,4x6 PT Beam GC 8',SYP,,EquivalentOnlySameSpec,#2 GC,,KDAT,3.5,5.5,,96,,4x6,3.5x5.5,LF,EA,8,12.83,,,,,UC4A,0.4,MCA,,,,,,,,,,,,,,,,,,,,,,,,,beam|deck_beam,R317.1,N,,,,,,,,STOCK,,,Ground contact
PT-SYP-4X6-BEAM-10,PT-SYP-4X6-BEAM-10-V1,pt_structural,posts_beams,beam,beam,4x6 PT Beam GC 10',SYP,,EquivalentOnlySameSpec,#2 GC,,KDAT,3.5,5.5,,120,,4x6,3.5x5.5,LF,EA,10,16.04,,,,,UC4A,0.4,MCA,,,,,,,,,,,,,,,,,,,,,,,,,beam|deck_beam,R317.1,N,,,,,,,,STOCK,,,Ground contact
PT-SYP-4X6-BEAM-12,PT-SYP-4X6-BEAM-12-V1,pt_structural,posts_beams,beam,beam,4x6 PT Beam GC 12',SYP,,EquivalentOnlySameSpec,#2 GC,,KDAT,3.5,5.5,,144,,4x6,3.5x5.5,LF,EA,12,19.25,,,,,UC4A,0.4,MCA,,,,,,,,,,,,,,,,,,,,,,,,,beam|deck_beam,R317.1,N,,,,,,,,STOCK,,,Ground contact
PT-SYP-4X6-BEAM-16,PT-SYP-4X6-BEAM-16-V1,pt_structural,posts_beams,beam,beam,4x6 PT Beam GC 16',SYP,,EquivalentOnlySameSpec,#2 GC,,KDAT,3.5,5.5,,192,,4x6,3.5x5.5,LF,EA,16,25.67,,,,,UC4A,0.4,MCA,,,,,,,,,,,,,,,,,,,,,,,,,beam|deck_beam,R317.1,N,,,,,,,,STOCK,,,Ground contact
PT-SYP-2X8-JOIST-8,PT-SYP-2X8-JOIST-8-V1,pt_structural,deck_framing,joist,joist,2x8 PT Joist GC 8',SYP,,EquivalentOnlySameSpec,#2 GC,,KDAT,1.5,7.25,,96,,2x8,1.5x7.25,LF,EA,8,7.25,,,,,UC4A,0.4,MCA,,,,,,,,,,,,,,,,,,,,,,,,,deck_joist|floor_joist,R317.1,N,,,,,,,,STOCK,,,
PT-SYP-2X8-JOIST-10,PT-SYP-2X8-JOIST-10-V1,pt_structural,deck_framing,joist,joist,2x8 PT Joist GC 10',SYP,,EquivalentOnlySameSpec,#2 GC,,KDAT,1.5,7.25,,120,,2x8,1.5x7.25,LF,EA,10,9.06,,,,,UC4A,0.4,MCA,,,,,,,,,,,,,,,,,,,,,,,,,deck_joist|floor_joist,R317.1,N,,,,,,,,STOCK,,,
PT-SYP-2X8-JOIST-12,PT-SYP-2X8-JOIST-12-V1,pt_structural,deck_framing,joist,joist,2x8 PT Joist GC 12',SYP,,EquivalentOnlySameSpec,#2 GC,,KDAT,1.5,7.25,,144,,2x8,1.5x7.25,LF,EA,12,10.88,,,,,UC4A,0.4,MCA,,,,,,,,,,,,,,,,,,,,,,,,,deck_joist|floor_joist,R317.1,N,,,,,,,,STOCK,,,
PT-SYP-2X8-JOIST-14,PT-SYP-2X8-JOIST-14-V1,pt_structural,deck_framing,joist,joist,2x8 PT Joist GC 14',SYP,,EquivalentOnlySameSpec,#2 GC,,KDAT,1.5,7.25,,168,,2x8,1.5x7.25,LF,EA,14,12.69,,,,,UC4A,0.4,MCA,,,,,,,,,,,,,,,,,,,,,,,,,deck_joist|floor_joist,R317.1,N,,,,,,,,STOCK,,,
PT-SYP-2X8-JOIST-16,PT-SYP-2X8-JOIST-16-V1,pt_structural,deck_framing,joist,joist,2x8 PT Joist GC 16',SYP,,EquivalentOnlySameSpec,#2 GC,,KDAT,1.5,7.25,,192,,2x8,1.5x7.25,LF,EA,16,14.5,,,,,UC4A,0.4,MCA,,,,,,,,,,,,,,,,,,,,,,,,,deck_joist|floor_joist,R317.1,N,,,,,,,,STOCK,,,
PT-SYP-2X10-JOIST-8,PT-SYP-2X10-JOIST-8-V1,pt_structural,deck_framing,joist,joist,2x10 PT Joist GC 8',SYP,,EquivalentOnlySameSpec,#2 GC,,KDAT,1.5,9.25,,96,,2x10,1.5x9.25,LF,EA,8,9.25,,,,,UC4A,0.4,MCA,,,,,,,,,,,,,,,,,,,,,,,,,deck_joist|floor_joist,R317.1,N,,,,,,,,STOCK,,,
PT-SYP-2X10-JOIST-10,PT-SYP-2X10-JOIST-10-V1,pt_structural,deck_framing,joist,joist,2x10 PT Joist GC 10',SYP,,EquivalentOnlySameSpec,#2 GC,,KDAT,1.5,9.25,,120,,2x10,1.5x9.25,LF,EA,10,11.56,,,,,UC4A,0.4,MCA,,,,,,,,,,,,,,,,,,,,,,,,,deck_joist|floor_joist,R317.1,N,,,,,,,,STOCK,,,
PT-SYP-2X10-JOIST-12,PT-SYP-2X10-JOIST-12-V1,pt_structural,deck_framing,joist,joist,2x10 PT Joist GC 12',SYP,,EquivalentOnlySameSpec,#2 GC,,KDAT,1.5,9.25,,144,,2x10,1.5x9.25,LF,EA,12,13.88,,,,,UC4A,0.4,MCA,,,,,,,,,,,,,,,,,,,,,,,,,deck_joist|floor_joist,R317.1,N,,,,,,,,STOCK,,,
PT-SYP-2X10-JOIST-14,PT-SYP-2X10-JOIST-14-V1,pt_structural,deck_framing,joist,joist,2x10 PT Joist GC 14',SYP,,EquivalentOnlySameSpec,#2 GC,,KDAT,1.5,9.25,,168,,2x10,1.5x9.25,LF,EA,14,16.19,,,,,UC4A,0.4,MCA,,,,,,,,,,,,,,,,,,,,,,,,,deck_joist|floor_joist,R317.1,N,,,,,,,,STOCK,,,
PT-SYP-2X10-JOIST-16,PT-SYP-2X10-JOIST-16-V1,pt_structural,deck_framing,joist,joist,2x10 PT Joist GC 16',SYP,,EquivalentOnlySameSpec,#2 GC,,KDAT,1.5,9.25,,192,,2x10,1.5x9.25,LF,EA,16,18.5,,,,,UC4A,0.4,MCA,,,,,,,,,,,,,,,,,,,,,,,,,deck_joist|floor_joist,R317.1,N,,,,,,,,STOCK,,,
PT-SYP-2X12-JOIST-8,PT-SYP-2X12-JOIST-8-V1,pt_structural,deck_framing,joist,joist,2x12 PT Joist GC 8',SYP,,EquivalentOnlySameSpec,#2 GC,,KDAT,1.5,11.25,,96,,2x12,1.5x11.25,LF,EA,8,11.25,,,,,UC4A,0.4,MCA,,,,,,,,,,,,,,,,,,,,,,,,,deck_joist|floor_joist,R317.1,N,,,,,,,,STOCK,,,
PT-SYP-2X12-JOIST-10,PT-SYP-2X12-JOIST-10-V1,pt_structural,deck_framing,joist,joist,2x12 PT Joist GC 10',SYP,,EquivalentOnlySameSpec,#2 GC,,KDAT,1.5,11.25,,120,,2x12,1.5x11.25,LF,EA,10,14.06,,,,,UC4A,0.4,MCA,,,,,,,,,,,,,,,,,,,,,,,,,deck_joist|floor_joist,R317.1,N,,,,,,,,STOCK,,,
PT-SYP-2X12-JOIST-12,PT-SYP-2X12-JOIST-12-V1,pt_structural,deck_framing,joist,joist,2x12 PT Joist GC 12',SYP,,EquivalentOnlySameSpec,#2 GC,,KDAT,1.5,11.25,,144,,2x12,1.5x11.25,LF,EA,12,16.88,,,,,UC4A,0.4,MCA,,,,,,,,,,,,,,,,,,,,,,,,,deck_joist|floor_joist,R317.1,N,,,,,,,,STOCK,,,
PT-SYP-2X12-JOIST-14,PT-SYP-2X12-JOIST-14-V1,pt_structural,deck_framing,joist,joist,2x12 PT Joist GC 14',SYP,,EquivalentOnlySameSpec,#2 GC,,KDAT,1.5,11.25,,168,,2x12,1.5x11.25,LF,EA,14,19.69,,,,,UC4A,0.4,MCA,,,,,,,,,,,,,,,,,,,,,,,,,deck_joist|floor_joist,R317.1,N,,,,,,,,STOCK,,,
PT-SYP-2X12-JOIST-16,PT-SYP-2X12-JOIST-16-V1,pt_structural,deck_framing,joist,joist,2x12 PT Joist GC 16',SYP,,EquivalentOnlySameSpec,#2 GC,,KDAT,1.5,11.25,,192,,2x12,1.5x11.25,LF,EA,16,22.5,,,,,UC4A,0.4,MCA,,,,,,,,,,,,,,,,,,,,,,,,,deck_joist|floor_joist,R317.1,N,,,,,,,,STOCK,,,
PT-PLY-12-48-GC,PT-PLY-12-48-GC-V1,pt_structural,pt_plywood,sheathing,sheathing,PT Plywood 1/2 4x8 GC,SYP,,EquivalentOnlySameSpec,,,KDAT,0.5,,,,,1/2,0.5,SF,SHT,,,32,,,,UC4A,0.4,MCA,48,96,32/16,EXT,SQ,PS1,,,,,,,,,,,,,,,,,,,exterior_sheathing|ground_contact,R317.1,N,,,,,,,,STOCK,,,
PT-PLY-58-48-GC,PT-PLY-58-48-GC-V1,pt_structural,pt_plywood,sheathing,sheathing,PT Plywood 5/8 4x8 GC,SYP,,EquivalentOnlySameSpec,,,KDAT,0.625,,,,,5/8,0.625,SF,SHT,,,32,,,,UC4A,0.4,MCA,48,96,40/20,EXT,SQ,PS1,,,,,,,,,,,,,,,,,,,exterior_sheathing|ground_contact,R317.1,N,,,,,,,,STOCK,,,
PT-PLY-34-48-GC,PT-PLY-34-48-GC-V1,pt_structural,pt_plywood,sheathing,sheathing,PT Plywood 3/4 4x8 GC,SYP,,EquivalentOnlySameSpec,,,KDAT,0.75,,,,,3/4,0.75,SF,SHT,,,32,,,,UC4A,0.4,MCA,48,96,48/24,EXT,SQ,PS1,,,,,,,,,,,,,,,,,,,exterior_sheathing|ground_contact,R317.1,N,,,,,,,,STOCK,,,
EWP-LVL-175X725-20,EWP-LVL-175X725-20-V1,engineered_wood,lvl,beam,beam,LVL 1-3/4x7-1/4 20',MIXED,,StructuralNoSub,,2.0E,,1.75,,7.25,240,,1-3/4x7-1/4,1.75x7.25,LF,EA,20,21.15,,,,,,,,,,,,,,Weyerhaeuser,Microllam,,,,,,,,,,,,,,,,,header|beam,R602.7,N,span|load|bearing_type|end_conditions,,,,,,,STOCK,,,
EWP-LVL-175X725-24,EWP-LVL-175X725-24-V1,engineered_wood,lvl,beam,beam,LVL 1-3/4x7-1/4 24',MIXED,,StructuralNoSub,,2.0E,,1.75,,7.25,288,,1-3/4x7-1/4,1.75x7.25,LF,EA,24,25.38,,,,,,,,,,,,,,Weyerhaeuser,Microllam,,,,,,,,,,,,,,,,,header|beam,R602.7,N,span|load|bearing_type|end_conditions,,,,,,,STOCK,,,
EWP-LVL-175X925-20,EWP-LVL-175X925-20-V1,engineered_wood,lvl,beam,beam,LVL 1-3/4x9-1/4 20',MIXED,,StructuralNoSub,,2.0E,,1.75,,9.25,240,,1-3/4x9-1/4,1.75x9.25,LF,EA,20,26.98,,,,,,,,,,,,,,Weyerhaeuser,Microllam,,,,,,,,,,,,,,,,,header|beam,R602.7,N,span|load|bearing_type|end_conditions,,,,,,,STOCK,,,
EWP-LVL-175X925-24,EWP-LVL-175X925-24-V1,engineered_wood,lvl,beam,beam,LVL 1-3/4x9-1/4 24',MIXED,,StructuralNoSub,,2.0E,,1.75,,9.25,288,,1-3/4x9-1/4,1.75x9.25,LF,EA,24,32.38,,,,,,,,,,,,,,Weyerhaeuser,Microllam,,,,,,,,,,,,,,,,,header|beam,R602.7,N,span|load|bearing_type|end_conditions,,,,,,,STOCK,,,
EWP-LVL-175X95-20,EWP-LVL-175X95-20-V1,engineered_wood,lvl,beam,beam,LVL 1-3/4x9-1/2 20',MIXED,,StructuralNoSub,,2.0E,,1.75,,9.5,240,,1-3/4x9-1/2,1.75x9.5,LF,EA,20,27.71,,,,,,,,,,,,,,Weyerhaeuser,Microllam,,,,,,,,,,,,,,,,,header|beam,R602.7,N,span|load|bearing_type|end_conditions,,,,,,,STOCK,,,
EWP-LVL-175X95-24,EWP-LVL-175X95-24-V1,engineered_wood,lvl,beam,beam,LVL 1-3/4x9-1/2 24',MIXED,,StructuralNoSub,,2.0E,,1.75,,9.5,288,,1-3/4x9-1/2,1.75x9.5,LF,EA,24,33.25,,,,,,,,,,,,,,Weyerhaeuser,Microllam,,,,,,,,,,,,,,,,,header|beam,R602.7,N,span|load|bearing_type|end_conditions,,,,,,,STOCK,,,
EWP-LVL-175X95-28,EWP-LVL-175X95-28-V1,engineered_wood,lvl,beam,beam,LVL 1-3/4x9-1/2 28',MIXED,,StructuralNoSub,,2.0E,,1.75,,9.5,336,,1-3/4x9-1/2,1.75x9.5,LF,EA,28,38.79,,,,,,,,,,,,,,Weyerhaeuser,Microllam,,,,,,,,,,,,,,,,,header|beam,R602.7,N,span|load|bearing_type|end_conditions,,,,,,,STOCK,,,
EWP-LVL-175X95-32,EWP-LVL-175X95-32-V1,engineered_wood,lvl,beam,beam,LVL 1-3/4x9-1/2 32',MIXED,,StructuralNoSub,,2.0E,,1.75,,9.5,384,,1-3/4x9-1/2,1.75x9.5,LF,EA,32,44.33,,,,,,,,,,,,,,Weyerhaeuser,Microllam,,,,,,,,,,,,,,,,,header|beam,R602.7,N,span|load|bearing_type|end_conditions,,,,,,,STOCK,,,
EWP-LVL-175X11875-20,EWP-LVL-175X11875-20-V1,engineered_wood,lvl,beam,beam,LVL 1-3/4x11-7/8 20',MIXED,,StructuralNoSub,,2.0E,,1.75,,11.875,240,,1-3/4x11-7/8,1.75x11.875,LF,EA,20,34.64,,,,,,,,,,,,,,Weyerhaeuser,Microllam,,,,,,,,,,,,,,,,,header|beam,R602.7,N,span|load|bearing_type|end_conditions,,,,,,,STOCK,,,
EWP-LVL-175X11875-24,EWP-LVL-175X11875-24-V1,engineered_wood,lvl,beam,beam,LVL 1-3/4x11-7/8 24',MIXED,,StructuralNoSub,,2.0E,,1.75,,11.875,288,,1-3/4x11-7/8,1.75x11.875,LF,EA,24,41.56,,,,,,,,,,,,,,Weyerhaeuser,Microllam,,,,,,,,,,,,,,,,,header|beam,R602.7,N,span|load|bearing_type|end_conditions,,,,,,,STOCK,,,
EWP-LVL-175X11875-28,EWP-LVL-175X11875-28-V1,engineered_wood,lvl,beam,beam,LVL 1-3/4x11-7/8 28',MIXED,,StructuralNoSub,,2.0E,,1.75,,11.875,336,,1-3/4x11-7/8,1.75x11.875,LF,EA,28,48.49,,,,,,,,,,,,,,Weyerhaeuser,Microllam,,,,,,,,,,,,,,,,,header|beam,R602.7,N,span|load|bearing_type|end_conditions,,,,,,,STOCK,,,
EWP-LVL-175X11875-32,EWP-LVL-175X11875-32-V1,engineered_wood,lvl,beam,beam,LVL 1-3/4x11-7/8 32',MIXED,,StructuralNoSub,,2.0E,,1.75,,11.875,384,,1-3/4x11-7/8,1.75x11.875,LF,EA,32,55.42,,,,,,,,,,,,,,Weyerhaeuser,Microllam,,,,,,,,,,,,,,,,,header|beam,R602.7,N,span|load|bearing_type|end_conditions,,,,,,,STOCK,,,
EWP-LVL-175X11875-40,EWP-LVL-175X11875-40-V1,engineered_wood,lvl,beam,beam,LVL 1-3/4x11-7/8 40',MIXED,,StructuralNoSub,,2.0E,,1.75,,11.875,480,,1-3/4x11-7/8,1.75x11.875,LF,EA,40,69.27,,,,,,,,,,,,,,Weyerhaeuser,Microllam,,,,,,,,,,,,,,,,,header|beam,R602.7,N,span|load|bearing_type|end_conditions,,,,,,,STOCK,,,
EWP-LVL-175X14-20,EWP-LVL-175X14-20-V1,engineered_wood,lvl,beam,beam,LVL 1-3/4x14 20',MIXED,,StructuralNoSub,,2.0E,,1.75,,14,240,,1-3/4x14,1.75x14,LF,EA,20,40.83,,,,,,,,,,,,,,Weyerhaeuser,Microllam,,,,,,,,,,,,,,,,,header|beam,R602.7,N,span|load|bearing_type|end_conditions,,,,,,,STOCK,,,
EWP-LVL-175X14-24,EWP-LVL-175X14-24-V1,engineered_wood,lvl,beam,beam,LVL 1-3/4x14 24',MIXED,,StructuralNoSub,,2.0E,,1.75,,14,288,,1-3/4x14,1.75x14,LF,EA,24,49,,,,,,,,,,,,,,Weyerhaeuser,Microllam,,,,,,,,,,,,,,,,,header|beam,R602.7,N,span|load|bearing_type|end_conditions,,,,,,,STOCK,,,
EWP-LVL-175X14-28,EWP-LVL-175X14-28-V1,engineered_wood,lvl,beam,beam,LVL 1-3/4x14 28',MIXED,,StructuralNoSub,,2.0E,,1.75,,14,336,,1-3/4x14,1.75x14,LF,EA,28,57.17,,,,,,,,,,,,,,Weyerhaeuser,Microllam,,,,,,,,,,,,,,,,,header|beam,R602.7,N,span|load|bearing_type|end_conditions,,,,,,,STOCK,,,
EWP-LVL-175X14-32,EWP-LVL-175X14-32-V1,engineered_wood,lvl,beam,beam,LVL 1-3/4x14 32',MIXED,,StructuralNoSub,,2.0E,,1.75,,14,384,,1-3/4x14,1.75x14,LF,EA,32,65.33,,,,,,,,,,,,,,Weyerhaeuser,Microllam,,,,,,,,,,,,,,,,,header|beam,R602.7,N,span|load|bearing_type|end_conditions,,,,,,,STOCK,,,
EWP-LVL-175X16-20,EWP-LVL-175X16-20-V1,engineered_wood,lvl,beam,beam,LVL 1-3/4x16 20',MIXED,,StructuralNoSub,,2.0E,,1.75,,16,240,,1-3/4x16,1.75x16,LF,EA,20,46.67,,,,,,,,,,,,,,Weyerhaeuser,Microllam,,,,,,,,,,,,,,,,,header|beam,R602.7,N,span|load|bearing_type|end_conditions,,,,,,,STOCK,,,
EWP-LVL-175X16-24,EWP-LVL-175X16-24-V1,engineered_wood,lvl,beam,beam,LVL 1-3/4x16 24',MIXED,,StructuralNoSub,,2.0E,,1.75,,16,288,,1-3/4x16,1.75x16,LF,EA,24,56,,,,,,,,,,,,,,Weyerhaeuser,Microllam,,,,,,,,,,,,,,,,,header|beam,R602.7,N,span|load|bearing_type|end_conditions,,,,,,,STOCK,,,
EWP-LVL-175X16-28,EWP-LVL-175X16-28-V1,engineered_wood,lvl,beam,beam,LVL 1-3/4x16 28',MIXED,,StructuralNoSub,,2.0E,,1.75,,16,336,,1-3/4x16,1.75x16,LF,EA,28,65.33,,,,,,,,,,,,,,Weyerhaeuser,Microllam,,,,,,,,,,,,,,,,,header|beam,R602.7,N,span|load|bearing_type|end_conditions,,,,,,,STOCK,,,
EWP-LVL-175X18-20,EWP-LVL-175X18-20-V1,engineered_wood,lvl,beam,beam,LVL 1-3/4x18 20',MIXED,,StructuralNoSub,,2.0E,,1.75,,18,240,,1-3/4x18,1.75x18,LF,EA,20,52.5,,,,,,,,,,,,,,Weyerhaeuser,Microllam,,,,,,,,,,,,,,,,,header|beam,R602.7,N,span|load|bearing_type|end_conditions,,,,,,,STOCK,,,
EWP-LVL-175X18-24,EWP-LVL-175X18-24-V1,engineered_wood,lvl,beam,beam,LVL 1-3/4x18 24',MIXED,,StructuralNoSub,,2.0E,,1.75,,18,288,,1-3/4x18,1.75x18,LF,EA,24,63,,,,,,,,,,,,,,Weyerhaeuser,Microllam,,,,,,,,,,,,,,,,,header|beam,R602.7,N,span|load|bearing_type|end_conditions,,,,,,,STOCK,,,
EWP-LVL-175X20-24,EWP-LVL-175X20-24-V1,engineered_wood,lvl,beam,beam,LVL 1-3/4x20 24',MIXED,,StructuralNoSub,,2.0E,,1.75,,20,288,,1-3/4x20,1.75x20,LF,EA,24,70,,,,,,,,,,,,,,Weyerhaeuser,Microllam,,,,,,,,,,,,,,,,,header|beam,R602.7,N,span|load|bearing_type|end_conditions,,,,,,,STOCK,,,
EWP-LVL-175X20-32,EWP-LVL-175X20-32-V1,engineered_wood,lvl,beam,beam,LVL 1-3/4x20 32',MIXED,,StructuralNoSub,,2.0E,,1.75,,20,384,,1-3/4x20,1.75x20,LF,EA,32,93.33,,,,,,,,,,,,,,Weyerhaeuser,Microllam,,,,,,,,,,,,,,,,,header|beam,R602.7,N,span|load|bearing_type|end_conditions,,,,,,,STOCK,,,
EWP-LVL-175X24-32,EWP-LVL-175X24-32-V1,engineered_wood,lvl,beam,beam,LVL 1-3/4x24 32',MIXED,,StructuralNoSub,,2.0E,,1.75,,24,384,,1-3/4x24,1.75x24,LF,EA,32,112,,,,,,,,,,,,,,Weyerhaeuser,Microllam,,,,,,,,,,,,,,,,,header|beam,R602.7,N,span|load|bearing_type|end_conditions,,,,,,,STOCK,,,
EWP-LVL-175X24-40,EWP-LVL-175X24-40-V1,engineered_wood,lvl,beam,beam,LVL 1-3/4x24 40',MIXED,,StructuralNoSub,,2.0E,,1.75,,24,480,,1-3/4x24,1.75x24,LF,EA,40,140,,,,,,,,,,,,,,Weyerhaeuser,Microllam,,,,,,,,,,,,,,,,,header|beam,R602.7,N,span|load|bearing_type|end_conditions,,,,,,,STOCK,,,
EWP-LVL-35X95-20,EWP-LVL-35X95-20-V1,engineered_wood,lvl,beam,beam,LVL 3-1/2x9-1/2 20',MIXED,,StructuralNoSub,,2.0E,,3.5,,9.5,240,,3-1/2x9-1/2,3.5x9.5,LF,EA,20,55.42,,,,,,,,,,,,,,Weyerhaeuser,Microllam,,,,,,,,,,,,,,,,,header|beam,R602.7,N,span|load|bearing_type|end_conditions,,,,,,,STOCK,,,Double ply
EWP-LVL-35X95-24,EWP-LVL-35X95-24-V1,engineered_wood,lvl,beam,beam,LVL 3-1/2x9-1/2 24',MIXED,,StructuralNoSub,,2.0E,,3.5,,9.5,288,,3-1/2x9-1/2,3.5x9.5,LF,EA,24,66.5,,,,,,,,,,,,,,Weyerhaeuser,Microllam,,,,,,,,,,,,,,,,,header|beam,R602.7,N,span|load|bearing_type|end_conditions,,,,,,,STOCK,,,Double ply
EWP-LVL-35X11875-20,EWP-LVL-35X11875-20-V1,engineered_wood,lvl,beam,beam,LVL 3-1/2x11-7/8 20',MIXED,,StructuralNoSub,,2.0E,,3.5,,11.875,240,,3-1/2x11-7/8,3.5x11.875,LF,EA,20,69.27,,,,,,,,,,,,,,Weyerhaeuser,Microllam,,,,,,,,,,,,,,,,,header|beam,R602.7,N,span|load|bearing_type|end_conditions,,,,,,,STOCK,,,Double ply
EWP-LVL-35X11875-24,EWP-LVL-35X11875-24-V1,engineered_wood,lvl,beam,beam,LVL 3-1/2x11-7/8 24',MIXED,,StructuralNoSub,,2.0E,,3.5,,11.875,288,,3-1/2x11-7/8,3.5x11.875,LF,EA,24,83.12,,,,,,,,,,,,,,Weyerhaeuser,Microllam,,,,,,,,,,,,,,,,,header|beam,R602.7,N,span|load|bearing_type|end_conditions,,,,,,,STOCK,,,Double ply
EWP-LVL-35X11875-28,EWP-LVL-35X11875-28-V1,engineered_wood,lvl,beam,beam,LVL 3-1/2x11-7/8 28',MIXED,,StructuralNoSub,,2.0E,,3.5,,11.875,336,,3-1/2x11-7/8,3.5x11.875,LF,EA,28,96.98,,,,,,,,,,,,,,Weyerhaeuser,Microllam,,,,,,,,,,,,,,,,,header|beam,R602.7,N,span|load|bearing_type|end_conditions,,,,,,,STOCK,,,Double ply
EWP-LVL-35X14-20,EWP-LVL-35X14-20-V1,engineered_wood,lvl,beam,beam,LVL 3-1/2x14 20',MIXED,,StructuralNoSub,,2.0E,,3.5,,14,240,,3-1/2x14,3.5x14,LF,EA,20,81.67,,,,,,,,,,,,,,Weyerhaeuser,Microllam,,,,,,,,,,,,,,,,,header|beam,R602.7,N,span|load|bearing_type|end_conditions,,,,,,,STOCK,,,Double ply
EWP-LVL-35X14-24,EWP-LVL-35X14-24-V1,engineered_wood,lvl,beam,beam,LVL 3-1/2x14 24',MIXED,,StructuralNoSub,,2.0E,,3.5,,14,288,,3-1/2x14,3.5x14,LF,EA,24,98,,,,,,,,,,,,,,Weyerhaeuser,Microllam,,,,,,,,,,,,,,,,,header|beam,R602.7,N,span|load|bearing_type|end_conditions,,,,,,,STOCK,,,Double ply
EWP-LVL-525X11875-20,EWP-LVL-525X11875-20-V1,engineered_wood,lvl,beam,beam,LVL 5-1/4x11-7/8 20',MIXED,,StructuralNoSub,,2.0E,,5.25,,11.875,240,,5-1/4x11-7/8,5.25x11.875,LF,EA,20,103.91,,,,,,,,,,,,,,Weyerhaeuser,Microllam,,,,,,,,,,,,,,,,,header|beam,R602.7,N,span|load|bearing_type|end_conditions,,,,,,,STOCK,,,Triple ply
EWP-LVL-525X11875-24,EWP-LVL-525X11875-24-V1,engineered_wood,lvl,beam,beam,LVL 5-1/4x11-7/8 24',MIXED,,StructuralNoSub,,2.0E,,5.25,,11.875,288,,5-1/4x11-7/8,5.25x11.875,LF,EA,24,124.69,,,,,,,,,,,,,,Weyerhaeuser,Microllam,,,,,,,,,,,,,,,,,header|beam,R602.7,N,span|load|bearing_type|end_conditions,,,,,,,STOCK,,,Triple ply
EWP-IJOIST-95-150-20,EWP-IJOIST-95-150-20-V1,engineered_wood,i_joist,floor_joist,joist,I-Joist 9-1/2 TJI150 20',ENG,,StructuralNoSub,,,,1.75,,9.5,240,,9-1/2,1.75x9.5,LF,EA,20,,,,,,,,,,,,,,,Weyerhaeuser,TJI150,,,,,,,,,,,,,,,,,floor_joist,R502.1.4,N,span|load|bearing_type|end_conditions,,,,,,,STOCK,,,
EWP-IJOIST-95-150-24,EWP-IJOIST-95-150-24-V1,engineered_wood,i_joist,floor_joist,joist,I-Joist 9-1/2 TJI150 24',ENG,,StructuralNoSub,,,,1.75,,9.5,288,,9-1/2,1.75x9.5,LF,EA,24,,,,,,,,,,,,,,,Weyerhaeuser,TJI150,,,,,,,,,,,,,,,,,floor_joist,R502.1.4,N,span|load|bearing_type|end_conditions,,,,,,,STOCK,,,
EWP-IJOIST-95-150-28,EWP-IJOIST-95-150-28-V1,engineered_wood,i_joist,floor_joist,joist,I-Joist 9-1/2 TJI150 28',ENG,,StructuralNoSub,,,,1.75,,9.5,336,,9-1/2,1.75x9.5,LF,EA,28,,,,,,,,,,,,,,,Weyerhaeuser,TJI150,,,,,,,,,,,,,,,,,floor_joist,R502.1.4,N,span|load|bearing_type|end_conditions,,,,,,,STOCK,,,
EWP-IJOIST-11875-210-20,EWP-IJOIST-11875-210-20-V1,engineered_wood,i_joist,floor_joist,joist,I-Joist 11-7/8 TJI210 20',ENG,,StructuralNoSub,,,,1.75,,11.875,240,,11-7/8,1.75x11.875,LF,EA,20,,,,,,,,,,,,,,,Weyerhaeuser,TJI210,,,,,,,,,,,,,,,,,floor_joist,R502.1.4,N,span|load|bearing_type|end_conditions,,,,,,,STOCK,,,Most common residential
EWP-IJOIST-11875-210-24,EWP-IJOIST-11875-210-24-V1,engineered_wood,i_joist,floor_joist,joist,I-Joist 11-7/8 TJI210 24',ENG,,StructuralNoSub,,,,1.75,,11.875,288,,11-7/8,1.75x11.875,LF,EA,24,,,,,,,,,,,,,,,Weyerhaeuser,TJI210,,,,,,,,,,,,,,,,,floor_joist,R502.1.4,N,span|load|bearing_type|end_conditions,,,,,,,STOCK,,,Most common residential
EWP-IJOIST-11875-210-28,EWP-IJOIST-11875-210-28-V1,engineered_wood,i_joist,floor_joist,joist,I-Joist 11-7/8 TJI210 28',ENG,,StructuralNoSub,,,,1.75,,11.875,336,,11-7/8,1.75x11.875,LF,EA,28,,,,,,,,,,,,,,,Weyerhaeuser,TJI210,,,,,,,,,,,,,,,,,floor_joist,R502.1.4,N,span|load|bearing_type|end_conditions,,,,,,,STOCK,,,Most common residential
EWP-IJOIST-11875-210-32,EWP-IJOIST-11875-210-32-V1,engineered_wood,i_joist,floor_joist,joist,I-Joist 11-7/8 TJI210 32',ENG,,StructuralNoSub,,,,1.75,,11.875,384,,11-7/8,1.75x11.875,LF,EA,32,,,,,,,,,,,,,,,Weyerhaeuser,TJI210,,,,,,,,,,,,,,,,,floor_joist,R502.1.4,N,span|load|bearing_type|end_conditions,,,,,,,STOCK,,,Most common residential
EWP-IJOIST-11875-210-36,EWP-IJOIST-11875-210-36-V1,engineered_wood,i_joist,floor_joist,joist,I-Joist 11-7/8 TJI210 36',ENG,,StructuralNoSub,,,,1.75,,11.875,432,,11-7/8,1.75x11.875,LF,EA,36,,,,,,,,,,,,,,,Weyerhaeuser,TJI210,,,,,,,,,,,,,,,,,floor_joist,R502.1.4,N,span|load|bearing_type|end_conditions,,,,,,,STOCK,,,Most common residential
EWP-IJOIST-11875-210-40,EWP-IJOIST-11875-210-40-V1,engineered_wood,i_joist,floor_joist,joist,I-Joist 11-7/8 TJI210 40',ENG,,StructuralNoSub,,,,1.75,,11.875,480,,11-7/8,1.75x11.875,LF,EA,40,,,,,,,,,,,,,,,Weyerhaeuser,TJI210,,,,,,,,,,,,,,,,,floor_joist,R502.1.4,N,span|load|bearing_type|end_conditions,,,,,,,STOCK,,,Most common residential
EWP-IJOIST-14-230-24,EWP-IJOIST-14-230-24-V1,engineered_wood,i_joist,floor_joist,joist,I-Joist 14 TJI230 24',ENG,,StructuralNoSub,,,,1.75,,14,288,,14,1.75x14,LF,EA,24,,,,,,,,,,,,,,,Weyerhaeuser,TJI230,,,,,,,,,,,,,,,,,floor_joist,R502.1.4,N,span|load|bearing_type|end_conditions,,,,,,,STOCK,,,
EWP-IJOIST-14-230-28,EWP-IJOIST-14-230-28-V1,engineered_wood,i_joist,floor_joist,joist,I-Joist 14 TJI230 28',ENG,,StructuralNoSub,,,,1.75,,14,336,,14,1.75x14,LF,EA,28,,,,,,,,,,,,,,,Weyerhaeuser,TJI230,,,,,,,,,,,,,,,,,floor_joist,R502.1.4,N,span|load|bearing_type|end_conditions,,,,,,,STOCK,,,
EWP-IJOIST-14-230-32,EWP-IJOIST-14-230-32-V1,engineered_wood,i_joist,floor_joist,joist,I-Joist 14 TJI230 32',ENG,,StructuralNoSub,,,,1.75,,14,384,,14,1.75x14,LF,EA,32,,,,,,,,,,,,,,,Weyerhaeuser,TJI230,,,,,,,,,,,,,,,,,floor_joist,R502.1.4,N,span|load|bearing_type|end_conditions,,,,,,,STOCK,,,
EWP-IJOIST-14-230-40,EWP-IJOIST-14-230-40-V1,engineered_wood,i_joist,floor_joist,joist,I-Joist 14 TJI230 40',ENG,,StructuralNoSub,,,,1.75,,14,480,,14,1.75x14,LF,EA,40,,,,,,,,,,,,,,,Weyerhaeuser,TJI230,,,,,,,,,,,,,,,,,floor_joist,R502.1.4,N,span|load|bearing_type|end_conditions,,,,,,,STOCK,,,
EWP-IJOIST-16-360-28,EWP-IJOIST-16-360-28-V1,engineered_wood,i_joist,floor_joist,joist,I-Joist 16 TJI360 28',ENG,,StructuralNoSub,,,,1.75,,16,336,,16,1.75x16,LF,EA,28,,,,,,,,,,,,,,,Weyerhaeuser,TJI360,,,,,,,,,,,,,,,,,floor_joist,R502.1.4,N,span|load|bearing_type|end_conditions,,,,,,,STOCK,,,
EWP-IJOIST-16-360-32,EWP-IJOIST-16-360-32-V1,engineered_wood,i_joist,floor_joist,joist,I-Joist 16 TJI360 32',ENG,,StructuralNoSub,,,,1.75,,16,384,,16,1.75x16,LF,EA,32,,,,,,,,,,,,,,,Weyerhaeuser,TJI360,,,,,,,,,,,,,,,,,floor_joist,R502.1.4,N,span|load|bearing_type|end_conditions,,,,,,,STOCK,,,
EWP-IJOIST-16-360-40,EWP-IJOIST-16-360-40-V1,engineered_wood,i_joist,floor_joist,joist,I-Joist 16 TJI360 40',ENG,,StructuralNoSub,,,,1.75,,16,480,,16,1.75x16,LF,EA,40,,,,,,,,,,,,,,,Weyerhaeuser,TJI360,,,,,,,,,,,,,,,,,floor_joist,R502.1.4,N,span|load|bearing_type|end_conditions,,,,,,,STOCK,,,
EWP-IJOIST-16-560-40,EWP-IJOIST-16-560-40-V1,engineered_wood,i_joist,floor_joist,joist,I-Joist 16 TJI560 40',ENG,,StructuralNoSub,,,,1.75,,16,480,,16,1.75x16,LF,EA,40,,,,,,,,,,,,,,,Weyerhaeuser,TJI560,,,,,,,,,,,,,,,,,floor_joist|commercial,R502.1.4,N,span|load|bearing_type|end_conditions,,,,,,,STOCK,,,
EWP-IJOIST-18-560-40,EWP-IJOIST-18-560-40-V1,engineered_wood,i_joist,floor_joist,joist,I-Joist 18 TJI560 40',ENG,,StructuralNoSub,,,,1.75,,18,480,,18,1.75x18,LF,EA,40,,,,,,,,,,,,,,,Weyerhaeuser,TJI560,,,,,,,,,,,,,,,,,floor_joist|commercial,R502.1.4,N,span|load|bearing_type|end_conditions,,,,,,,STOCK,,,
EWP-IJOIST-20-560-48,EWP-IJOIST-20-560-48-V1,engineered_wood,i_joist,floor_joist,joist,I-Joist 20 TJI560 48',ENG,,StructuralNoSub,,,,1.75,,20,576,,20,1.75x20,LF,EA,48,,,,,,,,,,,,,,,Weyerhaeuser,TJI560,,,,,,,,,,,,,,,,,floor_joist|commercial,R502.1.4,N,span|load|bearing_type|end_conditions,,,,,,,STOCK,,,
EWP-RIM-112X95-20,EWP-RIM-112X95-20-V1,engineered_wood,rim_board,rim,rim,Rim Board 1-1/8x9-1/2 20',ENG,,StructuralNoSub,,,,1.125,,9.5,240,,1-1/8x9-1/2,1.125x9.5,LF,EA,20,,,,,,,,,,,,,,,Weyerhaeuser,,,,,,,,,,,,,,,,,,rim_board|band_joist,R502.1.4,N,span|load|bearing_type|end_conditions,,,,,,,STOCK,,,Match to I-joist depth
EWP-RIM-112X95-40,EWP-RIM-112X95-40-V1,engineered_wood,rim_board,rim,rim,Rim Board 1-1/8x9-1/2 40',ENG,,StructuralNoSub,,,,1.125,,9.5,480,,1-1/8x9-1/2,1.125x9.5,LF,EA,40,,,,,,,,,,,,,,,Weyerhaeuser,,,,,,,,,,,,,,,,,,rim_board|band_joist,R502.1.4,N,span|load|bearing_type|end_conditions,,,,,,,STOCK,,,Match to I-joist depth
EWP-RIM-125X95-20,EWP-RIM-125X95-20-V1,engineered_wood,rim_board,rim,rim,Rim Board 1-1/4x9-1/2 20',ENG,,StructuralNoSub,,,,1.25,,9.5,240,,1-1/4x9-1/2,1.25x9.5,LF,EA,20,,,,,,,,,,,,,,,Weyerhaeuser,,,,,,,,,,,,,,,,,,rim_board|band_joist,R502.1.4,N,span|load|bearing_type|end_conditions,,,,,,,STOCK,,,Match to I-joist depth
EWP-RIM-125X95-40,EWP-RIM-125X95-40-V1,engineered_wood,rim_board,rim,rim,Rim Board 1-1/4x9-1/2 40',ENG,,StructuralNoSub,,,,1.25,,9.5,480,,1-1/4x9-1/2,1.25x9.5,LF,EA,40,,,,,,,,,,,,,,,Weyerhaeuser,,,,,,,,,,,,,,,,,,rim_board|band_joist,R502.1.4,N,span|load|bearing_type|end_conditions,,,,,,,STOCK,,,Match to I-joist depth
EWP-RIM-112X11875-20,EWP-RIM-112X11875-20-V1,engineered_wood,rim_board,rim,rim,Rim Board 1-1/8x11-7/8 20',ENG,,StructuralNoSub,,,,1.125,,11.875,240,,1-1/8x11-7/8,1.125x11.875,LF,EA,20,,,,,,,,,,,,,,,Weyerhaeuser,,,,,,,,,,,,,,,,,,rim_board|band_joist,R502.1.4,N,span|load|bearing_type|end_conditions,,,,,,,STOCK,,,Match to I-joist depth
EWP-RIM-112X11875-40,EWP-RIM-112X11875-40-V1,engineered_wood,rim_board,rim,rim,Rim Board 1-1/8x11-7/8 40',ENG,,StructuralNoSub,,,,1.125,,11.875,480,,1-1/8x11-7/8,1.125x11.875,LF,EA,40,,,,,,,,,,,,,,,Weyerhaeuser,,,,,,,,,,,,,,,,,,rim_board|band_joist,R502.1.4,N,span|load|bearing_type|end_conditions,,,,,,,STOCK,,,Match to I-joist depth
EWP-RIM-125X11875-20,EWP-RIM-125X11875-20-V1,engineered_wood,rim_board,rim,rim,Rim Board 1-1/4x11-7/8 20',ENG,,StructuralNoSub,,,,1.25,,11.875,240,,1-1/4x11-7/8,1.25x11.875,LF,EA,20,,,,,,,,,,,,,,,Weyerhaeuser,,,,,,,,,,,,,,,,,,rim_board|band_joist,R502.1.4,N,span|load|bearing_type|end_conditions,,,,,,,STOCK,,,Match to I-joist depth
EWP-RIM-125X11875-40,EWP-RIM-125X11875-40-V1,engineered_wood,rim_board,rim,rim,Rim Board 1-1/4x11-7/8 40',ENG,,StructuralNoSub,,,,1.25,,11.875,480,,1-1/4x11-7/8,1.25x11.875,LF,EA,40,,,,,,,,,,,,,,,Weyerhaeuser,,,,,,,,,,,,,,,,,,rim_board|band_joist,R502.1.4,N,span|load|bearing_type|end_conditions,,,,,,,STOCK,,,Match to I-joist depth
EWP-RIM-112X14-20,EWP-RIM-112X14-20-V1,engineered_wood,rim_board,rim,rim,Rim Board 1-1/8x14 20',ENG,,StructuralNoSub,,,,1.125,,14,240,,1-1/8x14,1.125x14,LF,EA,20,,,,,,,,,,,,,,,Weyerhaeuser,,,,,,,,,,,,,,,,,,rim_board|band_joist,R502.1.4,N,span|load|bearing_type|end_conditions,,,,,,,STOCK,,,Match to I-joist depth
EWP-RIM-112X14-40,EWP-RIM-112X14-40-V1,engineered_wood,rim_board,rim,rim,Rim Board 1-1/8x14 40',ENG,,StructuralNoSub,,,,1.125,,14,480,,1-1/8x14,1.125x14,LF,EA,40,,,,,,,,,,,,,,,Weyerhaeuser,,,,,,,,,,,,,,,,,,rim_board|band_joist,R502.1.4,N,span|load|bearing_type|end_conditions,,,,,,,STOCK,,,Match to I-joist depth
EWP-RIM-125X14-20,EWP-RIM-125X14-20-V1,engineered_wood,rim_board,rim,rim,Rim Board 1-1/4x14 20',ENG,,StructuralNoSub,,,,1.25,,14,240,,1-1/4x14,1.25x14,LF,EA,20,,,,,,,,,,,,,,,Weyerhaeuser,,,,,,,,,,,,,,,,,,rim_board|band_joist,R502.1.4,N,span|load|bearing_type|end_conditions,,,,,,,STOCK,,,Match to I-joist depth
EWP-RIM-125X14-40,EWP-RIM-125X14-40-V1,engineered_wood,rim_board,rim,rim,Rim Board 1-1/4x14 40',ENG,,StructuralNoSub,,,,1.25,,14,480,,1-1/4x14,1.25x14,LF,EA,40,,,,,,,,,,,,,,,Weyerhaeuser,,,,,,,,,,,,,,,,,,rim_board|band_joist,R502.1.4,N,span|load|bearing_type|end_conditions,,,,,,,STOCK,,,Match to I-joist depth
EWP-WEBSTIFF-95,EWP-WEBSTIFF-95-V1,engineered_wood,i_joist_acc,webstiff,accessory,Web Stiffener 9-1/2,ENG,,StructuralNoSub,,,,,,,,,9-1/2,,EA,EA,,,,,,,,,,,,,,,,Weyerhaeuser,,,,,,,,,,,,,,,,,,i_joist_accessory,R502.1.4,N,span|load|bearing_type|end_conditions,,,,,,,STOCK,,,Point load support
EWP-SQUASH-95,EWP-SQUASH-95-V1,engineered_wood,i_joist_acc,squash,accessory,Squash Block 9-1/2,ENG,,StructuralNoSub,,,,,,,,,9-1/2,,EA,EA,,,,,,,,,,,,,,,,Weyerhaeuser,,,,,,,,,,,,,,,,,,i_joist_accessory|bearing,R502.1.4,N,span|load|bearing_type|end_conditions,,,,,,,STOCK,,,Bearing point support
EWP-FILLER-95,EWP-FILLER-95-V1,engineered_wood,i_joist_acc,filler,accessory,Filler Block 9-1/2,ENG,,StructuralNoSub,,,,,,,,,9-1/2,,EA,EA,,,,,,,,,,,,,,,,Weyerhaeuser,,,,,,,,,,,,,,,,,,i_joist_accessory,R502.1.4,N,span|load|bearing_type|end_conditions,,,,,,,STOCK,,,Blocking
EWP-WEBSTIFF-11875,EWP-WEBSTIFF-11875-V1,engineered_wood,i_joist_acc,webstiff,accessory,Web Stiffener 11-7/8,ENG,,StructuralNoSub,,,,,,,,,11-7/8,,EA,EA,,,,,,,,,,,,,,,,Weyerhaeuser,,,,,,,,,,,,,,,,,,i_joist_accessory,R502.1.4,N,span|load|bearing_type|end_conditions,,,,,,,STOCK,,,Point load support
EWP-SQUASH-11875,EWP-SQUASH-11875-V1,engineered_wood,i_joist_acc,squash,accessory,Squash Block 11-7/8,ENG,,StructuralNoSub,,,,,,,,,11-7/8,,EA,EA,,,,,,,,,,,,,,,,Weyerhaeuser,,,,,,,,,,,,,,,,,,i_joist_accessory|bearing,R502.1.4,N,span|load|bearing_type|end_conditions,,,,,,,STOCK,,,Bearing point support
EWP-FILLER-11875,EWP-FILLER-11875-V1,engineered_wood,i_joist_acc,filler,accessory,Filler Block 11-7/8,ENG,,StructuralNoSub,,,,,,,,,11-7/8,,EA,EA,,,,,,,,,,,,,,,,Weyerhaeuser,,,,,,,,,,,,,,,,,,i_joist_accessory,R502.1.4,N,span|load|bearing_type|end_conditions,,,,,,,STOCK,,,Blocking
EWP-WEBSTIFF-14,EWP-WEBSTIFF-14-V1,engineered_wood,i_joist_acc,webstiff,accessory,Web Stiffener 14,ENG,,StructuralNoSub,,,,,,,,,14,,EA,EA,,,,,,,,,,,,,,,,Weyerhaeuser,,,,,,,,,,,,,,,,,,i_joist_accessory,R502.1.4,N,span|load|bearing_type|end_conditions,,,,,,,STOCK,,,Point load support
EWP-SQUASH-14,EWP-SQUASH-14-V1,engineered_wood,i_joist_acc,squash,accessory,Squash Block 14,ENG,,StructuralNoSub,,,,,,,,,14,,EA,EA,,,,,,,,,,,,,,,,Weyerhaeuser,,,,,,,,,,,,,,,,,,i_joist_accessory|bearing,R502.1.4,N,span|load|bearing_type|end_conditions,,,,,,,STOCK,,,Bearing point support
EWP-FILLER-14,EWP-FILLER-14-V1,engineered_wood,i_joist_acc,filler,accessory,Filler Block 14,ENG,,StructuralNoSub,,,,,,,,,14,,EA,EA,,,,,,,,,,,,,,,,Weyerhaeuser,,,,,,,,,,,,,,,,,,i_joist_accessory,R502.1.4,N,span|load|bearing_type|end_conditions,,,,,,,STOCK,,,Blocking
EWP-LSL-2X6-9,EWP-LSL-2X6-9-V1,engineered_wood,lsl,stud,stud,LSL 2x6 Stud 9',ENG,,StructuralNoSub,,1.55E,KD,1.5,5.5,,108,,2x6,1.5x5.5,EA,EA,9,,,,,,,,,,,,,,,LP,SolidStart,,,,,,,,,,,,,,,,,wall_stud|tall_wall,R602.3,N,span|load|bearing_type|end_conditions,,,,,,,STOCK,,,Premium straightness
EWP-LSL-2X6-10,EWP-LSL-2X6-10-V1,engineered_wood,lsl,stud,stud,LSL 2x6 Stud 10',ENG,,StructuralNoSub,,1.55E,KD,1.5,5.5,,120,,2x6,1.5x5.5,EA,EA,10,,,,,,,,,,,,,,,LP,SolidStart,,,,,,,,,,,,,,,,,wall_stud|tall_wall,R602.3,N,span|load|bearing_type|end_conditions,,,,,,,STOCK,,,Premium straightness
EWP-LSL-2X6-12,EWP-LSL-2X6-12-V1,engineered_wood,lsl,stud,stud,LSL 2x6 Stud 12',ENG,,StructuralNoSub,,1.55E,KD,1.5,5.5,,144,,2x6,1.5x5.5,EA,EA,12,,,,,,,,,,,,,,,LP,SolidStart,,,,,,,,,,,,,,,,,wall_stud|tall_wall,R602.3,N,span|load|bearing_type|end_conditions,,,,,,,STOCK,,,Premium straightness
EWP-PSL-35X925-20,EWP-PSL-35X925-20-V1,engineered_wood,psl,beam,beam,PSL 3-1/2x9-1/4 20',ENG,,StructuralNoSub,,2.2E,,3.5,,9.25,240,,3-1/2x9-1/4,3.5x9.25,LF,EA,20,,,,,,,,,,,,,,,Weyerhaeuser,Parallam,,,,,,,,,,,,,,,,,beam|header|column,R602.7,N,span|load|bearing_type|end_conditions,,,,,,,STOCK,,,Higher strength than LVL
EWP-PSL-35X925-24,EWP-PSL-35X925-24-V1,engineered_wood,psl,beam,beam,PSL 3-1/2x9-1/4 24',ENG,,StructuralNoSub,,2.2E,,3.5,,9.25,288,,3-1/2x9-1/4,3.5x9.25,LF,EA,24,,,,,,,,,,,,,,,Weyerhaeuser,Parallam,,,,,,,,,,,,,,,,,beam|header|column,R602.7,N,span|load|bearing_type|end_conditions,,,,,,,STOCK,,,Higher strength than LVL
EWP-PSL-35X1125-20,EWP-PSL-35X1125-20-V1,engineered_wood,psl,beam,beam,PSL 3-1/2x11-1/4 20',ENG,,StructuralNoSub,,2.2E,,3.5,,11.25,240,,3-1/2x11-1/4,3.5x11.25,LF,EA,20,,,,,,,,,,,,,,,Weyerhaeuser,Parallam,,,,,,,,,,,,,,,,,beam|header|column,R602.7,N,span|load|bearing_type|end_conditions,,,,,,,STOCK,,,Higher strength than LVL
EWP-PSL-35X1125-24,EWP-PSL-35X1125-24-V1,engineered_wood,psl,beam,beam,PSL 3-1/2x11-1/4 24',ENG,,StructuralNoSub,,2.2E,,3.5,,11.25,288,,3-1/2x11-1/4,3.5x11.25,LF,EA,24,,,,,,,,,,,,,,,Weyerhaeuser,Parallam,,,,,,,,,,,,,,,,,beam|header|column,R602.7,N,span|load|bearing_type|end_conditions,,,,,,,STOCK,,,Higher strength than LVL
EWP-PSL-35X35-COL-8,EWP-PSL-35X35-COL-8-V1,engineered_wood,psl,column,column,PSL 3-1/2x3-1/2 Column 8',ENG,,StructuralNoSub,,2.2E,,3.5,3.5,3.5,96,,3-1/2x3-1/2,3.5x3.5,LF,EA,8,,,,,,,,,,,,,,,Weyerhaeuser,Parallam,,,,,,,,,,,,,,,,,column|post,R602.7,N,span|load|bearing_type|end_conditions,,,,,,,STOCK,,,
EWP-PSL-35X35-COL-10,EWP-PSL-35X35-COL-10-V1,engineered_wood,psl,column,column,PSL 3-1/2x3-1/2 Column 10',ENG,,StructuralNoSub,,2.2E,,3.5,3.5,3.5,120,,3-1/2x3-1/2,3.5x3.5,LF,EA,10,,,,,,,,,,,,,,,Weyerhaeuser,Parallam,,,,,,,,,,,,,,,,,column|post,R602.7,N,span|load|bearing_type|end_conditions,,,,,,,STOCK,,,
EWP-PSL-525X525-COL-8,EWP-PSL-525X525-COL-8-V1,engineered_wood,psl,column,column,PSL 5-1/4x5-1/4 Column 8',ENG,,StructuralNoSub,,2.2E,,5.25,5.25,5.25,96,,5-1/4x5-1/4,5.25x5.25,LF,EA,8,,,,,,,,,,,,,,,Weyerhaeuser,Parallam,,,,,,,,,,,,,,,,,column|post,R602.7,N,span|load|bearing_type|end_conditions,,,,,,,STOCK,,,Heavy duty
EWP-PSL-525X525-COL-10,EWP-PSL-525X525-COL-10-V1,engineered_wood,psl,column,column,PSL 5-1/4x5-1/4 Column 10',ENG,,StructuralNoSub,,2.2E,,5.25,5.25,5.25,120,,5-1/4x5-1/4,5.25x5.25,LF,EA,10,,,,,,,,,,,,,,,Weyerhaeuser,Parallam,,,,,,,,,,,,,,,,,column|post,R602.7,N,span|load|bearing_type|end_conditions,,,,,,,STOCK,,,Heavy duty
EWP-GLULAM-3125X9-STK,EWP-GLULAM-3125X9-STK-V1,engineered_wood,glulam,stock_beam,beam,Glulam 3-1/8x9 Stock,DF,,StructuralNoSub,,24F-V4,,3.125,,9,,,3-1/8x9,3.125x9,LF,EA,,,,,,,,,,,,,,,,Boise Cascade,24F-V4,,,,,,,,,,,,,,,,,beam|header|ridge,R602.7,Y,"span,load",,,,,,,STOCK,,,Stock lengths 8-24ft
EWP-GLULAM-3125X105-STK,EWP-GLULAM-3125X105-STK-V1,engineered_wood,glulam,stock_beam,beam,Glulam 3-1/8x10-1/2 Stock,DF,,StructuralNoSub,,24F-V4,,3.125,,10.5,,,3-1/8x10-1/2,3.125x10.5,LF,EA,,,,,,,,,,,,,,,,Boise Cascade,24F-V4,,,,,,,,,,,,,,,,,beam|header|ridge,R602.7,Y,"span,load",,,,,,,STOCK,,,Stock lengths 8-24ft
EWP-GLULAM-3125X12-STK,EWP-GLULAM-3125X12-STK-V1,engineered_wood,glulam,stock_beam,beam,Glulam 3-1/8x12 Stock,DF,,StructuralNoSub,,24F-V4,,3.125,,12,,,3-1/8x12,3.125x12,LF,EA,,,,,,,,,,,,,,,,Boise Cascade,24F-V4,,,,,,,,,,,,,,,,,beam|header|ridge,R602.7,Y,"span,load",,,,,,,STOCK,,,Stock lengths 8-24ft
EWP-GLULAM-5125X9-STK,EWP-GLULAM-5125X9-STK-V1,engineered_wood,glulam,stock_beam,beam,Glulam 5-1/8x9 Stock,DF,,StructuralNoSub,,24F-V4,,5.125,,9,,,5-1/8x9,5.125x9,LF,EA,,,,,,,,,,,,,,,,Boise Cascade,24F-V4,,,,,,,,,,,,,,,,,beam|girder,R602.7,Y,"span,load",,,,,,,STOCK,,,Stock lengths 8-24ft
EWP-GLULAM-5125X12-STK,EWP-GLULAM-5125X12-STK-V1,engineered_wood,glulam,stock_beam,beam,Glulam 5-1/8x12 Stock,DF,,StructuralNoSub,,24F-V4,,5.125,,12,,,5-1/8x12,5.125x12,LF,EA,,,,,,,,,,,,,,,,Boise Cascade,24F-V4,,,,,,,,,,,,,,,,,beam|girder,R602.7,Y,"span,load",,,,,,,STOCK,,,Stock lengths 8-24ft
EWP-TRUSS-ROOF-CUSTOM,EWP-TRUSS-ROOF-CUSTOM-V1,engineered_wood,trusses,roof_truss,truss,Roof Truss Custom,Various,,StructuralNoSub,,Custom,,,,,,,Custom,Custom,EA,EA,,,,,,,,,,,,,,,,Local Truss Plant,Custom,,,,,,,,,,,,,,,,,roof_framing,R802.10,Y,"span,pitch,load,overhang,bearing",,,,,,,STOCK,,,Shop drawing required
EWP-TRUSS-FLOOR-CUSTOM,EWP-TRUSS-FLOOR-CUSTOM-V1,engineered_wood,trusses,floor_truss,truss,Floor Truss Custom,Various,,StructuralNoSub,,Custom,,,,,,,Custom,Custom,EA,EA,,,,,,,,,,,,,,,,Local Truss Plant,Custom,,,,,,,,,,,,,,,,,floor_framing,R502.11,Y,"span,depth,load,bearing",,,,,,,STOCK,,,Shop drawing required
PAN-OSB-716-48X96-WALL,PAN-OSB-716-48X96-WALL-V1,structural_panels,osb,wall_sheathing,sheathing,OSB 7/16 4x8 Wall,MIXED,,EquivalentOnlySameSpec,Structural-1,,,0.4375,,,,,7/16,0.4375,SF,SHT,,,32,32.0,,,,,,48,96,24/16,EXP1,SQ,PS2,,,,,,,,,,,,,,,,,,,wall_sheathing,R602.10.4,N,,,,,,,,STOCK,,,Most common wall sheathing
PAN-OSB-716-48X108-WALL-9FT,PAN-OSB-716-48X108-WALL-9FT-V1,structural_panels,osb,wall_sheathing,sheathing,OSB 7/16 4x9 Wall,MIXED,,EquivalentOnlySameSpec,Structural-1,,,0.4375,,,,,7/16,0.4375,SF,SHT,,,36,36.0,,,,,,48,108,24/16,EXP1,SQ,PS2,,,,,,,,,,,,,,,,,,,wall_sheathing|9ft_wall,R602.10.4,N,,,,,,,,STOCK,,,
PAN-OSB-716-48X120-WALL-10FT,PAN-OSB-716-48X120-WALL-10FT-V1,structural_panels,osb,wall_sheathing,sheathing,OSB 7/16 4x10 Wall,MIXED,,EquivalentOnlySameSpec,Structural-1,,,0.4375,,,,,7/16,0.4375,SF,SHT,,,40,40.0,,,,,,48,120,24/16,EXP1,SQ,PS2,,,,,,,,,,,,,,,,,,,wall_sheathing|10ft_wall,R602.10.4,N,,,,,,,,STOCK,,,
PAN-OSB-1532-48X96-WALL,PAN-OSB-1532-48X96-WALL-V1,structural_panels,osb,wall_sheathing,sheathing,OSB 15/32 4x8 Wall,MIXED,,EquivalentOnlySameSpec,Structural-1,,,0.4688,,,,,15/32,0.46875,SF,SHT,,,32,32.0,,,,,,48,96,32/16,EXP1,SQ,PS2,,,,,,,,,,,,,,,,,,,wall_sheathing,R602.10.4,N,,,,,,,,STOCK,,,
PAN-OSB-1532-48X96-ROOF,PAN-OSB-1532-48X96-ROOF-V1,structural_panels,osb,roof_sheathing,sheathing,OSB 15/32 4x8 Roof,MIXED,,EquivalentOnlySameSpec,Structural-1,,,0.4688,,,,,15/32,0.46875,SF,SHT,,,32,32.0,,,,,,48,96,32/16,EXP1,SQ,PS2,,,,,,,,,,,,,,,,,,,roof_sheathing,R803.1,N,,,,,,,,STOCK,,,
PAN-OSB-1932-48X96-SUB-SQ,PAN-OSB-1932-48X96-SUB-SQ-V1,structural_panels,osb,subfloor,sheathing,OSB 19/32 4x8 Subfloor SQ,MIXED,,EquivalentOnlySameSpec,Structural-1,,,0.5938,,,,,19/32,0.59375,SF,SHT,,,32,32.0,,,,,,48,96,40/20,EXP1,SQ,PS2,,,,,,,,,,,,,,,,,,,subfloor,R503.2.1,N,,,,,,,,STOCK,,,
PAN-OSB-1932-48X96-SUB-TG,PAN-OSB-1932-48X96-SUB-TG-V1,structural_panels,osb,subfloor,sheathing,OSB 19/32 4x8 Subfloor T&G,MIXED,,EquivalentOnlySameSpec,Structural-1,,,0.5938,,,,,19/32,0.59375,SF,SHT,,,32,32.0,,,,,,48,96,40/20,EXP1,TG,PS2,,,,,,,,,,,,,,,,,,,subfloor,R503.2.1,N,,,,,,,,STOCK,,,
PAN-OSB-2332-48X96-SUB-SQ,PAN-OSB-2332-48X96-SUB-SQ-V1,structural_panels,osb,subfloor,sheathing,OSB 23/32 4x8 Subfloor SQ,MIXED,,EquivalentOnlySameSpec,Structural-1,,,0.7188,,,,,23/32,0.71875,SF,SHT,,,32,32.0,,,,,,48,96,48/24,EXP1,SQ,PS2,,,,,,,,,,,,,,,,,,,subfloor,R503.2.1,N,,,,,,,,STOCK,,,
PAN-OSB-2332-48X96-SUB-TG,PAN-OSB-2332-48X96-SUB-TG-V1,structural_panels,osb,subfloor,sheathing,OSB 23/32 4x8 Subfloor T&G,MIXED,,EquivalentOnlySameSpec,Structural-1,,,0.7188,,,,,23/32,0.71875,SF,SHT,,,32,32.0,,,,,,48,96,48/24,EXP1,TG,PS2,,,,,,,,,,,,,,,,,,,subfloor,R503.2.1,N,,,,,,,,STOCK,,,Most common subfloor
PAN-OSB-34-48X96-SUB-SQ,PAN-OSB-34-48X96-SUB-SQ-V1,structural_panels,osb,subfloor,sheathing,OSB 3/4 4x8 Subfloor SQ,MIXED,,EquivalentOnlySameSpec,Structural-1,,,0.75,,,,,3/4,0.75,SF,SHT,,,32,32.0,,,,,,48,96,48/24,EXP1,SQ,PS2,,,,,,,,,,,,,,,,,,,subfloor,R503.2.1,N,,,,,,,,STOCK,,,
PAN-OSB-34-48X96-SUB-TG,PAN-OSB-34-48X96-SUB-TG-V1,structural_panels,osb,subfloor,sheathing,OSB 3/4 4x8 Subfloor T&G,MIXED,,EquivalentOnlySameSpec,Structural-1,,,0.75,,,,,3/4,0.75,SF,SHT,,,32,32.0,,,,,,48,96,48/24,EXP1,TG,PS2,,,,,,,,,,,,,,,,,,,subfloor,R503.2.1,N,,,,,,,,STOCK,,,
PAN-PLY-CDX-38-48X96,PAN-PLY-CDX-38-48X96-V1,structural_panels,plywood,sheathing,sheathing,Plywood CDX 3/8 4x8,DF,,EquivalentOnlySameSpec,CDX,,,0.375,,,,,3/8,0.375,SF,SHT,,,32,32.0,,,,,,48,96,24/0,EXP1,SQ,PS1,,,,,,,,,,,,,,,,,,,roof_sheathing|wall_sheathing,R602.10.4,N,,,,,,,,STOCK,,,
PAN-PLY-CDX-12-48X96,PAN-PLY-CDX-12-48X96-V1,structural_panels,plywood,sheathing,sheathing,Plywood CDX 1/2 4x8,DF,,EquivalentOnlySameSpec,CDX,,,0.5,,,,,1/2,0.5,SF,SHT,,,32,32.0,,,,,,48,96,32/16,EXP1,SQ,PS1,,,,,,,,,,,,,,,,,,,roof_sheathing|wall_sheathing,R602.10.4,N,,,,,,,,STOCK,,,
PAN-PLY-CDX-58-48X96,PAN-PLY-CDX-58-48X96-V1,structural_panels,plywood,sheathing,sheathing,Plywood CDX 5/8 4x8,DF,,EquivalentOnlySameSpec,CDX,,,0.625,,,,,5/8,0.625,SF,SHT,,,32,32.0,,,,,,48,96,40/20,EXP1,SQ,PS1,,,,,,,,,,,,,,,,,,,subfloor|roof_sheathing,R602.10.4,N,,,,,,,,STOCK,,,
PAN-PLY-CDX-34-48X96,PAN-PLY-CDX-34-48X96-V1,structural_panels,plywood,sheathing,sheathing,Plywood CDX 3/4 4x8,DF,,EquivalentOnlySameSpec,CDX,,,0.75,,,,,3/4,0.75,SF,SHT,,,32,32.0,,,,,,48,96,48/24,EXP1,SQ,PS1,,,,,,,,,,,,,,,,,,,subfloor|roof_sheathing,R602.10.4,N,,,,,,,,STOCK,,,
PAN-PLY-CDX-34-48X96-TG,PAN-PLY-CDX-34-48X96-TG-V1,structural_panels,plywood,subfloor,sheathing,Plywood CDX 3/4 4x8 T&G,DF,,EquivalentOnlySameSpec,CDX,,,0.75,,,,,3/4,0.75,SF,SHT,,,32,32.0,,,,,,48,96,48/24,EXP1,TG,PS1,,,,,,,,,,,,,,,,,,,subfloor,R503.2.1,N,,,,,,,,STOCK,,,
PAN-ZIP-716-48X96,PAN-ZIP-716-48X96-V1,structural_panels,zip_system,wall_sheathing,sheathing,ZIP System 7/16 4x8,MIXED,Integrated_WRB,EquivalentOnlySameSpec,Structural-1,,,0.4375,,,,,7/16,0.4375,SF,SHT,,,32,32.0,,,,,,48,96,24/16,EXT,SQ,PS2,Huber,ZIP System,,,,,,,,,,,,,,,,,wall_sheathing|integrated_wrb,R602.10.4,N,,,,,,,,STOCK,,,Integrated WRB
PAN-ZIP-716-48X108-9FT,PAN-ZIP-716-48X108-9FT-V1,structural_panels,zip_system,wall_sheathing,sheathing,ZIP System 7/16 4x9,MIXED,Integrated_WRB,EquivalentOnlySameSpec,Structural-1,,,0.4375,,,,,7/16,0.4375,SF,SHT,,,36,36.0,,,,,,48,108,24/16,EXT,SQ,PS2,Huber,ZIP System,,,,,,,,,,,,,,,,,wall_sheathing|integrated_wrb|9ft_wall,R602.10.4,N,,,,,,,,STOCK,,,Integrated WRB
PAN-ZIP-716-48X120-10FT,PAN-ZIP-716-48X120-10FT-V1,structural_panels,zip_system,wall_sheathing,sheathing,ZIP System 7/16 4x10,MIXED,Integrated_WRB,EquivalentOnlySameSpec,Structural-1,,,0.4375,,,,,7/16,0.4375,SF,SHT,,,40,40.0,,,,,,48,120,24/16,EXT,SQ,PS2,Huber,ZIP System,,,,,,,,,,,,,,,,,wall_sheathing|integrated_wrb|10ft_wall,R602.10.4,N,,,,,,,,STOCK,,,Integrated WRB
PAN-ZIP-12-48X96,PAN-ZIP-12-48X96-V1,structural_panels,zip_system,wall_sheathing,sheathing,ZIP System 1/2 4x8,MIXED,Integrated_WRB,EquivalentOnlySameSpec,Structural-1,,,0.5,,,,,1/2,0.5,SF,SHT,,,32,32.0,,,,,,48,96,32/16,EXT,SQ,PS2,Huber,ZIP System,,,,,,,,,,,,,,,,,wall_sheathing|integrated_wrb,R602.10.4,N,,,,,,,,STOCK,,,Integrated WRB
PAN-ZIP-58-48X96-ROOF,PAN-ZIP-58-48X96-ROOF-V1,structural_panels,zip_system,roof_sheathing,sheathing,ZIP System 5/8 4x8 Roof,MIXED,Integrated_WRB,EquivalentOnlySameSpec,Structural-1,,,0.625,,,,,5/8,0.625,SF,SHT,,,32,32.0,,,,,,48,96,40/20,EXT,SQ,PS2,Huber,ZIP System,,,,,,,,,,,,,,,,,roof_sheathing|integrated_wrb,R803.1,N,,,,,,,,STOCK,,,
PAN-ZIPR-12-48X96-R3,PAN-ZIPR-12-48X96-R3-V1,structural_panels,zip_r,ci_wall,sheathing,ZIP-R 1/2 4x8 R3,MIXED,Integrated_WRB_CI,EquivalentOnlySameSpec,Structural-1,,,0.5,,,,,1/2+R3,0.5+foam,SF,SHT,,,32,32.0,,,,,,48,96,24/16,EXT,SQ,PS2,Huber,ZIP-R,,,,,,,,,,,,,,,,,wall_sheathing|ci_r3,R702.7,N,,,,,,,,STOCK,,,R3 continuous insulation
PAN-ZIPR-12-48X96-R6,PAN-ZIPR-12-48X96-R6-V1,structural_panels,zip_r,ci_wall,sheathing,ZIP-R 1/2 4x8 R6,MIXED,Integrated_WRB_CI,EquivalentOnlySameSpec,Structural-1,,,0.5,,,,,1/2+R6,0.5+foam,SF,SHT,,,32,32.0,,,,,,48,96,24/16,EXT,SQ,PS2,Huber,ZIP-R,,,,,,,,,,,,,,,,,wall_sheathing|ci_r6,R702.7,N,,,,,,,,STOCK,,,R6 continuous insulation
PAN-ZIPR-12-48X96-R9,PAN-ZIPR-12-48X96-R9-V1,structural_panels,zip_r,ci_wall,sheathing,ZIP-R 1/2 4x8 R9,MIXED,Integrated_WRB_CI,EquivalentOnlySameSpec,Structural-1,,,0.5,,,,,1/2+R9,0.5+foam,SF,SHT,,,32,32.0,,,,,,48,96,24/16,EXT,SQ,PS2,Huber,ZIP-R,,,,,,,,,,,,,,,,,wall_sheathing|ci_r9,R702.7,N,,,,,,,,STOCK,,,R9 continuous insulation
PAN-ZIPR-12-48X96-R12,PAN-ZIPR-12-48X96-R12-V1,structural_panels,zip_r,ci_wall,sheathing,ZIP-R 1/2 4x8 R12,MIXED,Integrated_WRB_CI,EquivalentOnlySameSpec,Structural-1,,,0.5,,,,,1/2+R12,0.5+foam,SF,SHT,,,32,32.0,,,,,,48,96,24/16,EXT,SQ,PS2,Huber,ZIP-R,,,,,,,,,,,,,,,,,wall_sheathing|ci_r12,R702.7,N,,,,,,,,STOCK,,,R12 continuous insulation
PAN-ADV-2332-48X96-TG,PAN-ADV-2332-48X96-TG-V1,structural_panels,advantech,subfloor,sheathing,AdvanTech 23/32 4x8 T&G,ENG,,EquivalentOnlySameSpec,Structural-1,,,0.7188,,,,,23/32,0.71875,SF,SHT,,,32,32.0,,,,,,48,96,48/24,EXP1,TG,PS2,Huber,AdvanTech,,,,,,,,,,,,,,,,,subfloor|premium,R503.2.1,N,,,,,,,,STOCK,,,Moisture resistant premium
PAN-ADV-118-48X96-TG,PAN-ADV-118-48X96-TG-V1,structural_panels,advantech,subfloor,sheathing,AdvanTech 1-1/8 4x8 T&G,ENG,,EquivalentOnlySameSpec,Structural-1,,,1.125,,,,,1-1/8,1.125,SF,SHT,,,32,32.0,,,,,,48,96,48oc,EXP1,TG,PS2,Huber,AdvanTech,,,,,,,,,,,,,,,,,subfloor|heavy_duty,R503.2.1,N,,,,,,,,STOCK,,,48 OC floor system
PAN-HCLIP-716,PAN-HCLIP-716-V1,hardware,panel_clips,h_clip,accessory,H-Clip 7/16,Steel,,EquivalentOnlySameSpec,,,,,,,,,7/16,,EA,BAG,,,,,250,,,,,,,,,,,,,,,,,,,,,,,,,,,,,panel_clip|spacing,R803.1,N,,,,,,,,STOCK,,,250/bag
PAN-HCLIP-1532,PAN-HCLIP-1532-V1,hardware,panel_clips,h_clip,accessory,H-Clip 15/32,Steel,,EquivalentOnlySameSpec,,,,,,,,,15/32,,EA,BAG,,,,,250,,,,,,,,,,,,,,,,,,,,,,,,,,,,,panel_clip|spacing,R803.1,N,,,,,,,,STOCK,,,250/bag
PAN-HCLIP-58,PAN-HCLIP-58-V1,hardware,panel_clips,h_clip,accessory,H-Clip 5/8,Steel,,EquivalentOnlySameSpec,,,,,,,,,5/8,,EA,BAG,,,,,250,,,,,,,,,,,,,,,,,,,,,,,,,,,,,panel_clip|spacing,R803.1,N,,,,,,,,STOCK,,,250/bag
CONN-SST-LUS24-G90,CONN-SST-LUS24-G90-V1,hardware,joist_hangers,face_mount,hanger,Joist Hanger LUS24 2x4,,,EquivalentOnlySameSpec,,,,,,,,,2x4,,EA,EA,,,,,,,,,,,,,,,,Simpson,Strong-Tie,LUS24,hanger,G90,face_mount,1.56,N,2x4,,,,,,,,,,joist_hanger|face_mount,R502.6,N,,,,,,,,STOCK,,,
CONN-SST-LUS26-G90,CONN-SST-LUS26-G90-V1,hardware,joist_hangers,face_mount,hanger,Joist Hanger LUS26 2x6,,,EquivalentOnlySameSpec,,,,,,,,,2x6,,EA,EA,,,,,,,,,,,,,,,,Simpson,Strong-Tie,LUS26,hanger,G90,face_mount,1.56,N,2x6,,,,,,,,,,joist_hanger|face_mount,R502.6,N,,,,,,,,STOCK,,,
CONN-SST-LUS28-G90,CONN-SST-LUS28-G90-V1,hardware,joist_hangers,face_mount,hanger,Joist Hanger LUS28 2x8,,,EquivalentOnlySameSpec,,,,,,,,,2x8,,EA,EA,,,,,,,,,,,,,,,,Simpson,Strong-Tie,LUS28,hanger,G90,face_mount,1.56,N,2x8,,,,,,,,,,joist_hanger|face_mount,R502.6,N,,,,,,,,STOCK,,,
CONN-SST-LUS210-G90,CONN-SST-LUS210-G90-V1,hardware,joist_hangers,face_mount,hanger,Joist Hanger LUS210 2x10,,,EquivalentOnlySameSpec,,,,,,,,,2x10,,EA,EA,,,,,,,,,,,,,,,,Simpson,Strong-Tie,LUS210,hanger,G90,face_mount,1.56,N,2x10,,,,,,,,,,joist_hanger|face_mount,R502.6,N,,,,,,,,STOCK,,,
CONN-SST-LUS212-G90,CONN-SST-LUS212-G90-V1,hardware,joist_hangers,face_mount,hanger,Joist Hanger LUS212 2x12,,,EquivalentOnlySameSpec,,,,,,,,,2x12,,EA,EA,,,,,,,,,,,,,,,,Simpson,Strong-Tie,LUS212,hanger,G90,face_mount,1.56,N,2x12,,,,,,,,,,joist_hanger|face_mount,R502.6,N,,,,,,,,STOCK,,,
CONN-SST-LUS214-G90,CONN-SST-LUS214-G90-V1,hardware,joist_hangers,face_mount,hanger,Joist Hanger LUS214 2x14,,,EquivalentOnlySameSpec,,,,,,,,,2x14,,EA,EA,,,,,,,,,,,,,,,,Simpson,Strong-Tie,LUS214,hanger,G90,face_mount,1.56,N,2x14,,,,,,,,,,joist_hanger|face_mount,R502.6,N,,,,,,,,STOCK,,,
CONN-SST-LUS26-2-G90,CONN-SST-LUS26-2-G90-V1,hardware,joist_hangers,top_flange,hanger,Joist Hanger LUS26-2 2x6 TF,,,EquivalentOnlySameSpec,,,,,,,,,2x6,,EA,EA,,,,,,,,,,,,,,,,Simpson,Strong-Tie,LUS26-2,hanger,G90,top_flange,1.56,N,2x6,,,,,,,,,,joist_hanger|top_flange,R502.6,N,,,,,,,,STOCK,,,Top flange mount
CONN-SST-LUS28-2-G90,CONN-SST-LUS28-2-G90-V1,hardware,joist_hangers,top_flange,hanger,Joist Hanger LUS28-2 2x8 TF,,,EquivalentOnlySameSpec,,,,,,,,,2x8,,EA,EA,,,,,,,,,,,,,,,,Simpson,Strong-Tie,LUS28-2,hanger,G90,top_flange,1.56,N,2x8,,,,,,,,,,joist_hanger|top_flange,R502.6,N,,,,,,,,STOCK,,,Top flange mount
CONN-SST-LUS210-2-G90,CONN-SST-LUS210-2-G90-V1,hardware,joist_hangers,top_flange,hanger,Joist Hanger LUS210-2 2x10 TF,,,EquivalentOnlySameSpec,,,,,,,,,2x10,,EA,EA,,,,,,,,,,,,,,,,Simpson,Strong-Tie,LUS210-2,hanger,G90,top_flange,1.56,N,2x10,,,,,,,,,,joist_hanger|top_flange,R502.6,N,,,,,,,,STOCK,,,Top flange mount
CONN-SST-LUS212-2-G90,CONN-SST-LUS212-2-G90-V1,hardware,joist_hangers,top_flange,hanger,Joist Hanger LUS212-2 2x12 TF,,,EquivalentOnlySameSpec,,,,,,,,,2x12,,EA,EA,,,,,,,,,,,,,,,,Simpson,Strong-Tie,LUS212-2,hanger,G90,top_flange,1.56,N,2x12,,,,,,,,,,joist_hanger|top_flange,R502.6,N,,,,,,,,STOCK,,,Top flange mount
CONN-SST-HUS26-G90,CONN-SST-HUS26-G90-V1,hardware,joist_hangers,heavy_face,hanger,Heavy Joist Hanger HUS26 2x6,,,EquivalentOnlySameSpec,,,,,,,,,2x6,,EA,EA,,,,,,,,,,,,,,,,Simpson,Strong-Tie,HUS26,hanger,G90,face_mount,1.56,N,2x6,,,,,,,,,,joist_hanger|heavy_duty|uplift,R502.6,N,,,,,,,,STOCK,,,Heavy uplift capacity
CONN-SST-HUS28-G90,CONN-SST-HUS28-G90-V1,hardware,joist_hangers,heavy_face,hanger,Heavy Joist Hanger HUS28 2x8,,,EquivalentOnlySameSpec,,,,,,,,,2x8,,EA,EA,,,,,,,,,,,,,,,,Simpson,Strong-Tie,HUS28,hanger,G90,face_mount,1.56,N,2x8,,,,,,,,,,joist_hanger|heavy_duty|uplift,R502.6,N,,,,,,,,STOCK,,,Heavy uplift capacity
CONN-SST-HUS210-G90,CONN-SST-HUS210-G90-V1,hardware,joist_hangers,heavy_face,hanger,Heavy Joist Hanger HUS210 2x10,,,EquivalentOnlySameSpec,,,,,,,,,2x10,,EA,EA,,,,,,,,,,,,,,,,Simpson,Strong-Tie,HUS210,hanger,G90,face_mount,1.56,N,2x10,,,,,,,,,,joist_hanger|heavy_duty|uplift,R502.6,N,,,,,,,,STOCK,,,Heavy uplift capacity
CONN-SST-HUS212-G90,CONN-SST-HUS212-G90-V1,hardware,joist_hangers,heavy_face,hanger,Heavy Joist Hanger HUS212 2x12,,,EquivalentOnlySameSpec,,,,,,,,,2x12,,EA,EA,,,,,,,,,,,,,,,,Simpson,Strong-Tie,HUS212,hanger,G90,face_mount,1.56,N,2x12,,,,,,,,,,joist_hanger|heavy_duty|uplift,R502.6,N,,,,,,,,STOCK,,,Heavy uplift capacity
CONN-SST-IUS-95-G90,CONN-SST-IUS-95-G90-V1,hardware,joist_hangers,i_joist,hanger,I-Joist Hanger IUS 9-1/2,,,EquivalentOnlySameSpec,,,,,,,,,9-1/2,,EA,EA,,,,,,,,,,,,,,,,Simpson,Strong-Tie,IUS2.56/9.5,hanger,G90,face_mount,9.5,N,I-Joist 9-1/2,,,,,,,,,,i_joist_hanger,R502.6,N,,,,,,,,STOCK,,,For TJI150
CONN-SST-IUS-11875-G90,CONN-SST-IUS-11875-G90-V1,hardware,joist_hangers,i_joist,hanger,I-Joist Hanger IUS 11-7/8,,,EquivalentOnlySameSpec,,,,,,,,,11-7/8,,EA,EA,,,,,,,,,,,,,,,,Simpson,Strong-Tie,IUS2.56/11.875,hanger,G90,face_mount,11.875,N,I-Joist 11-7/8,,,,,,,,,,i_joist_hanger,R502.6,N,,,,,,,,STOCK,,,For TJI210
CONN-SST-IUS-14-G90,CONN-SST-IUS-14-G90-V1,hardware,joist_hangers,i_joist,hanger,I-Joist Hanger IUS 14,,,EquivalentOnlySameSpec,,,,,,,,,14,,EA,EA,,,,,,,,,,,,,,,,Simpson,Strong-Tie,IUS2.56/14,hanger,G90,face_mount,14,N,I-Joist 14,,,,,,,,,,i_joist_hanger,R502.6,N,,,,,,,,STOCK,,,For TJI230
CONN-SST-IUS-16-G90,CONN-SST-IUS-16-G90-V1,hardware,joist_hangers,i_joist,hanger,I-Joist Hanger IUS 16,,,EquivalentOnlySameSpec,,,,,,,,,16,,EA,EA,,,,,,,,,,,,,,,,Simpson,Strong-Tie,IUS2.56/16,hanger,G90,face_mount,16,N,I-Joist 16,,,,,,,,,,i_joist_hanger,R502.6,N,,,,,,,,STOCK,,,For TJI360
CONN-SST-LSSU28-G90,CONN-SST-LSSU28-G90-V1,hardware,joist_hangers,skew_l,hanger,Skew Left Hanger LSSU28,,,EquivalentOnlySameSpec,,,,,,,,,2x8,,EA,EA,,,,,,,,,,,,,,,,Simpson,Strong-Tie,LSSU28,hanger,G90,face_mount,1.56,Y,2x8,,,,,,,,,,joist_hanger|skew|hip,R502.6,N,,,,,,,,STOCK,,,45 deg skewable
CONN-SST-LSSU210-G90,CONN-SST-LSSU210-G90-V1,hardware,joist_hangers,skew_l,hanger,Skew Left Hanger LSSU210,,,EquivalentOnlySameSpec,,,,,,,,,2x10,,EA,EA,,,,,,,,,,,,,,,,Simpson,Strong-Tie,LSSU210,hanger,G90,face_mount,1.56,Y,2x10,,,,,,,,,,joist_hanger|skew|hip,R502.6,N,,,,,,,,STOCK,,,45 deg skewable
CONN-SST-RSSU28-G90,CONN-SST-RSSU28-G90-V1,hardware,joist_hangers,skew_r,hanger,Skew Right Hanger RSSU28,,,EquivalentOnlySameSpec,,,,,,,,,2x8,,EA,EA,,,,,,,,,,,,,,,,Simpson,Strong-Tie,RSSU28,hanger,G90,face_mount,1.56,Y,2x8,,,,,,,,,,joist_hanger|skew|hip,R502.6,N,,,,,,,,STOCK,,,45 deg skewable
CONN-SST-RSSU210-G90,CONN-SST-RSSU210-G90-V1,hardware,joist_hangers,skew_r,hanger,Skew Right Hanger RSSU210,,,EquivalentOnlySameSpec,,,,,,,,,2x10,,EA,EA,,,,,,,,,,,,,,,,Simpson,Strong-Tie,RSSU210,hanger,G90,face_mount,1.56,Y,2x10,,,,,,,,,,joist_hanger|skew|hip,R502.6,N,,,,,,,,STOCK,,,45 deg skewable
CONN-SST-LUS46-G90,CONN-SST-LUS46-G90-V1,hardware,joist_hangers,double,hanger,Double Joist Hanger LUS46 4x6,,,EquivalentOnlySameSpec,,,,,,,,,4x6,,EA,EA,,,,,,,,,,,,,,,,Simpson,Strong-Tie,LUS46,hanger,G90,face_mount,3.56,N,4x6,,,,,,,,,,beam_hanger|double,R502.6,N,,,,,,,,STOCK,,,Double or 4x member
CONN-SST-LUS48-G90,CONN-SST-LUS48-G90-V1,hardware,joist_hangers,double,hanger,Double Joist Hanger LUS48 4x8,,,EquivalentOnlySameSpec,,,,,,,,,4x8,,EA,EA,,,,,,,,,,,,,,,,Simpson,Strong-Tie,LUS48,hanger,G90,face_mount,3.56,N,4x8,,,,,,,,,,beam_hanger|double,R502.6,N,,,,,,,,STOCK,,,Double or 4x member
CONN-SST-LUS410-G90,CONN-SST-LUS410-G90-V1,hardware,joist_hangers,double,hanger,Double Joist Hanger LUS410 4x10,,,EquivalentOnlySameSpec,,,,,,,,,4x10,,EA,EA,,,,,,,,,,,,,,,,Simpson,Strong-Tie,LUS410,hanger,G90,face_mount,3.56,N,4x10,,,,,,,,,,beam_hanger|double,R502.6,N,,,,,,,,STOCK,,,Double or 4x member
CONN-SST-LUS412-G90,CONN-SST-LUS412-G90-V1,hardware,joist_hangers,double,hanger,Double Joist Hanger LUS412 4x12,,,EquivalentOnlySameSpec,,,,,,,,,4x12,,EA,EA,,,,,,,,,,,,,,,,Simpson,Strong-Tie,LUS412,hanger,G90,face_mount,3.56,N,4x12,,,,,,,,,,beam_hanger|double,R502.6,N,,,,,,,,STOCK,,,Double or 4x member
CONN-SST-HH46-G90,CONN-SST-HH46-G90-V1,hardware,joist_hangers,header,hanger,Header Hanger HH46,,,EquivalentOnlySameSpec,,,,,,,,,4x6,,EA,EA,,,,,,,,,,,,,,,,Simpson,Strong-Tie,HH46,hanger,G90,concealed,3.56,N,4x6,,,,,,,,,,header_hanger|concealed,R602.7,N,,,,,,,,STOCK,,,Concealed beam seat
CONN-SST-HH48-G90,CONN-SST-HH48-G90-V1,hardware,joist_hangers,header,hanger,Header Hanger HH48,,,EquivalentOnlySameSpec,,,,,,,,,4x8,,EA,EA,,,,,,,,,,,,,,,,Simpson,Strong-Tie,HH48,hanger,G90,concealed,3.56,N,4x8,,,,,,,,,,header_hanger|concealed,R602.7,N,,,,,,,,STOCK,,,Concealed beam seat
CONN-SST-H1-G90,CONN-SST-H1-G90-V1,hardware,hurricane_ties,rafter_tie,tie,Hurricane Tie H1,,,Allowed,,,,,,,,,,,EA,EA,,,,,,,,,,,,,,,,Simpson,Strong-Tie,H1,hurricane_tie,G90,face_mount,,,,,,,,,,,,,rafter_tie|truss_tie,R802.11,N,,,,,,,,STOCK,,,Light duty single
CONN-SST-H25A-G90,CONN-SST-H25A-G90-V1,hardware,hurricane_ties,rafter_tie,tie,Hurricane Tie H2.5A,,,Allowed,,,,,,,,,,,EA,EA,,,,,,,,,,,,,,,,Simpson,Strong-Tie,H2.5A,hurricane_tie,G90,face_mount,,,,,,,,,,,,,rafter_tie|truss_tie|uplift,R802.11,N,,,,,,,,STOCK,,,Most common residential
CONN-SST-H10A-G90,CONN-SST-H10A-G90-V1,hardware,hurricane_ties,rafter_tie,tie,Hurricane Tie H10A,,,Allowed,,,,,,,,,,,EA,EA,,,,,,,,,,,,,,,,Simpson,Strong-Tie,H10A,hurricane_tie,G90,face_mount,,,,,,,,,,,,,rafter_tie|truss_tie|high_wind,R802.11,N,,,,,,,,STOCK,,,High wind zone
CONN-SST-H10S-ZMAX,CONN-SST-H10S-ZMAX-V1,hardware,hurricane_ties,rafter_tie,tie,Hurricane Tie H10S ZMAX,,,Allowed,,,,,,,,,,,EA,EA,,,,,,,,,,,,,,,,Simpson,Strong-Tie,H10S,hurricane_tie,ZMAX,face_mount,,,,,,,,,,,,,rafter_tie|truss_tie|pt_contact,R802.11,N,,,,,,,,STOCK,,,ZMAX for PT contact
CONN-SST-META20-G90,CONN-SST-META20-G90-V1,hardware,hurricane_ties,embedded,tie,Embedded Anchor META20,,,Allowed,,,,,,,,,,,EA,EA,,,,,,,,,,,,,,,,Simpson,Strong-Tie,META20,hurricane_tie,G90,embedded,,,,,,,,,,,,,embedded_anchor|foundation,R403.1.6,N,,,,,,,,STOCK,,,Cast in concrete
CONN-SST-TS-G90,CONN-SST-TS-G90-V1,hardware,hurricane_ties,twist_strap,tie,Twist Strap TS,,,Allowed,,,,,,,,,,,EA,EA,,,,,,,,,,,,,,,,Simpson,Strong-Tie,TS,strap,G90,face_mount,,,,,,,,,,,,,twist_strap|uplift,R802.11,N,,,,,,,,STOCK,,,General purpose strap
CONN-SST-LTT20B-G90,CONN-SST-LTT20B-G90-V1,hardware,tension_ties,lateral,tie,Lateral Tension Tie LTT20B,,,Allowed,,,,,,,,,,,EA,EA,,,,,,,,,,,,,,,,Simpson,Strong-Tie,LTT20B,tension_tie,G90,face_mount,,,,,,,,,,,,,tension_tie|shearwall,R602.10.6,N,,,,,,,,STOCK,,,Shearwall to floor
CONN-SST-HTT4-G90,CONN-SST-HTT4-G90-V1,hardware,tension_ties,heavy,tie,Heavy Tension Tie HTT4,,,Allowed,,,,,,,,,,,EA,EA,,,,,,,,,,,,,,,,Simpson,Strong-Tie,HTT4,tension_tie,G90,face_mount,,,,,,,,,,,,,tension_tie|multi_story,R602.10.6,N,,,,,,,,STOCK,,,Multi-story continuous
CONN-SST-HTT5-G90,CONN-SST-HTT5-G90-V1,hardware,tension_ties,heavy,tie,Heavy Tension Tie HTT5,,,Allowed,,,,,,,,,,,EA,EA,,,,,,,,,,,,,,,,Simpson,Strong-Tie,HTT5,tension_tie,G90,face_mount,,,,,,,,,,,,,tension_tie|multi_story,R602.10.6,N,,,,,,,,STOCK,,,Multi-story continuous
CONN-SST-HDU2-G90,CONN-SST-HDU2-G90-V1,hardware,holdowns,standard,holdown,Holdown HDU2,,,EquivalentOnlySameSpec,,,,,,,,,,,EA,EA,,,,,,,,,,,,,,,,Simpson,Strong-Tie,HDU2,holdown,G90,face_mount,,,,,,,,,,,,,holdown|shearwall,R602.10.6,N,,,,,,,,STOCK,,,3065 lb allowable
CONN-SST-HDU4-G90,CONN-SST-HDU4-G90-V1,hardware,holdowns,standard,holdown,Holdown HDU4,,,EquivalentOnlySameSpec,,,,,,,,,,,EA,EA,,,,,,,,,,,,,,,,Simpson,Strong-Tie,HDU4,holdown,G90,face_mount,,,,,,,,,,,,,holdown|shearwall,R602.10.6,N,,,,,,,,STOCK,,,4565 lb allowable
CONN-SST-HDU5-G90,CONN-SST-HDU5-G90-V1,hardware,holdowns,standard,holdown,Holdown HDU5,,,EquivalentOnlySameSpec,,,,,,,,,,,EA,EA,,,,,,,,,,,,,,,,Simpson,Strong-Tie,HDU5,holdown,G90,face_mount,,,,,,,,,,,,,holdown|shearwall,R602.10.6,N,,,,,,,,STOCK,,,5645 lb allowable
CONN-SST-HDU8-G90,CONN-SST-HDU8-G90-V1,hardware,holdowns,standard,holdown,Holdown HDU8,,,EquivalentOnlySameSpec,,,,,,,,,,,EA,EA,,,,,,,,,,,,,,,,Simpson,Strong-Tie,HDU8,holdown,G90,face_mount,,,,,,,,,,,,,holdown|shearwall,R602.10.6,N,,,,,,,,STOCK,,,8310 lb allowable
CONN-SST-HDU11-G90,CONN-SST-HDU11-G90-V1,hardware,holdowns,heavy,holdown,Holdown HDU11,,,EquivalentOnlySameSpec,,,,,,,,,,,EA,EA,,,,,,,,,,,,,,,,Simpson,Strong-Tie,HDU11,holdown,G90,face_mount,,,,,,,,,,,,,holdown|shearwall|heavy,R602.10.6,N,,,,,,,,STOCK,,,11135 lb allowable
CONN-SST-HDU14-G90,CONN-SST-HDU14-G90-V1,hardware,holdowns,heavy,holdown,Holdown HDU14,,,EquivalentOnlySameSpec,,,,,,,,,,,EA,EA,,,,,,,,,,,,,,,,Simpson,Strong-Tie,HDU14,holdown,G90,face_mount,,,,,,,,,,,,,holdown|shearwall|heavy,R602.10.6,N,,,,,,,,STOCK,,,14930 lb allowable
CONN-SST-HHDQ-SDS-G90,CONN-SST-HHDQ-SDS-G90-V1,hardware,holdowns,screw_type,holdown,Holdown HHDQ w/SDS Screws,,,EquivalentOnlySameSpec,,,,,,,,,,,EA,EA,,,,,,,,,,,,,,,,Simpson,Strong-Tie,HHDQ,holdown,G90,face_mount,,,,,,,,,,,,,holdown|screw_install,R602.10.6,N,,,,,,,,STOCK,,,No anchor bolt required
CONN-SST-ABA44-G90,CONN-SST-ABA44-G90-V1,hardware,post_bases,adjustable,post_base,Post Base ABA44,,,EquivalentOnlySameSpec,,,,,,,,,4x4,,EA,EA,,,,,,,,,,,,,,,,Simpson,Strong-Tie,ABA44,post_base,G90,standoff,,,4x4,,,,,,,,,,post_base|adjustable|elevated,R317.1,N,,,,,,,,STOCK,,,Elevated above concrete
CONN-SST-ABA46-G90,CONN-SST-ABA46-G90-V1,hardware,post_bases,adjustable,post_base,Post Base ABA46,,,EquivalentOnlySameSpec,,,,,,,,,4x6,,EA,EA,,,,,,,,,,,,,,,,Simpson,Strong-Tie,ABA46,post_base,G90,standoff,,,4x6,,,,,,,,,,post_base|adjustable|elevated,R317.1,N,,,,,,,,STOCK,,,Elevated above concrete
CONN-SST-ABA66-G90,CONN-SST-ABA66-G90-V1,hardware,post_bases,adjustable,post_base,Post Base ABA66,,,EquivalentOnlySameSpec,,,,,,,,,6x6,,EA,EA,,,,,,,,,,,,,,,,Simpson,Strong-Tie,ABA66,post_base,G90,standoff,,,6x6,,,,,,,,,,post_base|adjustable|elevated,R317.1,N,,,,,,,,STOCK,,,Elevated above concrete
CONN-SST-ABU44-G90,CONN-SST-ABU44-G90-V1,hardware,post_bases,u_shape,post_base,U Post Base ABU44,,,EquivalentOnlySameSpec,,,,,,,,,4x4,,EA,EA,,,,,,,,,,,,,,,,Simpson,Strong-Tie,ABU44,post_base,G90,standoff,,,4x4,,,,,,,,,,post_base|u_shape|elevated,R317.1,N,,,,,,,,STOCK,,,U-shape adjustable
CONN-SST-ABU66-G90,CONN-SST-ABU66-G90-V1,hardware,post_bases,u_shape,post_base,U Post Base ABU66,,,EquivalentOnlySameSpec,,,,,,,,,6x6,,EA,EA,,,,,,,,,,,,,,,,Simpson,Strong-Tie,ABU66,post_base,G90,standoff,,,6x6,,,,,,,,,,post_base|u_shape|elevated,R317.1,N,,,,,,,,STOCK,,,U-shape adjustable
CONN-SST-CB44-G90,CONN-SST-CB44-G90-V1,hardware,post_bases,column,post_base,Column Base CB44,,,EquivalentOnlySameSpec,,,,,,,,,4x4,,EA,EA,,,,,,,,,,,,,,,,Simpson,Strong-Tie,CB44,post_base,G90,surface,,,4x4,,,,,,,,,,post_base|column|surface,R317.1,N,,,,,,,,STOCK,,,Surface mount
CONN-SST-CB66-G90,CONN-SST-CB66-G90-V1,hardware,post_bases,column,post_base,Column Base CB66,,,EquivalentOnlySameSpec,,,,,,,,,6x6,,EA,EA,,,,,,,,,,,,,,,,Simpson,Strong-Tie,CB66,post_base,G90,surface,,,6x6,,,,,,,,,,post_base|column|surface,R317.1,N,,,,,,,,STOCK,,,Surface mount
CONN-SST-EPB44-ZMAX,CONN-SST-EPB44-ZMAX-V1,hardware,post_bases,elevated,post_base,Elevated Post Base EPB44 ZMAX,,,EquivalentOnlySameSpec,,,,,,,,,4x4,,EA,EA,,,,,,,,,,,,,,,,Simpson,Strong-Tie,EPB44,post_base,ZMAX,standoff,,,4x4,,,,,,,,,,post_base|elevated|deck|pt_contact,R507.8,N,,,,,,,,STOCK,,,ZMAX for deck posts
CONN-SST-EPB66-ZMAX,CONN-SST-EPB66-ZMAX-V1,hardware,post_bases,elevated,post_base,Elevated Post Base EPB66 ZMAX,,,EquivalentOnlySameSpec,,,,,,,,,6x6,,EA,EA,,,,,,,,,,,,,,,,Simpson,Strong-Tie,EPB66,post_base,ZMAX,standoff,,,6x6,,,,,,,,,,post_base|elevated|deck|pt_contact,R507.8,N,,,,,,,,STOCK,,,ZMAX for deck posts
CONN-SST-BC40-G90,CONN-SST-BC40-G90-V1,hardware,post_caps,standard,post_cap,Post Cap BC40,,,Allowed,,,,,,,,,4x4-4x,,EA,EA,,,,,,,,,,,,,,,,Simpson,Strong-Tie,BC40,post_cap,G90,face_mount,,,4x4,,,,,,,,,,post_cap|beam_support,R602.7,N,,,,,,,,STOCK,,,4x post to 4x beam
CONN-SST-BC46-G90,CONN-SST-BC46-G90-V1,hardware,post_caps,standard,post_cap,Post Cap BC46,,,Allowed,,,,,,,,,4x4-6x,,EA,EA,,,,,,,,,,,,,,,,Simpson,Strong-Tie,BC46,post_cap,G90,face_mount,,,4x4,,,,,,,,,,post_cap|beam_support,R602.7,N,,,,,,,,STOCK,,,4x post to 6x beam
CONN-SST-BC60-G90,CONN-SST-BC60-G90-V1,hardware,post_caps,standard,post_cap,Post Cap BC60,,,Allowed,,,,,,,,,6x6-6x,,EA,EA,,,,,,,,,,,,,,,,Simpson,Strong-Tie,BC60,post_cap,G90,face_mount,,,6x6,,,,,,,,,,post_cap|beam_support,R602.7,N,,,,,,,,STOCK,,,6x post to 6x beam
CONN-SST-BC6046-G90,CONN-SST-BC6046-G90-V1,hardware,post_caps,standard,post_cap,Post Cap BC6046,,,Allowed,,,,,,,,,6x6-4x6,,EA,EA,,,,,,,,,,,,,,,,Simpson,Strong-Tie,BC6046,post_cap,G90,face_mount,,,6x6,,,,,,,,,,post_cap|beam_support,R602.7,N,,,,,,,,STOCK,,,6x post to 4x6 beam
CONN-SST-CC44-DP1-G90,CONN-SST-CC44-DP1-G90-V1,hardware,post_caps,column,post_cap,Column Cap CC44-DP1,,,Allowed,,,,,,,,,4x4,,EA,EA,,,,,,,,,,,,,,,,Simpson,Strong-Tie,CC44-DP1,post_cap,G90,top_mount,,,4x4,,,,,,,,,,column_cap|heavy_duty,R602.7,N,,,,,,,,STOCK,,,Heavy duty column cap
CONN-SST-CC66-DP1-G90,CONN-SST-CC66-DP1-G90-V1,hardware,post_caps,column,post_cap,Column Cap CC66-DP1,,,Allowed,,,,,,,,,6x6,,EA,EA,,,,,,,,,,,,,,,,Simpson,Strong-Tie,CC66-DP1,post_cap,G90,top_mount,,,6x6,,,,,,,,,,column_cap|heavy_duty,R602.7,N,,,,,,,,STOCK,,,Heavy duty column cap
CONN-SST-ST6212-G90,CONN-SST-ST6212-G90-V1,hardware,straps,standard,strap,Strap Tie ST6212,,,Allowed,,,,,,,12,,,,EA,EA,,,,,,,,,,,,,,,,Simpson,Strong-Tie,ST6212,strap,G90,surface,,,,,,,,,,,,,strap|stud_tie|12in,R602.3,N,,,,,,,,STOCK,,,12 inch strap
CONN-SST-ST6215-G90,CONN-SST-ST6215-G90-V1,hardware,straps,standard,strap,Strap Tie ST6215,,,Allowed,,,,,,,15,,,,EA,EA,,,,,,,,,,,,,,,,Simpson,Strong-Tie,ST6215,strap,G90,surface,,,,,,,,,,,,,strap|stud_tie|15in,R602.3,N,,,,,,,,STOCK,,,15 inch strap
CONN-SST-ST6218-G90,CONN-SST-ST6218-G90-V1,hardware,straps,standard,strap,Strap Tie ST6218,,,Allowed,,,,,,,18,,,,EA,EA,,,,,,,,,,,,,,,,Simpson,Strong-Tie,ST6218,strap,G90,surface,,,,,,,,,,,,,strap|stud_tie|18in,R602.3,N,,,,,,,,STOCK,,,18 inch strap
CONN-SST-ST6224-G90,CONN-SST-ST6224-G90-V1,hardware,straps,standard,strap,Strap Tie ST6224,,,Allowed,,,,,,,24,,,,EA,EA,,,,,,,,,,,,,,,,Simpson,Strong-Tie,ST6224,strap,G90,surface,,,,,,,,,,,,,strap|stud_tie|24in,R602.3,N,,,,,,,,STOCK,,,24 inch strap
CONN-SST-ST6236-G90,CONN-SST-ST6236-G90-V1,hardware,straps,standard,strap,Strap Tie ST6236,,,Allowed,,,,,,,36,,,,EA,EA,,,,,,,,,,,,,,,,Simpson,Strong-Tie,ST6236,strap,G90,surface,,,,,,,,,,,,,strap|stud_tie|36in,R602.3,N,,,,,,,,STOCK,,,36 inch strap
CONN-SST-CS16-G90,CONN-SST-CS16-G90-V1,hardware,straps,coil,strap,Coiled Strap CS16,,,Allowed,,,,,,,,,,,LF,RL,,,,,,,,,,,,,,,,Simpson,Strong-Tie,CS16,strap,G90,surface,,,,,,,,,,,,,coil_strap|continuous,R602.3,N,,,,,,,,STOCK,,,16ga 150ft coil
CONN-SST-CMST14-G90,CONN-SST-CMST14-G90-V1,hardware,straps,coil,strap,Coiled Strap CMST14,,,Allowed,,,,,,,,,,,LF,RL,,,,,,,,,,,,,,,,Simpson,Strong-Tie,CMST14,strap,G90,surface,,,,,,,,,,,,,coil_strap|continuous,R602.3,N,,,,,,,,STOCK,,,14ga 150ft coil
CONN-SST-LSTA9-G90,CONN-SST-LSTA9-G90-V1,hardware,straps,lateral,strap,Lateral Strap LSTA9,,,Allowed,,,,,,,9,,,,EA,EA,,,,,,,,,,,,,,,,Simpson,Strong-Tie,LSTA9,strap,G90,surface,,,,,,,,,,,,,lateral_strap|shearwall,R602.10.6,N,,,,,,,,STOCK,,,9 inch lateral
CONN-SST-LSTA12-G90,CONN-SST-LSTA12-G90-V1,hardware,straps,lateral,strap,Lateral Strap LSTA12,,,Allowed,,,,,,,12,,,,EA,EA,,,,,,,,,,,,,,,,Simpson,Strong-Tie,LSTA12,strap,G90,surface,,,,,,,,,,,,,lateral_strap|shearwall,R602.10.6,N,,,,,,,,STOCK,,,12 inch lateral
CONN-SST-LSTA18-G90,CONN-SST-LSTA18-G90-V1,hardware,straps,lateral,strap,Lateral Strap LSTA18,,,Allowed,,,,,,,18,,,,EA,EA,,,,,,,,,,,,,,,,Simpson,Strong-Tie,LSTA18,strap,G90,surface,,,,,,,,,,,,,lateral_strap|shearwall,R602.10.6,N,,,,,,,,STOCK,,,18 inch lateral
CONN-SST-LSTA21-G90,CONN-SST-LSTA21-G90-V1,hardware,straps,lateral,strap,Lateral Strap LSTA21,,,Allowed,,,,,,,21,,,,EA,EA,,,,,,,,,,,,,,,,Simpson,Strong-Tie,LSTA21,strap,G90,surface,,,,,,,,,,,,,lateral_strap|shearwall,R602.10.6,N,,,,,,,,STOCK,,,21 inch lateral
CONN-SST-A21-G90,CONN-SST-A21-G90-V1,hardware,angles,light,angle,Angle A21,,,Allowed,,,,,,,,,,,EA,EA,,,,,,,,,,,,,,,,Simpson,Strong-Tie,A21,angle,G90,surface,,,,,,,,,,,,,angle|framing,R602.3,N,,,,,,,,STOCK,,,Light duty angle
CONN-SST-A23-G90,CONN-SST-A23-G90-V1,hardware,angles,light,angle,Angle A23,,,Allowed,,,,,,,,,,,EA,EA,,,,,,,,,,,,,,,,Simpson,Strong-Tie,A23,angle,G90,surface,,,,,,,,,,,,,angle|framing,R602.3,N,,,,,,,,STOCK,,,Light duty angle
CONN-SST-A33-G90,CONN-SST-A33-G90-V1,hardware,angles,medium,angle,Angle A33,,,Allowed,,,,,,,,,,,EA,EA,,,,,,,,,,,,,,,,Simpson,Strong-Tie,A33,angle,G90,surface,,,,,,,,,,,,,angle|framing|medium,R602.3,N,,,,,,,,STOCK,,,
CONN-SST-A34-G90,CONN-SST-A34-G90-V1,hardware,angles,medium,angle,Angle A34,,,Allowed,,,,,,,,,,,EA,EA,,,,,,,,,,,,,,,,Simpson,Strong-Tie,A34,angle,G90,surface,,,,,,,,,,,,,angle|framing|medium,R602.3,N,,,,,,,,STOCK,,,
CONN-SST-A35-G90,CONN-SST-A35-G90-V1,hardware,angles,medium,angle,Angle A35,,,Allowed,,,,,,,,,,,EA,EA,,,,,,,,,,,,,,,,Simpson,Strong-Tie,A35,angle,G90,surface,,,,,,,,,,,,,angle|framing|medium,R602.3,N,,,,,,,,STOCK,,,
CONN-SST-A44-G90,CONN-SST-A44-G90-V1,hardware,angles,heavy,angle,Angle A44,,,Allowed,,,,,,,,,,,EA,EA,,,,,,,,,,,,,,,,Simpson,Strong-Tie,A44,angle,G90,surface,,,,,,,,,,,,,angle|framing|heavy,R602.3,N,,,,,,,,STOCK,,,Heavy duty 4x4
CONN-SST-L50-G90,CONN-SST-L50-G90-V1,hardware,angles,reinforcing,angle,Reinforcing Angle L50,,,Allowed,,,,,,,,,,,EA,EA,,,,,,,,,,,,,,,,Simpson,Strong-Tie,L50,angle,G90,surface,,,,,,,,,,,,,angle|reinforcing|corner,R602.3,N,,,,,,,,STOCK,,,Reinforcing corner
CONN-SST-L70-G90,CONN-SST-L70-G90-V1,hardware,angles,reinforcing,angle,Reinforcing Angle L70,,,Allowed,,,,,,,,,,,EA,EA,,,,,,,,,,,,,,,,Simpson,Strong-Tie,L70,angle,G90,surface,,,,,,,,,,,,,angle|reinforcing|corner,R602.3,N,,,,,,,,STOCK,,,Reinforcing corner
CONN-SST-L90-G90,CONN-SST-L90-G90-V1,hardware,angles,reinforcing,angle,Reinforcing Angle L90,,,Allowed,,,,,,,,,,,EA,EA,,,,,,,,,,,,,,,,Simpson,Strong-Tie,L90,angle,G90,surface,,,,,,,,,,,,,angle|reinforcing|corner,R602.3,N,,,,,,,,STOCK,,,Reinforcing corner
CONN-SST-DTT2Z-ZMAX,CONN-SST-DTT2Z-ZMAX-V1,hardware,deck_connectors,tension,tie,Deck Tension Tie DTT2Z,,,Allowed,,,,,,,,,,,EA,EA,,,,,,,,,,,,,,,,Simpson,Strong-Tie,DTT2Z,tension_tie,ZMAX,embedded,,,,,,,,,,,,,deck_tie|lateral|ledger,R507.9.1.3,N,,,,,,,,STOCK,,,Deck lateral load
CONN-SST-DTT1Z-ZMAX,CONN-SST-DTT1Z-ZMAX-V1,hardware,deck_connectors,tension,tie,Deck Tension Tie DTT1Z,,,Allowed,,,,,,,,,,,EA,EA,,,,,,,,,,,,,,,,Simpson,Strong-Tie,DTT1Z,tension_tie,ZMAX,surface,,,,,,,,,,,,,deck_tie|lateral|ledger,R507.9.1.3,N,,,,,,,,STOCK,,,Retrofit lateral
CONN-SST-DSTC2-ZMAX,CONN-SST-DSTC2-ZMAX-V1,hardware,deck_connectors,stair,connector,Deck Stair Connector DSTC2,,,Allowed,,,,,,,,,,,EA,EA,,,,,,,,,,,,,,,,Simpson,Strong-Tie,DSTC2,stair_connector,ZMAX,surface,,,,,,,,,,,,,stair_connector|deck,R507.1,N,,,,,,,,STOCK,,,Stair to deck
CONN-JBOLT-12X8,CONN-JBOLT-12X8-V1,hardware,anchor_bolts,j_bolt,anchor,J-Bolt 1/2x8,,,Allowed,,,,,,,8,0.5,1/2x8,,EA,EA,,,,,,,,,,,,,,,,Generic,,J-Bolt,anchor,HDG,embedded,,,,,,,,,,,,,anchor_bolt|foundation|mudsill,R403.1.6,N,,,,,,,,STOCK,,,Standard sill anchor
CONN-JBOLT-12X10,CONN-JBOLT-12X10-V1,hardware,anchor_bolts,j_bolt,anchor,J-Bolt 1/2x10,,,Allowed,,,,,,,10,0.5,1/2x10,,EA,EA,,,,,,,,,,,,,,,,Generic,,J-Bolt,anchor,HDG,embedded,,,,,,,,,,,,,anchor_bolt|foundation|mudsill,R403.1.6,N,,,,,,,,STOCK,,,Standard sill anchor
CONN-JBOLT-58X10,CONN-JBOLT-58X10-V1,hardware,anchor_bolts,j_bolt,anchor,J-Bolt 5/8x10,,,Allowed,,,,,,,10,0.625,5/8x10,,EA,EA,,,,,,,,,,,,,,,,Generic,,J-Bolt,anchor,HDG,embedded,,,,,,,,,,,,,anchor_bolt|foundation|mudsill,R403.1.6,N,,,,,,,,STOCK,,,Standard sill anchor
CONN-WEDGE-38X3,CONN-WEDGE-38X3-V1,hardware,anchor_bolts,wedge,anchor,Wedge Anchor 3/8x3,,,Allowed,,,,,,,3,0.375,3/8x3,,EA,BX,,,,,50,,,,,,,,,,,Generic,,Wedge,anchor,ZINC,expansion,,,,,,,,,,,,,expansion_anchor|retrofit,R403.1.6,N,,,,,,,,STOCK,,,50/box
CONN-WEDGE-12X4,CONN-WEDGE-12X4-V1,hardware,anchor_bolts,wedge,anchor,Wedge Anchor 1/2x4,,,Allowed,,,,,,,4,0.5,1/2x4,,EA,BX,,,,,25,,,,,,,,,,,Generic,,Wedge,anchor,ZINC,expansion,,,,,,,,,,,,,expansion_anchor|retrofit,R403.1.6,N,,,,,,,,STOCK,,,25/box
CONN-WEDGE-12X55,CONN-WEDGE-12X55-V1,hardware,anchor_bolts,wedge,anchor,Wedge Anchor 1/2x5.5,,,Allowed,,,,,,,5.5,0.5,1/2x5.5,,EA,BX,,,,,25,,,,,,,,,,,Generic,,Wedge,anchor,ZINC,expansion,,,,,,,,,,,,,expansion_anchor|retrofit,R403.1.6,N,,,,,,,,STOCK,,,25/box
CONN-TAPCON-14X175,CONN-TAPCON-14X175-V1,hardware,anchor_bolts,tapcon,anchor,Tapcon 1/4x1.75,,,Allowed,,,,,,,1.75,0.25,1/4x1.75,,EA,BX,,,,,100,,,,,,,,,,,Tapcon,,Tapcon,anchor,CLIMASEAL,mechanical,,,,,,,,,,,,,concrete_screw,R403.1.6,N,,,,,,,,STOCK,,,100/box
CONN-TAPCON-14X225,CONN-TAPCON-14X225-V1,hardware,anchor_bolts,tapcon,anchor,Tapcon 1/4x2.25,,,Allowed,,,,,,,2.25,0.25,1/4x2.25,,EA,BX,,,,,100,,,,,,,,,,,Tapcon,,Tapcon,anchor,CLIMASEAL,mechanical,,,,,,,,,,,,,concrete_screw,R403.1.6,N,,,,,,,,STOCK,,,100/box
CONN-TAPCON-14X3,CONN-TAPCON-14X3-V1,hardware,anchor_bolts,tapcon,anchor,Tapcon 1/4x3,,,Allowed,,,,,,,3,0.25,1/4x3,,EA,BX,,,,,75,,,,,,,,,,,Tapcon,,Tapcon,anchor,CLIMASEAL,mechanical,,,,,,,,,,,,,concrete_screw,R403.1.6,N,,,,,,,,STOCK,,,75/box
CONN-TAPCON-38X3,CONN-TAPCON-38X3-V1,hardware,anchor_bolts,tapcon,anchor,Tapcon 3/8x3,,,Allowed,,,,,,,3,0.375,3/8x3,,EA,BX,,,,,50,,,,,,,,,,,Tapcon,,Tapcon,anchor,CLIMASEAL,mechanical,,,,,,,,,,,,,concrete_screw,R403.1.6,N,,,,,,,,STOCK,,,50/box
FAST-BULK-16D-BRIGHT-50LB,FAST-BULK-16D-BRIGHT-50LB-V1,fasteners,framing_nails,bulk,nail,16D Common Nail Bright 50lb,,,Allowed,,,,,,,3.5,0.162,16D 3.5,,EA,BX,,,,,1500,50,,,,,,,,,,,,,,,,,,,Bright,smooth,full_round,,bulk,,,,,framing_nail|structural|16d,R602.3,N,,,,,,,,STOCK,,,~1500/box
FAST-BULK-16D-HDG-50LB,FAST-BULK-16D-HDG-50LB-V1,fasteners,framing_nails,bulk,nail,16D Common Nail HDG 50lb,,,Allowed,,,,,,,3.5,0.162,16D 3.5,,EA,BX,,,,,1500,50,,,,,,,,,,,,,,,,,,,HDG,smooth,full_round,,bulk,,,,,framing_nail|structural|16d|exterior,R602.3,N,,,,,,,,STOCK,,,~1500/box
FAST-BULK-10D-BRIGHT-50LB,FAST-BULK-10D-BRIGHT-50LB-V1,fasteners,framing_nails,bulk,nail,10D Common Nail Bright 50lb,,,Allowed,,,,,,,3,0.148,10D 3.0,,EA,BX,,,,,2000,50,,,,,,,,,,,,,,,,,,,Bright,smooth,full_round,,bulk,,,,,framing_nail|toenail|10d,R602.3,N,,,,,,,,STOCK,,,~2000/box
FAST-BULK-10D-HDG-50LB,FAST-BULK-10D-HDG-50LB-V1,fasteners,framing_nails,bulk,nail,10D Common Nail HDG 50lb,,,Allowed,,,,,,,3,0.148,10D 3.0,,EA,BX,,,,,2000,50,,,,,,,,,,,,,,,,,,,HDG,smooth,full_round,,bulk,,,,,framing_nail|toenail|10d|exterior,R602.3,N,,,,,,,,STOCK,,,~2000/box
FAST-BULK-8D-BRIGHT-50LB,FAST-BULK-8D-BRIGHT-50LB-V1,fasteners,framing_nails,bulk,nail,8D Common Nail Bright 50lb,,,Allowed,,,,,,,2.5,0.131,8D 2.5,,EA,BX,,,,,2750,50,,,,,,,,,,,,,,,,,,,Bright,smooth,full_round,,bulk,,,,,framing_nail|blocking|8d,R602.3,N,,,,,,,,STOCK,,,~2750/box
FAST-BULK-8D-HDG-50LB,FAST-BULK-8D-HDG-50LB-V1,fasteners,framing_nails,bulk,nail,8D Common Nail HDG 50lb,,,Allowed,,,,,,,2.5,0.131,8D 2.5,,EA,BX,,,,,2750,50,,,,,,,,,,,,,,,,,,,HDG,smooth,full_round,,bulk,,,,,framing_nail|blocking|8d|exterior,R602.3,N,,,,,,,,STOCK,,,~2750/box
FAST-BULK-12D-BRIGHT-50LB,FAST-BULK-12D-BRIGHT-50LB-V1,fasteners,framing_nails,bulk,nail,12D Common Nail Bright 50lb,,,Allowed,,,,,,,3.25,0.148,12D 3.25,,EA,BX,,,,,1650,50,,,,,,,,,,,,,,,,,,,Bright,smooth,full_round,,bulk,,,,,framing_nail|structural|12d,R602.3,N,,,,,,,,STOCK,,,~1650/box
FAST-BULK-12D-HDG-50LB,FAST-BULK-12D-HDG-50LB-V1,fasteners,framing_nails,bulk,nail,12D Common Nail HDG 50lb,,,Allowed,,,,,,,3.25,0.148,12D 3.25,,EA,BX,,,,,1650,50,,,,,,,,,,,,,,,,,,,HDG,smooth,full_round,,bulk,,,,,framing_nail|structural|12d|exterior,R602.3,N,,,,,,,,STOCK,,,~1650/box
FAST-BULK-20D-BRIGHT-50LB,FAST-BULK-20D-BRIGHT-50LB-V1,fasteners,framing_nails,bulk,nail,20D Common Nail Bright 50lb,,,Allowed,,,,,,,4,0.192,20D 4.0,,EA,BX,,,,,1000,50,,,,,,,,,,,,,,,,,,,Bright,smooth,full_round,,bulk,,,,,framing_nail|heavy|20d,R602.3,N,,,,,,,,STOCK,,,~1000/box
FAST-BULK-20D-HDG-50LB,FAST-BULK-20D-HDG-50LB-V1,fasteners,framing_nails,bulk,nail,20D Common Nail HDG 50lb,,,Allowed,,,,,,,4,0.192,20D 4.0,,EA,BX,,,,,1000,50,,,,,,,,,,,,,,,,,,,HDG,smooth,full_round,,bulk,,,,,framing_nail|heavy|20d|exterior,R602.3,N,,,,,,,,STOCK,,,~1000/box
FAST-COIL-325-BRIGHT-2700,FAST-COIL-325-BRIGHT-2700-V1,fasteners,collated_nails,coil,nail,Coil Framing Nail 3.25 Bright,,,Allowed,,,,,,,3.25,0.12,3.25,,EA,BX,,,,,2700,,,,,,,,,,,,,,,,,,,,Bright,smooth,full_round,15,wire_coil,,,,,framing_nail|coil|pneumatic,R602.3,N,,,,,,,,STOCK,,,15 deg wire coil
FAST-COIL-325-HDG-2700,FAST-COIL-325-HDG-2700-V1,fasteners,collated_nails,coil,nail,Coil Framing Nail 3.25 HDG,,,Allowed,,,,,,,3.25,0.12,3.25,,EA,BX,,,,,2700,,,,,,,,,,,,,,,,,,,,HDG,smooth,full_round,15,wire_coil,,,,,framing_nail|coil|pneumatic|exterior,R602.3,N,,,,,,,,STOCK,,,15 deg wire coil
FAST-COIL-30-BRIGHT-2700,FAST-COIL-30-BRIGHT-2700-V1,fasteners,collated_nails,coil,nail,Coil Framing Nail 3.0 Bright,,,Allowed,,,,,,,3,0.12,3.0,,EA,BX,,,,,2700,,,,,,,,,,,,,,,,,,,,Bright,smooth,full_round,15,wire_coil,,,,,framing_nail|coil|pneumatic,R602.3,N,,,,,,,,STOCK,,,15 deg wire coil
FAST-COIL-30-HDG-2700,FAST-COIL-30-HDG-2700-V1,fasteners,collated_nails,coil,nail,Coil Framing Nail 3.0 HDG,,,Allowed,,,,,,,3,0.12,3.0,,EA,BX,,,,,2700,,,,,,,,,,,,,,,,,,,,HDG,smooth,full_round,15,wire_coil,,,,,framing_nail|coil|pneumatic|exterior,R602.3,N,,,,,,,,STOCK,,,15 deg wire coil
FAST-STRIP-325-21DEG-BRIGHT,FAST-STRIP-325-21DEG-BRIGHT-V1,fasteners,collated_nails,strip,nail,Strip Framing Nail 3-1/4 Bright 21deg,,,Allowed,,,,,,,3.25,0.131,3-1/4,,EA,BX,,,,,2500,,,,,,,,,,,,,,,,,,,,Bright,smooth,full_round,21,plastic_strip,,,,,framing_nail|strip|pneumatic,R602.3,N,,,,,,,,STOCK,,,21deg
FAST-STRIP-325-21DEG-HDG,FAST-STRIP-325-21DEG-HDG-V1,fasteners,collated_nails,strip,nail,Strip Framing Nail 3-1/4 HDG 21deg,,,Allowed,,,,,,,3.25,0.131,3-1/4,,EA,BX,,,,,2500,,,,,,,,,,,,,,,,,,,,HDG,smooth,full_round,21,plastic_strip,,,,,framing_nail|strip|pneumatic|exterior,R602.3,N,,,,,,,,STOCK,,,21deg
FAST-STRIP-325-28DEG-BRIGHT,FAST-STRIP-325-28DEG-BRIGHT-V1,fasteners,collated_nails,strip,nail,Strip Framing Nail 3-1/4 Bright 28deg,,,Allowed,,,,,,,3.25,0.131,3-1/4,,EA,BX,,,,,2500,,,,,,,,,,,,,,,,,,,,Bright,smooth,clipped,28,paper_strip,,,,,framing_nail|strip|pneumatic,R602.3,N,,,,,,,,STOCK,,,28deg clipped
FAST-STRIP-325-28DEG-HDG,FAST-STRIP-325-28DEG-HDG-V1,fasteners,collated_nails,strip,nail,Strip Framing Nail 3-1/4 HDG 28deg,,,Allowed,,,,,,,3.25,0.131,3-1/4,,EA,BX,,,,,2500,,,,,,,,,,,,,,,,,,,,HDG,smooth,clipped,28,paper_strip,,,,,framing_nail|strip|pneumatic|exterior,R602.3,N,,,,,,,,STOCK,,,28deg clipped
FAST-STRIP-325-30DEG-BRIGHT,FAST-STRIP-325-30DEG-BRIGHT-V1,fasteners,collated_nails,strip,nail,Strip Framing Nail 3-1/4 Bright 30deg,,,Allowed,,,,,,,3.25,0.131,3-1/4,,EA,BX,,,,,2500,,,,,,,,,,,,,,,,,,,,Bright,smooth,full_round,30,paper_strip,,,,,framing_nail|strip|pneumatic,R602.3,N,,,,,,,,STOCK,,,30deg
FAST-STRIP-325-30DEG-HDG,FAST-STRIP-325-30DEG-HDG-V1,fasteners,collated_nails,strip,nail,Strip Framing Nail 3-1/4 HDG 30deg,,,Allowed,,,,,,,3.25,0.131,3-1/4,,EA,BX,,,,,2500,,,,,,,,,,,,,,,,,,,,HDG,smooth,full_round,30,paper_strip,,,,,framing_nail|strip|pneumatic|exterior,R602.3,N,,,,,,,,STOCK,,,30deg
FAST-STRIP-325-34DEG-BRIGHT,FAST-STRIP-325-34DEG-BRIGHT-V1,fasteners,collated_nails,strip,nail,Strip Framing Nail 3-1/4 Bright 34deg,,,Allowed,,,,,,,3.25,0.131,3-1/4,,EA,BX,,,,,2500,,,,,,,,,,,,,,,,,,,,Bright,smooth,full_round,34,paper_strip,,,,,framing_nail|strip|pneumatic,R602.3,N,,,,,,,,STOCK,,,34deg
FAST-STRIP-325-34DEG-HDG,FAST-STRIP-325-34DEG-HDG-V1,fasteners,collated_nails,strip,nail,Strip Framing Nail 3-1/4 HDG 34deg,,,Allowed,,,,,,,3.25,0.131,3-1/4,,EA,BX,,,,,2500,,,,,,,,,,,,,,,,,,,,HDG,smooth,full_round,34,paper_strip,,,,,framing_nail|strip|pneumatic|exterior,R602.3,N,,,,,,,,STOCK,,,34deg
FAST-SHEATH-8D-RS-BRIGHT-50LB,FAST-SHEATH-8D-RS-BRIGHT-50LB-V1,fasteners,sheathing_nails,bulk,nail,8d Ring Shank Sheathing Bright 50lb,,,Allowed,,,,,,,2.5,0.131,8d 2-1/2,,EA,BX,,,,,2750,50,,,,,,,,,,,,,,,,,,,Bright,ring_shank,full_round,,bulk,,,,,sheathing_nail|ring_shank|diaphragm,R602.10.4,N,,,,,,,,STOCK,,,Required per nailing schedule
FAST-SHEATH-8D-RS-HDG-50LB,FAST-SHEATH-8D-RS-HDG-50LB-V1,fasteners,sheathing_nails,bulk,nail,8d Ring Shank Sheathing HDG 50lb,,,Allowed,,,,,,,2.5,0.131,8d 2-1/2,,EA,BX,,,,,2750,50,,,,,,,,,,,,,,,,,,,HDG,ring_shank,full_round,,bulk,,,,,sheathing_nail|ring_shank|diaphragm|exterior,R602.10.4,N,,,,,,,,STOCK,,,Required per nailing schedule
FAST-COIL-SHEATH-212-RS-3600,FAST-COIL-SHEATH-212-RS-3600-V1,fasteners,collated_nails,coil_sheathing,nail,Coil Sheathing Nail 2-1/2 RS,,,Allowed,,,,,,,2.5,0.099,2-1/2,,EA,BX,,,,,3600,,,,,,,,,,,,,,,,,,,,Bright,ring_shank,full_round,15,wire_coil,,,,,sheathing_nail|coil|pneumatic,R602.10.4,N,,,,,,,,STOCK,,,
FAST-CONNECTOR-10DX15,FAST-CONNECTOR-10DX15-V1,fasteners,connector_nails,hanger,nail,Connector Nail 10DX15,,,Allowed,,,,,,,1.5,0.148,10d 1-1/2,,EA,BX,,,,,5000,,,,,,,,,,,,,,,,,,,,G90,smooth,full_round,,bulk,,,,,connector_nail|hanger|simpson,R502.6,N,,,,,,,,STOCK,,,
FAST-CONNECTOR-16D,FAST-CONNECTOR-16D-V1,fasteners,connector_nails,hanger,nail,Connector Nail 16D,,,Allowed,,,,,,,3.5,0.162,16d 3-1/2,,EA,BX,,,,,1500,,,,,,,,,,,,,,,,,,,,G90,smooth,full_round,,bulk,,,,,connector_nail|hanger|face,R502.6,N,,,,,,,,STOCK,,,
FAST-CONNECTOR-N8,FAST-CONNECTOR-N8-V1,fasteners,connector_nails,connector,nail,Connector Nail N8,,,Allowed,,,,,,,1.5,0.131,8d 1-1/2,,EA,BX,,,,,5000,,,,,,,,,,,,,,,,,,,,G90,smooth,full_round,,bulk,,,,,connector_nail|hurricane_tie,R502.6,N,,,,,,,,STOCK,,,
FAST-CONNECTOR-N10,FAST-CONNECTOR-N10-V1,fasteners,connector_nails,connector,nail,Connector Nail N10,,,Allowed,,,,,,,1.5,0.148,10d 1-1/2,,EA,BX,,,,,4000,,,,,,,,,,,,,,,,,,,,G90,smooth,full_round,,bulk,,,,,connector_nail|holdown,R502.6,N,,,,,,,,STOCK,,,
FAST-STAPLE-716-15-10M,FAST-STAPLE-716-15-10M-V1,fasteners,staples,crown,staple,Staple 7/16 Crown 1.5,,,Allowed,,,,,0.4375,,1.5,,7/16x1.5,,EA,BX,,,,,10000,,,,,,,,,,,,,,,,,,,,Galv,,,,wire_collated,,,,,staple|sheathing|wrb,R602.3,N,,,,,,,,STOCK,,,
FAST-STAPLE-716-175-10M,FAST-STAPLE-716-175-10M-V1,fasteners,staples,crown,staple,Staple 7/16 Crown 1.75,,,Allowed,,,,,0.4375,,1.75,,7/16x1.75,,EA,BX,,,,,10000,,,,,,,,,,,,,,,,,,,,Galv,,,,wire_collated,,,,,staple|sheathing,R602.3,N,,,,,,,,STOCK,,,
FAST-STAPLE-1-15-5M,FAST-STAPLE-1-15-5M-V1,fasteners,staples,narrow_crown,staple,Staple 1 Crown 1.5,,,Allowed,,,,,1,,1.5,,1x1.5,,EA,BX,,,,,5000,,,,,,,,,,,,,,,,,,,,Galv,,,,wire_collated,,,,,staple|subfloor,R602.3,N,,,,,,,,STOCK,,,
FAST-SDS-14X25-100CT,FAST-SDS-14X25-100CT-V1,fasteners,structural_screws,sds,screw,Simpson SDS 1/4x2.5 100ct,,,Allowed,,,,,,,2.5,0.25,1/4x2.5,,EA,BX,,,,,100,,,,,,,,,,,Simpson,Strong-Tie,SDS25250,,,,,,,Mech_Galv,,hex_washer,,,,,,,structural_screw|ledger|connector,R507.9.1.3,N,,,,,,,,STOCK,,,
FAST-SDS-14X3-100CT,FAST-SDS-14X3-100CT-V1,fasteners,structural_screws,sds,screw,Simpson SDS 1/4x3 100ct,,,Allowed,,,,,,,3,0.25,1/4x3,,EA,BX,,,,,100,,,,,,,,,,,Simpson,Strong-Tie,SDS25300,,,,,,,Mech_Galv,,hex_washer,,,,,,,structural_screw|ledger|connector,R507.9.1.3,N,,,,,,,,STOCK,,,
FAST-SDS-14X4-50CT,FAST-SDS-14X4-50CT-V1,fasteners,structural_screws,sds,screw,Simpson SDS 1/4x4 50ct,,,Allowed,,,,,,,4,0.25,1/4x4,,EA,BX,,,,,50,,,,,,,,,,,Simpson,Strong-Tie,SDS25400,,,,,,,Mech_Galv,,hex_washer,,,,,,,structural_screw|ledger|connector,R507.9.1.3,N,,,,,,,,STOCK,,,
FAST-SDWS-516X5-50CT,FAST-SDWS-516X5-50CT-V1,fasteners,structural_screws,sdws,screw,Simpson SDWS 5/16x5 50ct,,,Allowed,,,,,,,5,0.3125,5/16x5,,EA,BX,,,,,50,,,,,,,,,,,Simpson,Strong-Tie,SDWS22500,,,,,,,Mech_Galv,,washer_head,,,,,,,structural_screw|ledger|heavy,R507.9.1.3,N,,,,,,,,STOCK,,,Heavy structural wood
FAST-SDWS-516X6-50CT,FAST-SDWS-516X6-50CT-V1,fasteners,structural_screws,sdws,screw,Simpson SDWS 5/16x6 50ct,,,Allowed,,,,,,,6,0.3125,5/16x6,,EA,BX,,,,,50,,,,,,,,,,,Simpson,Strong-Tie,SDWS22600,,,,,,,Mech_Galv,,washer_head,,,,,,,structural_screw|ledger|heavy,R507.9.1.3,N,,,,,,,,STOCK,,,Heavy structural wood
FAST-SDWC-516X5-50CT,FAST-SDWC-516X5-50CT-V1,fasteners,structural_screws,sdwc,screw,Simpson SDWC Truss 5/16x5,,,Allowed,,,,,,,5,0.3125,5/16x5,,EA,BX,,,,,50,,,,,,,,,,,Simpson,Strong-Tie,SDWC15500,,,,,,,Mech_Galv,,washer_head,,,,,,,structural_screw|truss|rafter,R802.10,N,,,,,,,,STOCK,,,Truss/rafter connection
FAST-SDWH-38X6-12CT,FAST-SDWH-38X6-12CT-V1,fasteners,structural_screws,sdwh,screw,Simpson SDWH 3/8x6 TimberHex,,,Allowed,,,,,,,6,0.375,3/8x6,,EA,BX,,,,,12,,,,,,,,,,,Simpson,Strong-Tie,SDWH19600,,,,,,,DBR_Coating,,hex_washer,,,,,,,structural_screw|timber|beam,R602.7,N,,,,,,,,STOCK,,,Timber/heavy beam
FAST-LEDGERLOK-14X4-100CT,FAST-LEDGERLOK-14X4-100CT-V1,fasteners,structural_screws,ledger,screw,LedgerLOK 1/4x4 100ct,,,Allowed,,,,,,,4,0.25,1/4x4,,EA,BX,,,,,100,,,,,,,,,,,FastenMaster,LedgerLOK,,,,,,,,E-Coat,,washer_head,,,,,,,ledger_screw|deck,R507.9.1.3,N,,,,,,,,STOCK,,,No pre-drill required
FAST-HEADLOK-38X6-50CT,FAST-HEADLOK-38X6-50CT-V1,fasteners,structural_screws,heavy_duty,screw,HeadLOK 3/8x6 50ct,,,Allowed,,,,,,,6,0.375,3/8x6,,EA,BX,,,,,50,,,,,,,,,,,FastenMaster,HeadLOK,,,,,,,,E-Coat,,flat_head,,,,,,,structural_screw|beam|post,R602.7,N,,,,,,,,STOCK,,,Heavy structural flat head
FAST-LAG-14X3-100CT,FAST-LAG-14X3-100CT-V1,fasteners,lag_screws,standard,screw,Lag Screw Zinc 1/4x3 100ct,,,Allowed,,,,,,,3,0.25,1/4x3,,EA,BX,,,,,100,,,,,,,,,,,,,,,,,,,,Zinc,,hex,,,,,,,lag_screw|ledger,R602.7,N,,,,,,,,STOCK,,,
FAST-LAG-14X4-50CT,FAST-LAG-14X4-50CT-V1,fasteners,lag_screws,standard,screw,Lag Screw Zinc 1/4x4 50ct,,,Allowed,,,,,,,4,0.25,1/4x4,,EA,BX,,,,,50,,,,,,,,,,,,,,,,,,,,Zinc,,hex,,,,,,,lag_screw|ledger,R602.7,N,,,,,,,,STOCK,,,
FAST-LAG-38X3-50CT,FAST-LAG-38X3-50CT-V1,fasteners,lag_screws,standard,screw,Lag Screw Zinc 3/8x3 50ct,,,Allowed,,,,,,,3,0.375,3/8x3,,EA,BX,,,,,50,,,,,,,,,,,,,,,,,,,,Zinc,,hex,,,,,,,lag_screw|connector,R602.7,N,,,,,,,,STOCK,,,
FAST-LAG-38X4-50CT,FAST-LAG-38X4-50CT-V1,fasteners,lag_screws,standard,screw,Lag Screw Zinc 3/8x4 50ct,,,Allowed,,,,,,,4,0.375,3/8x4,,EA,BX,,,,,50,,,,,,,,,,,,,,,,,,,,Zinc,,hex,,,,,,,lag_screw|connector,R602.7,N,,,,,,,,STOCK,,,
FAST-LAG-38X5-25CT,FAST-LAG-38X5-25CT-V1,fasteners,lag_screws,heavy,screw,Lag Screw Zinc 3/8x5 25ct,,,Allowed,,,,,,,5,0.375,3/8x5,,EA,BX,,,,,25,,,,,,,,,,,,,,,,,,,,Zinc,,hex,,,,,,,lag_screw|heavy,R602.7,N,,,,,,,,STOCK,,,
FAST-LAG-12X4-25CT,FAST-LAG-12X4-25CT-V1,fasteners,lag_screws,heavy,screw,Lag Screw Zinc 1/2x4 25ct,,,Allowed,,,,,,,4,0.5,1/2x4,,EA,BX,,,,,25,,,,,,,,,,,,,,,,,,,,Zinc,,hex,,,,,,,lag_screw|heavy|beam,R602.7,N,,,,,,,,STOCK,,,
FAST-LAG-12X6-25CT,FAST-LAG-12X6-25CT-V1,fasteners,lag_screws,heavy,screw,Lag Screw Zinc 1/2x6 25ct,,,Allowed,,,,,,,6,0.5,1/2x6,,EA,BX,,,,,25,,,,,,,,,,,,,,,,,,,,Zinc,,hex,,,,,,,lag_screw|heavy|beam,R602.7,N,,,,,,,,STOCK,,,
FAST-LAG-38X4-HDG-50CT,FAST-LAG-38X4-HDG-50CT-V1,fasteners,lag_screws,hdg,screw,Lag Screw HDG 3/8x4 50ct,,,Allowed,,,,,,,4,0.375,3/8x4,,EA,BX,,,,,50,,,,,,,,,,,,,,,,,,,,HDG,,hex,,,,,,,lag_screw|exterior|pt_contact,R602.7,N,,,,,,,,STOCK,,,HDG for PT lumber
FAST-LAG-12X6-HDG-25CT,FAST-LAG-12X6-HDG-25CT-V1,fasteners,lag_screws,hdg,screw,Lag Screw HDG 1/2x6 25ct,,,Allowed,,,,,,,6,0.5,1/2x6,,EA,BX,,,,,25,,,,,,,,,,,,,,,,,,,,HDG,,hex,,,,,,,lag_screw|exterior|heavy,R602.7,N,,,,,,,,STOCK,,,HDG for PT lumber
FAST-CARR-38X4-25CT,FAST-CARR-38X4-25CT-V1,fasteners,bolts,carriage,bolt,Carriage Bolt Zinc 3/8x4 w/nut 25ct,,,Allowed,,,,,,,4,0.375,3/8x4,,EA,BX,,,,,25,,,,,,,,,,,,,,,,,,,,Zinc,,round,,,,,,,carriage_bolt|through_bolt,R602.7,N,,,,,,,,STOCK,,,With nut and washer
FAST-CARR-38X5-25CT,FAST-CARR-38X5-25CT-V1,fasteners,bolts,carriage,bolt,Carriage Bolt Zinc 3/8x5 w/nut 25ct,,,Allowed,,,,,,,5,0.375,3/8x5,,EA,BX,,,,,25,,,,,,,,,,,,,,,,,,,,Zinc,,round,,,,,,,carriage_bolt|through_bolt,R602.7,N,,,,,,,,STOCK,,,With nut and washer
FAST-CARR-38X6-25CT,FAST-CARR-38X6-25CT-V1,fasteners,bolts,carriage,bolt,Carriage Bolt Zinc 3/8x6 w/nut 25ct,,,Allowed,,,,,,,6,0.375,3/8x6,,EA,BX,,,,,25,,,,,,,,,,,,,,,,,,,,Zinc,,round,,,,,,,carriage_bolt|through_bolt,R602.7,N,,,,,,,,STOCK,,,With nut and washer
FAST-CARR-12X4-25CT,FAST-CARR-12X4-25CT-V1,fasteners,bolts,carriage,bolt,Carriage Bolt Zinc 1/2x4 w/nut 25ct,,,Allowed,,,,,,,4,0.5,1/2x4,,EA,BX,,,,,25,,,,,,,,,,,,,,,,,,,,Zinc,,round,,,,,,,carriage_bolt|through_bolt,R602.7,N,,,,,,,,STOCK,,,With nut and washer
FAST-CARR-12X6-25CT,FAST-CARR-12X6-25CT-V1,fasteners,bolts,carriage,bolt,Carriage Bolt Zinc 1/2x6 w/nut 25ct,,,Allowed,,,,,,,6,0.5,1/2x6,,EA,BX,,,,,25,,,,,,,,,,,,,,,,,,,,Zinc,,round,,,,,,,carriage_bolt|through_bolt,R602.7,N,,,,,,,,STOCK,,,With nut and washer
FAST-CARR-12X8-10CT,FAST-CARR-12X8-10CT-V1,fasteners,bolts,carriage,bolt,Carriage Bolt Zinc 1/2x8 w/nut 10ct,,,Allowed,,,,,,,8,0.5,1/2x8,,EA,BX,,,,,10,,,,,,,,,,,,,,,,,,,,Zinc,,round,,,,,,,carriage_bolt|through_bolt,R602.7,N,,,,,,,,STOCK,,,With nut and washer
FAST-CARR-12X6-HDG-10CT,FAST-CARR-12X6-HDG-10CT-V1,fasteners,bolts,carriage_hdg,bolt,Carriage Bolt HDG 1/2x6 w/nut 10ct,,,Allowed,,,,,,,6,0.5,1/2x6,,EA,BX,,,,,10,,,,,,,,,,,,,,,,,,,,HDG,,round,,,,,,,carriage_bolt|through_bolt|exterior|pt_contact,R602.7,N,,,,,,,,STOCK,,,With nut and washer
FAST-HEX-38X4-25CT,FAST-HEX-38X4-25CT-V1,fasteners,bolts,hex,bolt,Hex Bolt 3/8x4 w/nut 25ct,,,Allowed,,,,,,,4,0.375,3/8x4,,EA,BX,,,,,25,,,,,,,,,,,,,,,,,,,,Zinc,,hex,,,,,,,hex_bolt|connector,R602.7,N,,,,,,,,STOCK,,,
FAST-HEX-12X6-10CT,FAST-HEX-12X6-10CT-V1,fasteners,bolts,hex,bolt,Hex Bolt 1/2x6 w/nut 10ct,,,Allowed,,,,,,,6,0.5,1/2x6,,EA,BX,,,,,10,,,,,,,,,,,,,,,,,,,,Zinc,,hex,,,,,,,hex_bolt|connector,R602.7,N,,,,,,,,STOCK,,,
FAST-NUT-38-100CT,FAST-NUT-38-100CT-V1,fasteners,hardware,nut,hardware,Hex Nut 3/8 100ct,,,Allowed,,,,,,,,0.375,3/8,,EA,BX,,,,,100,,,,,,,,,,,,,,,,,,,,Zinc,,,,,,,,,nut|hardware,R602.3,N,,,,,,,,STOCK,,,
FAST-WASH-38-100CT,FAST-WASH-38-100CT-V1,fasteners,hardware,washer,hardware,Flat Washer 3/8 100ct,,,Allowed,,,,,,,,0.375,3/8,,EA,BX,,,,,100,,,,,,,,,,,,,,,,,,,,Zinc,,,,,,,,,washer|hardware,R602.3,N,,,,,,,,STOCK,,,
FAST-NUT-12-50CT,FAST-NUT-12-50CT-V1,fasteners,hardware,nut,hardware,Hex Nut 1/2 50ct,,,Allowed,,,,,,,,0.5,1/2,,EA,BX,,,,,50,,,,,,,,,,,,,,,,,,,,Zinc,,,,,,,,,nut|hardware,R602.3,N,,,,,,,,STOCK,,,
FAST-WASH-12-50CT,FAST-WASH-12-50CT-V1,fasteners,hardware,washer,hardware,Flat Washer 1/2 50ct,,,Allowed,,,,,,,,0.5,1/2,,EA,BX,,,,,50,,,,,,,,,,,,,,,,,,,,Zinc,,,,,,,,,washer|hardware,R602.3,N,,,,,,,,STOCK,,,
FAST-WASH-PLATE-3X3-12,FAST-WASH-PLATE-3X3-12-V1,fasteners,hardware,plate_washer,hardware,Plate Washer 3x3x1/4 1/2hole,,,Allowed,,,,,,,,,3x3x.25,,EA,EA,,,,,,,,,,,,,,,,,,,,,,,,,Zinc,,,,,,,,,plate_washer|sill|holdown,R403.1.6,N,,,,,,,,STOCK,,,Sill plate bearing
WRB-TYVEK-HOME-9X150,WRB-TYVEK-HOME-9X150-V1,wrb_flashing,housewrap,standard,wrb,Tyvek HomeWrap 9x150,,,Must_Match,,,,,,,,,9x150,,SF,RL,,,,1350,,,,,,,,,,,,DuPont,Tyvek,HomeWrap,,,,,,,,,,,,9,150,,,housewrap|residential,R703.2,N,,,,,,,,STOCK,,,Most common residential
WRB-TYVEK-HOME-9X100,WRB-TYVEK-HOME-9X100-V1,wrb_flashing,housewrap,standard,wrb,Tyvek HomeWrap 9x100,,,Must_Match,,,,,,,,,9x100,,SF,RL,,,,900,,,,,,,,,,,,DuPont,Tyvek,HomeWrap,,,,,,,,,,,,9,100,,,housewrap|residential,R703.2,N,,,,,,,,STOCK,,,
WRB-TYVEK-HOME-3X165,WRB-TYVEK-HOME-3X165-V1,wrb_flashing,housewrap,standard,wrb,Tyvek HomeWrap 3x165,,,Must_Match,,,,,,,,,3x165,,SF,RL,,,,495,,,,,,,,,,,,DuPont,Tyvek,HomeWrap,,,,,,,,,,,,3,165,,,housewrap|residential,R703.2,N,,,,,,,,STOCK,,,Small roll
WRB-TYVEK-COMM-9X150,WRB-TYVEK-COMM-9X150-V1,wrb_flashing,housewrap,standard,wrb,Tyvek CommercialWrap 9x150,,,Must_Match,,,,,,,,,9x150,,SF,RL,,,,1350,,,,,,,,,,,,DuPont,Tyvek,CommercialWrap,,,,,,,,,,,,9,150,,,housewrap|commercial,R703.2,N,,,,,,,,STOCK,,,Higher tear strength
WRB-TYVEK-DRAIN-9X100,WRB-TYVEK-DRAIN-9X100-V1,wrb_flashing,housewrap,drainable,wrb,Tyvek DrainWrap 9x100,,,Must_Match,,,,,,,,,9x100,,SF,RL,,,,900,,,,,,,,,,,,DuPont,Tyvek,DrainWrap,,,,,,,,,,,,9,100,,,housewrap|drainage_plane,R703.2,N,,,,,,,,STOCK,,,Grooved drainage
WRB-TYPAR-9X100,WRB-TYPAR-9X100-V1,wrb_flashing,housewrap,standard,wrb,Typar HouseWrap 9x100,,,Must_Match,,,,,,,,,9x100,,SF,RL,,,,900,,,,,,,,,,,,Typar,,HouseWrap,,,,,,,,,,,,9,100,,,housewrap|residential,R703.2,N,,,,,,,,STOCK,,,Polypropylene alt
WRB-TYPAR-9X150,WRB-TYPAR-9X150-V1,wrb_flashing,housewrap,standard,wrb,Typar HouseWrap 9x150,,,Must_Match,,,,,,,,,9x150,,SF,RL,,,,1350,,,,,,,,,,,,Typar,,HouseWrap,,,,,,,,,,,,9,150,,,housewrap|residential,R703.2,N,,,,,,,,STOCK,,,
WRB-TYPAR-3X100,WRB-TYPAR-3X100-V1,wrb_flashing,housewrap,standard,wrb,Typar HouseWrap 3x100,,,Must_Match,,,,,,,,,3x100,,SF,RL,,,,300,,,,,,,,,,,,Typar,,HouseWrap,,,,,,,,,,,,3,100,,,housewrap|residential,R703.2,N,,,,,,,,STOCK,,,Small roll
WRB-ZIP-TAPE-375X90,WRB-ZIP-TAPE-375X90-V1,wrb_flashing,zip_tape,seam,tape,ZIP System Seam Tape 3.75x90,,,Must_Match,,,,,,,,,3.75x90,,LF,RL,,,,,,,,,,,,,,,,Huber,ZIP System,Seam Tape,,,,,,,,,,,,,90,3.75,Acrylic,zip_tape|seam,R703.2,N,,,,,,,,STOCK,,,Standard seam tape
WRB-ZIP-TAPE-6X75,WRB-ZIP-TAPE-6X75-V1,wrb_flashing,zip_tape,stretch,tape,ZIP System Stretch Tape 6x75,,,Must_Match,,,,,,,,,6x75,,LF,RL,,,,,,,,,,,,,,,,Huber,ZIP System,Stretch Tape,,,,,,,,,,,,,75,6,Acrylic,zip_tape|window|door,R703.2,N,,,,,,,,STOCK,,,Flexible for openings
WRB-ZIP-TAPE-6X20,WRB-ZIP-TAPE-6X20-V1,wrb_flashing,zip_tape,stretch,tape,ZIP System Stretch Tape 6x20,,,Must_Match,,,,,,,,,6x20,,LF,RL,,,,,,,,,,,,,,,,Huber,ZIP System,Stretch Tape,,,,,,,,,,,,,20,6,Acrylic,zip_tape|window|door,R703.2,N,,,,,,,,STOCK,,,Short roll
WRB-ZIP-TAPE-10X20,WRB-ZIP-TAPE-10X20-V1,wrb_flashing,zip_tape,stretch,tape,ZIP System Stretch Tape 10x20,,,Must_Match,,,,,,,,,10x20,,LF,RL,,,,,,,,,,,,,,,,Huber,ZIP System,Stretch Tape,,,,,,,,,,,,,20,10,Acrylic,zip_tape|window|door,R703.2,N,,,,,,,,STOCK,,,Wide corners
WRB-VYCOR-4X75,WRB-VYCOR-4X75-V1,wrb_flashing,flashing_tape,butyl,tape,Vycor Plus 4x75,,,Must_Match,,,,,,,,,4x75,,LF,RL,,,,,,,,,,,,,,,,Grace,Vycor,Plus,,,,,,,,,,,,,75,4,Butyl,flashing_tape|window|door,R703.8,N,,,,,,,,STOCK,,,Self-adhered window
WRB-VYCOR-6X75,WRB-VYCOR-6X75-V1,wrb_flashing,flashing_tape,butyl,tape,Vycor Plus 6x75,,,Must_Match,,,,,,,,,6x75,,LF,RL,,,,,,,,,,,,,,,,Grace,Vycor,Plus,,,,,,,,,,,,,75,6,Butyl,flashing_tape|window|door,R703.8,N,,,,,,,,STOCK,,,
WRB-VYCOR-9X75,WRB-VYCOR-9X75-V1,wrb_flashing,flashing_tape,butyl,tape,Vycor Plus 9x75,,,Must_Match,,,,,,,,,9x75,,LF,RL,,,,,,,,,,,,,,,,Grace,Vycor,Plus,,,,,,,,,,,,,75,9,Butyl,flashing_tape|window|door|wide,R703.8,N,,,,,,,,STOCK,,,Wide sill pan
WRB-VYCOR-12X75,WRB-VYCOR-12X75-V1,wrb_flashing,flashing_tape,butyl,tape,Vycor Plus 12x75,,,Must_Match,,,,,,,,,12x75,,LF,RL,,,,,,,,,,,,,,,,Grace,Vycor,Plus,,,,,,,,,,,,,75,12,Butyl,flashing_tape|deck_ledger|critical,R703.8,N,,,,,,,,STOCK,,,Ledger flashing
WRB-FLASH-BUTYL-4X50,WRB-FLASH-BUTYL-4X50-V1,wrb_flashing,flashing_tape,butyl,tape,Flashing Tape Butyl 4x50,,,Must_Match,,,,,,,,,4x50,,LF,RL,,,,,,,,,,,,,,,,Generic,,Butyl Flash,,,,,,,,,,,,,50,4,Butyl,flashing_tape|window,R703.8,N,,,,,,,,STOCK,,,Generic butyl
WRB-FLASH-BUTYL-6X50,WRB-FLASH-BUTYL-6X50-V1,wrb_flashing,flashing_tape,butyl,tape,Flashing Tape Butyl 6x50,,,Must_Match,,,,,,,,,6x50,,LF,RL,,,,,,,,,,,,,,,,Generic,,Butyl Flash,,,,,,,,,,,,,50,6,Butyl,flashing_tape|window|door,R703.8,N,,,,,,,,STOCK,,,Generic butyl
WRB-FLASH-BUTYL-9X50,WRB-FLASH-BUTYL-9X50-V1,wrb_flashing,flashing_tape,butyl,tape,Flashing Tape Butyl 9x50,,,Must_Match,,,,,,,,,9x50,,LF,RL,,,,,,,,,,,,,,,,Generic,,Butyl Flash,,,,,,,,,,,,,50,9,Butyl,flashing_tape|window|door|sill|wide,R703.8,N,,,,,,,,STOCK,,,Generic butyl
WRB-TYVEK-TAPE-2X164,WRB-TYVEK-TAPE-2X164-V1,wrb_flashing,housewrap_tape,seam,tape,Tyvek Tape 2x164,,,Must_Match,,,,,,,,,2x164,,LF,RL,,,,,,,,,,,,,,,,DuPont,Tyvek,Tape,,,,,,,,,,,,,164,2,Acrylic,housewrap_tape|seam,R703.2,N,,,,,,,,STOCK,,,Tyvek seam tape
WRB-SURESILL-138X4,WRB-SURESILL-138X4-V1,wrb_flashing,sill_pan,formed,sill_pan,SureSill 1-3/8x4',,,Must_Match,,,,,,,,,1-3/8x4ft,,LF,EA,,,,,,,,,,,,,,,,SureSill,,,sill_pan,,,,,,,,,,,,,,,sill_pan|window|formed,R703.8,N,,,,,,,,STOCK,,,Formed sill pan 4ft
WRB-SURESILL-138X6,WRB-SURESILL-138X6-V1,wrb_flashing,sill_pan,formed,sill_pan,SureSill 1-3/8x6',,,Must_Match,,,,,,,,,1-3/8x6ft,,LF,EA,,,,,,,,,,,,,,,,SureSill,,,sill_pan,,,,,,,,,,,,,,,sill_pan|window|formed,R703.8,N,,,,,,,,STOCK,,,6ft pan
WRB-SURESILL-212X4,WRB-SURESILL-212X4-V1,wrb_flashing,sill_pan,formed,sill_pan,SureSill 2-1/2x4',,,Must_Match,,,,,,,,,2-1/2x4ft,,LF,EA,,,,,,,,,,,,,,,,SureSill,,,sill_pan,,,,,,,,,,,,,,,sill_pan|door|formed,R703.8,N,,,,,,,,STOCK,,,Wide for doors
WRB-CORNER-IN-4X4,WRB-CORNER-IN-4X4-V1,wrb_flashing,corners,inside,corner,Inside Corner 4x4,,,Must_Match,,,,,,,,,4x4,,EA,BX,,,,,50,,,,,,,,,,,Generic,,Inside Corner,,,,,,,,,,,,,,,,corner|inside|window,R703.8,N,,,,,,,,STOCK,,,Pre-formed inside
WRB-CORNER-OUT-4X4,WRB-CORNER-OUT-4X4-V1,wrb_flashing,corners,outside,corner,Outside Corner 4x4,,,Must_Match,,,,,,,,,4x4,,EA,BX,,,,,50,,,,,,,,,,,Generic,,Outside Corner,,,,,,,,,,,,,,,,corner|outside|window,R703.8,N,,,,,,,,STOCK,,,Pre-formed outside
WRB-CAP-NAIL-1IN-5M,WRB-CAP-NAIL-1IN-5M-V1,wrb_flashing,cap_fasteners,nail,fastener,"Cap Nail 1"" 5000ct",,,Must_Match,,,,,,,1,,1,,EA,BX,,,,,5000,,,,,,,,,,,,,,,,,,,,Galv,,,,,,,,,cap_nail|housewrap,R703.2,N,,,,,,,,STOCK,,,Housewrap cap nails
WRB-CAP-STAPLE-1IN-5M,WRB-CAP-STAPLE-1IN-5M-V1,wrb_flashing,cap_fasteners,staple,fastener,"Cap Staple 1"" 5000ct",,,Must_Match,,,,,,,1,,1,,EA,BX,,,,,5000,,,,,,,,,,,,,,,,,,,,Galv,,,,,,,,,cap_staple|housewrap,R703.2,N,,,,,,,,STOCK,,,Housewrap cap staples
WRB-SILLSEAL-35X50,WRB-SILLSEAL-35X50-V1,wrb_flashing,gaskets,sill_seal,gasket,Sill Seal Foam 3.5x50,,,Must_Match,,,,,3.5,,,,3.5x50,,LF,RL,,,,,,,,,,,,,,,,,,,,,,,,,,,,,,,50,,,sill_seal|air_seal|2x4,R402.4.1,N,,,,,,,,STOCK,,,2x4 wall sill gasket
WRB-SILLSEAL-55X50,WRB-SILLSEAL-55X50-V1,wrb_flashing,gaskets,sill_seal,gasket,Sill Seal Foam 5.5x50,,,Must_Match,,,,,5.5,,,,5.5x50,,LF,RL,,,,,,,,,,,,,,,,,,,,,,,,,,,,,,,50,,,sill_seal|air_seal|2x6,R402.4.1,N,,,,,,,,STOCK,,,2x6 wall sill gasket
ADH-SUBFLOOR-28oz,ADH-SUBFLOOR-28oz-V1,adhesives,construction,subfloor,adhesive,Subfloor Adhesive 28oz,,,Allowed,,,,,,,,,28oz,,EA,TUBE,,,,,,,,,,,,,,,,,,,,,,,,,,,,,,,,,Polyurethane,subfloor_adhesive|squeak_free,R503.2.1,N,,,,,,,,STOCK,,,Reduces floor squeaks
ADH-SUBFLOOR-28oz_LOW,ADH-SUBFLOOR-28oz_LOW-V1,adhesives,construction,subfloor,adhesive,Subfloor Adhesive Low-VOC 28oz,,,Allowed,,,,,,,,,28oz,,EA,TUBE,,,,,,,,,,,,,,,,,,,,,,,,,,,,,,,,,Polyurethane,subfloor_adhesive|low_voc,R503.2.1,N,,,,,,,,STOCK,,,Low VOC formula
ADH-CONST-10,ADH-CONST-10-V1,adhesives,construction,general,adhesive,Construction Adhesive 10oz,,,Allowed,,,,,,,,,10oz,,EA,TUBE,,,,,,,,,,,,,,,,,,,,,,,,,,,,,,,,,Latex,construction_adhesive|general,R503.2.3,N,,,,,,,,STOCK,,,General purpose
ADH-CONST-28,ADH-CONST-28-V1,adhesives,construction,general,adhesive,Construction Adhesive 28oz,,,Allowed,,,,,,,,,28oz,,EA,TUBE,,,,,,,,,,,,,,,,,,,,,,,,,,,,,,,,,Latex,construction_adhesive|general,R503.2.3,N,,,,,,,,STOCK,,,Large tube
ADH-PL-PREM-10,ADH-PL-PREM-10-V1,adhesives,construction,premium,adhesive,PL Premium 10oz,,,Allowed,,,,,,,,,10oz,,EA,TUBE,,,,,,,,,,,,,,,,Loctite,PL,Premium,,,,,,,,,,,,,,,Polyurethane,construction_adhesive|premium|structural,R503.2.3,N,,,,,,,,STOCK,,,3X stronger bond
ADH-PL-PREM-28,ADH-PL-PREM-28-V1,adhesives,construction,premium,adhesive,PL Premium 28oz,,,Allowed,,,,,,,,,28oz,,EA,TUBE,,,,,,,,,,,,,,,,Loctite,PL,Premium,,,,,,,,,,,,,,,Polyurethane,construction_adhesive|premium|structural,R503.2.3,N,,,,,,,,STOCK,,,3X stronger bond
ADH-LIQUIDNAILS-HD-28,ADH-LIQUIDNAILS-HD-28-V1,adhesives,construction,heavy_duty,adhesive,Liquid Nails HD 28oz,,,Allowed,,,,,,,,,28oz,,EA,TUBE,,,,,,,,,,,,,,,,Liquid Nails,,Heavy Duty,,,,,,,,,,,,,,,Latex,construction_adhesive|heavy_duty,R503.2.3,N,,,,,,,,STOCK,,,Heavy duty interior
DFL-SDRY-1000,DFL-SDRY-2x4-8FT,dimensional_lumber,joists_rafters,structural,joist,Douglas Fir S-DRY 2x4x8' #1 Select,DF-L,DF-L,Allowed,#1,Select Structural,S-DRY,1.5,3.5,,96,,2x4,1.5x3.5,LF,EA,8,3.5,,,,,,,,,,,,,,,,,,,,,,,,,,,,,,,,structural|joists|rafters|headers|premium,R502|R602|R802,N,,,,,,,,STOCK,,,
DFL-SDRY-1001,DFL-SDRY-2x4-10FT,dimensional_lumber,joists_rafters,structural,joist,Douglas Fir S-DRY 2x4x10' #1 Select,DF-L,DF-L,Allowed,#1,Select Structural,S-DRY,1.5,3.5,,120,,2x4,1.5x3.5,LF,EA,10,4.38,,,,,,,,,,,,,,,,,,,,,,,,,,,,,,,,structural|joists|rafters|headers|premium,R502|R602|R802,N,,,,,,,,STOCK,,,
DFL-SDRY-1002,DFL-SDRY-2x4-12FT,dimensional_lumber,joists_rafters,structural,joist,Douglas Fir S-DRY 2x4x12' #1 Select,DF-L,DF-L,Allowed,#1,Select Structural,S-DRY,1.5,3.5,,144,,2x4,1.5x3.5,LF,EA,12,5.25,,,,,,,,,,,,,,,,,,,,,,,,,,,,,,,,structural|joists|rafters|headers|premium,R502|R602|R802,N,,,,,,,,STOCK,,,
DFL-SDRY-1003,DFL-SDRY-2x4-14FT,dimensional_lumber,joists_rafters,structural,joist,Douglas Fir S-DRY 2x4x14' #1 Select,DF-L,DF-L,Allowed,#1,Select Structural,S-DRY,1.5,3.5,,168,,2x4,1.5x3.5,LF,EA,14,6.12,,,,,,,,,,,,,,,,,,,,,,,,,,,,,,,,structural|joists|rafters|headers|premium,R502|R602|R802,N,,,,,,,,STOCK,,,
DFL-SDRY-1004,DFL-SDRY-2x4-16FT,dimensional_lumber,joists_rafters,structural,joist,Douglas Fir S-DRY 2x4x16' #1 Select,DF-L,DF-L,Allowed,#1,Select Structural,S-DRY,1.5,3.5,,192,,2x4,1.5x3.5,LF,EA,16,7,,,,,,,,,,,,,,,,,,,,,,,,,,,,,,,,structural|joists|rafters|headers|premium,R502|R602|R802,N,,,,,,,,STOCK,,,
DFL-SDRY-1005,DFL-SDRY-2x6-8FT,dimensional_lumber,joists_rafters,structural,joist,Douglas Fir S-DRY 2x6x8' #1 Select,DF-L,DF-L,Allowed,#1,Select Structural,S-DRY,1.5,5.5,,96,,2x6,1.5x5.5,LF,EA,8,5.5,,,,,,,,,,,,,,,,,,,,,,,,,,,,,,,,structural|joists|rafters|headers|premium,R502|R602|R802,N,,,,,,,,STOCK,,,
DFL-SDRY-1006,DFL-SDRY-2x6-10FT,dimensional_lumber,joists_rafters,structural,joist,Douglas Fir S-DRY 2x6x10' #1 Select,DF-L,DF-L,Allowed,#1,Select Structural,S-DRY,1.5,5.5,,120,,2x6,1.5x5.5,LF,EA,10,6.88,,,,,,,,,,,,,,,,,,,,,,,,,,,,,,,,structural|joists|rafters|headers|premium,R502|R602|R802,N,,,,,,,,STOCK,,,
DFL-SDRY-1007,DFL-SDRY-2x6-12FT,dimensional_lumber,joists_rafters,structural,joist,Douglas Fir S-DRY 2x6x12' #1 Select,DF-L,DF-L,Allowed,#1,Select Structural,S-DRY,1.5,5.5,,144,,2x6,1.5x5.5,LF,EA,12,8.25,,,,,,,,,,,,,,,,,,,,,,,,,,,,,,,,structural|joists|rafters|headers|premium,R502|R602|R802,N,,,,,,,,STOCK,,,
DFL-SDRY-1008,DFL-SDRY-2x6-14FT,dimensional_lumber,joists_rafters,structural,joist,Douglas Fir S-DRY 2x6x14' #1 Select,DF-L,DF-L,Allowed,#1,Select Structural,S-DRY,1.5,5.5,,168,,2x6,1.5x5.5,LF,EA,14,9.62,,,,,,,,,,,,,,,,,,,,,,,,,,,,,,,,structural|joists|rafters|headers|premium,R502|R602|R802,N,,,,,,,,STOCK,,,
DFL-SDRY-1009,DFL-SDRY-2x6-16FT,dimensional_lumber,joists_rafters,structural,joist,Douglas Fir S-DRY 2x6x16' #1 Select,DF-L,DF-L,Allowed,#1,Select Structural,S-DRY,1.5,5.5,,192,,2x6,1.5x5.5,LF,EA,16,11,,,,,,,,,,,,,,,,,,,,,,,,,,,,,,,,structural|joists|rafters|headers|premium,R502|R602|R802,N,,,,,,,,STOCK,,,
DFL-SDRY-1010,DFL-SDRY-2x8-8FT,dimensional_lumber,joists_rafters,structural,joist,Douglas Fir S-DRY 2x8x8' #1 Select,DF-L,DF-L,Allowed,#1,Select Structural,S-DRY,1.5,7.25,,96,,2x8,1.5x7.25,LF,EA,8,7.25,,,,,,,,,,,,,,,,,,,,,,,,,,,,,,,,structural|joists|rafters|headers|premium,R502|R602|R802,N,,,,,,,,STOCK,,,
DFL-SDRY-1011,DFL-SDRY-2x8-10FT,dimensional_lumber,joists_rafters,structural,joist,Douglas Fir S-DRY 2x8x10' #1 Select,DF-L,DF-L,Allowed,#1,Select Structural,S-DRY,1.5,7.25,,120,,2x8,1.5x7.25,LF,EA,10,9.06,,,,,,,,,,,,,,,,,,,,,,,,,,,,,,,,structural|joists|rafters|headers|premium,R502|R602|R802,N,,,,,,,,STOCK,,,
DFL-SDRY-1012,DFL-SDRY-2x8-12FT,dimensional_lumber,joists_rafters,structural,joist,Douglas Fir S-DRY 2x8x12' #1 Select,DF-L,DF-L,Allowed,#1,Select Structural,S-DRY,1.5,7.25,,144,,2x8,1.5x7.25,LF,EA,12,10.88,,,,,,,,,,,,,,,,,,,,,,,,,,,,,,,,structural|joists|rafters|headers|premium,R502|R602|R802,N,,,,,,,,STOCK,,,
DFL-SDRY-1013,DFL-SDRY-2x8-14FT,dimensional_lumber,joists_rafters,structural,joist,Douglas Fir S-DRY 2x8x14' #1 Select,DF-L,DF-L,Allowed,#1,Select Structural,S-DRY,1.5,7.25,,168,,2x8,1.5x7.25,LF,EA,14,12.69,,,,,,,,,,,,,,,,,,,,,,,,,,,,,,,,structural|joists|rafters|headers|premium,R502|R602|R802,N,,,,,,,,STOCK,,,
DFL-SDRY-1014,DFL-SDRY-2x8-16FT,dimensional_lumber,joists_rafters,structural,joist,Douglas Fir S-DRY 2x8x16' #1 Select,DF-L,DF-L,Allowed,#1,Select Structural,S-DRY,1.5,7.25,,192,,2x8,1.5x7.25,LF,EA,16,14.5,,,,,,,,,,,,,,,,,,,,,,,,,,,,,,,,structural|joists|rafters|headers|premium,R502|R602|R802,N,,,,,,,,STOCK,,,
DFL-SDRY-1015,DFL-SDRY-2x10-8FT,dimensional_lumber,joists_rafters,structural,joist,Douglas Fir S-DRY 2x10x8' #1 Select,DF-L,DF-L,Allowed,#1,Select Structural,S-DRY,1.5,9.25,,96,,2x10,1.5x9.25,LF,EA,8,9.25,,,,,,,,,,,,,,,,,,,,,,,,,,,,,,,,structural|joists|rafters|headers|premium,R502|R602|R802,N,,,,,,,,STOCK,,,
DFL-SDRY-1016,DFL-SDRY-2x10-10FT,dimensional_lumber,joists_rafters,structural,joist,Douglas Fir S-DRY 2x10x10' #1 Select,DF-L,DF-L,Allowed,#1,Select Structural,S-DRY,1.5,9.25,,120,,2x10,1.5x9.25,LF,EA,10,11.56,,,,,,,,,,,,,,,,,,,,,,,,,,,,,,,,structural|joists|rafters|headers|premium,R502|R602|R802,N,,,,,,,,STOCK,,,
DFL-SDRY-1017,DFL-SDRY-2x10-12FT,dimensional_lumber,joists_rafters,structural,joist,Douglas Fir S-DRY 2x10x12' #1 Select,DF-L,DF-L,Allowed,#1,Select Structural,S-DRY,1.5,9.25,,144,,2x10,1.5x9.25,LF,EA,12,13.88,,,,,,,,,,,,,,,,,,,,,,,,,,,,,,,,structural|joists|rafters|headers|premium,R502|R602|R802,N,,,,,,,,STOCK,,,
DFL-SDRY-1018,DFL-SDRY-2x10-14FT,dimensional_lumber,joists_rafters,structural,joist,Douglas Fir S-DRY 2x10x14' #1 Select,DF-L,DF-L,Allowed,#1,Select Structural,S-DRY,1.5,9.25,,168,,2x10,1.5x9.25,LF,EA,14,16.19,,,,,,,,,,,,,,,,,,,,,,,,,,,,,,,,structural|joists|rafters|headers|premium,R502|R602|R802,N,,,,,,,,STOCK,,,
DFL-SDRY-1019,DFL-SDRY-2x10-16FT,dimensional_lumber,joists_rafters,structural,joist,Douglas Fir S-DRY 2x10x16' #1 Select,DF-L,DF-L,Allowed,#1,Select Structural,S-DRY,1.5,9.25,,192,,2x10,1.5x9.25,LF,EA,16,18.5,,,,,,,,,,,,,,,,,,,,,,,,,,,,,,,,structural|joists|rafters|headers|premium,R502|R602|R802,N,,,,,,,,STOCK,,,
DFL-SDRY-1020,DFL-SDRY-2x12-8FT,dimensional_lumber,joists_rafters,structural,joist,Douglas Fir S-DRY 2x12x8' #1 Select,DF-L,DF-L,Allowed,#1,Select Structural,S-DRY,1.5,11.25,,96,,2x12,1.5x11.25,LF,EA,8,11.25,,,,,,,,,,,,,,,,,,,,,,,,,,,,,,,,structural|joists|rafters|headers|premium,R502|R602|R802,N,,,,,,,,STOCK,,,
DFL-SDRY-1021,DFL-SDRY-2x12-10FT,dimensional_lumber,joists_rafters,structural,joist,Douglas Fir S-DRY 2x12x10' #1 Select,DF-L,DF-L,Allowed,#1,Select Structural,S-DRY,1.5,11.25,,120,,2x12,1.5x11.25,LF,EA,10,14.06,,,,,,,,,,,,,,,,,,,,,,,,,,,,,,,,structural|joists|rafters|headers|premium,R502|R602|R802,N,,,,,,,,STOCK,,,
DFL-SDRY-1022,DFL-SDRY-2x12-12FT,dimensional_lumber,joists_rafters,structural,joist,Douglas Fir S-DRY 2x12x12' #1 Select,DF-L,DF-L,Allowed,#1,Select Structural,S-DRY,1.5,11.25,,144,,2x12,1.5x11.25,LF,EA,12,16.88,,,,,,,,,,,,,,,,,,,,,,,,,,,,,,,,structural|joists|rafters|headers|premium,R502|R602|R802,N,,,,,,,,STOCK,,,
DFL-SDRY-1023,DFL-SDRY-2x12-14FT,dimensional_lumber,joists_rafters,structural,joist,Douglas Fir S-DRY 2x12x14' #1 Select,DF-L,DF-L,Allowed,#1,Select Structural,S-DRY,1.5,11.25,,168,,2x12,1.5x11.25,LF,EA,14,19.69,,,,,,,,,,,,,,,,,,,,,,,,,,,,,,,,structural|joists|rafters|headers|premium,R502|R602|R802,N,,,,,,,,STOCK,,,
DFL-SDRY-1024,DFL-SDRY-2x12-16FT,dimensional_lumber,joists_rafters,structural,joist,Douglas Fir S-DRY 2x12x16' #1 Select,DF-L,DF-L,Allowed,#1,Select Structural,S-DRY,1.5,11.25,,192,,2x12,1.5x11.25,LF,EA,16,22.5,,,,,,,,,,,,,,,,,,,,,,,,,,,,,,,,structural|joists|rafters|headers|premium,R502|R602|R802,N,,,,,,,,STOCK,,,
DFL-3X-1025,DFL-3x4-8FT,dimensional_lumber,posts_timbers,heavy_framing,beam,Douglas Fir 3x4x8' #2&BTR,DF-L,DF-L|HF,Allowed,#2&Btr,#2,KD,2.5,3.5,,96,,3x4,2.5x3.5,LF,EA,8,5.83,,,,,,,,,,,,,,,,,,,,,,,,,,,,,,,,heavy_framing|beams|lintels|structural,R502|R602,N,,,,,,,,STOCK,,,
DFL-3X-1026,DFL-3x4-10FT,dimensional_lumber,posts_timbers,heavy_framing,beam,Douglas Fir 3x4x10' #2&BTR,DF-L,DF-L|HF,Allowed,#2&Btr,#2,KD,2.5,3.5,,120,,3x4,2.5x3.5,LF,EA,10,7.29,,,,,,,,,,,,,,,,,,,,,,,,,,,,,,,,heavy_framing|beams|lintels|structural,R502|R602,N,,,,,,,,STOCK,,,
DFL-3X-1027,DFL-3x4-12FT,dimensional_lumber,posts_timbers,heavy_framing,beam,Douglas Fir 3x4x12' #2&BTR,DF-L,DF-L|HF,Allowed,#2&Btr,#2,KD,2.5,3.5,,144,,3x4,2.5x3.5,LF,EA,12,8.75,,,,,,,,,,,,,,,,,,,,,,,,,,,,,,,,heavy_framing|beams|lintels|structural,R502|R602,N,,,,,,,,STOCK,,,
DFL-3X-1028,DFL-3x4-16FT,dimensional_lumber,posts_timbers,heavy_framing,beam,Douglas Fir 3x4x16' #2&BTR,DF-L,DF-L|HF,Allowed,#2&Btr,#2,KD,2.5,3.5,,192,,3x4,2.5x3.5,LF,EA,16,11.67,,,,,,,,,,,,,,,,,,,,,,,,,,,,,,,,heavy_framing|beams|lintels|structural,R502|R602,N,,,,,,,,STOCK,,,
DFL-3X-1029,DFL-3x4-20FT,dimensional_lumber,posts_timbers,heavy_framing,beam,Douglas Fir 3x4x20' #2&BTR,DF-L,DF-L|HF,Allowed,#2&Btr,#2,KD,2.5,3.5,,240,,3x4,2.5x3.5,LF,EA,20,14.58,,,,,,,,,,,,,,,,,,,,,,,,,,,,,,,,heavy_framing|beams|lintels|structural,R502|R602,N,,,,,,,,STOCK,,,
DFL-3X-1030,DFL-3x6-8FT,dimensional_lumber,posts_timbers,heavy_framing,beam,Douglas Fir 3x6x8' #2&BTR,DF-L,DF-L|HF,Allowed,#2&Btr,#2,KD,2.5,5.5,,96,,3x6,2.5x5.5,LF,EA,8,9.17,,,,,,,,,,,,,,,,,,,,,,,,,,,,,,,,heavy_framing|beams|lintels|structural,R502|R602,N,,,,,,,,STOCK,,,
DFL-3X-1031,DFL-3x6-10FT,dimensional_lumber,posts_timbers,heavy_framing,beam,Douglas Fir 3x6x10' #2&BTR,DF-L,DF-L|HF,Allowed,#2&Btr,#2,KD,2.5,5.5,,120,,3x6,2.5x5.5,LF,EA,10,11.46,,,,,,,,,,,,,,,,,,,,,,,,,,,,,,,,heavy_framing|beams|lintels|structural,R502|R602,N,,,,,,,,STOCK,,,
DFL-3X-1032,DFL-3x6-12FT,dimensional_lumber,posts_timbers,heavy_framing,beam,Douglas Fir 3x6x12' #2&BTR,DF-L,DF-L|HF,Allowed,#2&Btr,#2,KD,2.5,5.5,,144,,3x6,2.5x5.5,LF,EA,12,13.75,,,,,,,,,,,,,,,,,,,,,,,,,,,,,,,,heavy_framing|beams|lintels|structural,R502|R602,N,,,,,,,,STOCK,,,
DFL-3X-1033,DFL-3x6-16FT,dimensional_lumber,posts_timbers,heavy_framing,beam,Douglas Fir 3x6x16' #2&BTR,DF-L,DF-L|HF,Allowed,#2&Btr,#2,KD,2.5,5.5,,192,,3x6,2.5x5.5,LF,EA,16,18.33,,,,,,,,,,,,,,,,,,,,,,,,,,,,,,,,heavy_framing|beams|lintels|structural,R502|R602,N,,,,,,,,STOCK,,,
DFL-3X-1034,DFL-3x6-20FT,dimensional_lumber,posts_timbers,heavy_framing,beam,Douglas Fir 3x6x20' #2&BTR,DF-L,DF-L|HF,Allowed,#2&Btr,#2,KD,2.5,5.5,,240,,3x6,2.5x5.5,LF,EA,20,22.92,,,,,,,,,,,,,,,,,,,,,,,,,,,,,,,,heavy_framing|beams|lintels|structural,R502|R602,N,,,,,,,,STOCK,,,
DFL-3X-1035,DFL-3x8-8FT,dimensional_lumber,posts_timbers,heavy_framing,beam,Douglas Fir 3x8x8' #2&BTR,DF-L,DF-L|HF,Allowed,#2&Btr,#2,KD,2.5,7.25,,96,,3x8,2.5x7.25,LF,EA,8,12.08,,,,,,,,,,,,,,,,,,,,,,,,,,,,,,,,heavy_framing|beams|lintels|structural,R502|R602,N,,,,,,,,STOCK,,,
DFL-3X-1036,DFL-3x8-10FT,dimensional_lumber,posts_timbers,heavy_framing,beam,Douglas Fir 3x8x10' #2&BTR,DF-L,DF-L|HF,Allowed,#2&Btr,#2,KD,2.5,7.25,,120,,3x8,2.5x7.25,LF,EA,10,15.1,,,,,,,,,,,,,,,,,,,,,,,,,,,,,,,,heavy_framing|beams|lintels|structural,R502|R602,N,,,,,,,,STOCK,,,
DFL-3X-1037,DFL-3x8-12FT,dimensional_lumber,posts_timbers,heavy_framing,beam,Douglas Fir 3x8x12' #2&BTR,DF-L,DF-L|HF,Allowed,#2&Btr,#2,KD,2.5,7.25,,144,,3x8,2.5x7.25,LF,EA,12,18.12,,,,,,,,,,,,,,,,,,,,,,,,,,,,,,,,heavy_framing|beams|lintels|structural,R502|R602,N,,,,,,,,STOCK,,,
DFL-3X-1038,DFL-3x8-16FT,dimensional_lumber,posts_timbers,heavy_framing,beam,Douglas Fir 3x8x16' #2&BTR,DF-L,DF-L|HF,Allowed,#2&Btr,#2,KD,2.5,7.25,,192,,3x8,2.5x7.25,LF,EA,16,24.17,,,,,,,,,,,,,,,,,,,,,,,,,,,,,,,,heavy_framing|beams|lintels|structural,R502|R602,N,,,,,,,,STOCK,,,
DFL-3X-1039,DFL-3x8-20FT,dimensional_lumber,posts_timbers,heavy_framing,beam,Douglas Fir 3x8x20' #2&BTR,DF-L,DF-L|HF,Allowed,#2&Btr,#2,KD,2.5,7.25,,240,,3x8,2.5x7.25,LF,EA,20,30.21,,,,,,,,,,,,,,,,,,,,,,,,,,,,,,,,heavy_framing|beams|lintels|structural,R502|R602,N,,,,,,,,STOCK,,,
DFL-3X-1040,DFL-3x10-8FT,dimensional_lumber,posts_timbers,heavy_framing,beam,Douglas Fir 3x10x8' #2&BTR,DF-L,DF-L|HF,Allowed,#2&Btr,#2,KD,2.5,9.25,,96,,3x10,2.5x9.25,LF,EA,8,15.42,,,,,,,,,,,,,,,,,,,,,,,,,,,,,,,,heavy_framing|beams|lintels|structural,R502|R602,N,,,,,,,,STOCK,,,
DFL-3X-1041,DFL-3x10-10FT,dimensional_lumber,posts_timbers,heavy_framing,beam,Douglas Fir 3x10x10' #2&BTR,DF-L,DF-L|HF,Allowed,#2&Btr,#2,KD,2.5,9.25,,120,,3x10,2.5x9.25,LF,EA,10,19.27,,,,,,,,,,,,,,,,,,,,,,,,,,,,,,,,heavy_framing|beams|lintels|structural,R502|R602,N,,,,,,,,STOCK,,,
DFL-3X-1042,DFL-3x10-12FT,dimensional_lumber,posts_timbers,heavy_framing,beam,Douglas Fir 3x10x12' #2&BTR,DF-L,DF-L|HF,Allowed,#2&Btr,#2,KD,2.5,9.25,,144,,3x10,2.5x9.25,LF,EA,12,23.12,,,,,,,,,,,,,,,,,,,,,,,,,,,,,,,,heavy_framing|beams|lintels|structural,R502|R602,N,,,,,,,,STOCK,,,
DFL-3X-1043,DFL-3x10-16FT,dimensional_lumber,posts_timbers,heavy_framing,beam,Douglas Fir 3x10x16' #2&BTR,DF-L,DF-L|HF,Allowed,#2&Btr,#2,KD,2.5,9.25,,192,,3x10,2.5x9.25,LF,EA,16,30.83,,,,,,,,,,,,,,,,,,,,,,,,,,,,,,,,heavy_framing|beams|lintels|structural,R502|R602,N,,,,,,,,STOCK,,,
DFL-3X-1044,DFL-3x10-20FT,dimensional_lumber,posts_timbers,heavy_framing,beam,Douglas Fir 3x10x20' #2&BTR,DF-L,DF-L|HF,Allowed,#2&Btr,#2,KD,2.5,9.25,,240,,3x10,2.5x9.25,LF,EA,20,38.54,,,,,,,,,,,,,,,,,,,,,,,,,,,,,,,,heavy_framing|beams|lintels|structural,R502|R602,N,,,,,,,,STOCK,,,
DFL-3X-1045,DFL-3x12-8FT,dimensional_lumber,posts_timbers,heavy_framing,beam,Douglas Fir 3x12x8' #2&BTR,DF-L,DF-L|HF,Allowed,#2&Btr,#2,KD,2.5,11.25,,96,,3x12,2.5x11.25,LF,EA,8,18.75,,,,,,,,,,,,,,,,,,,,,,,,,,,,,,,,heavy_framing|beams|lintels|structural,R502|R602,N,,,,,,,,STOCK,,,
DFL-3X-1046,DFL-3x12-10FT,dimensional_lumber,posts_timbers,heavy_framing,beam,Douglas Fir 3x12x10' #2&BTR,DF-L,DF-L|HF,Allowed,#2&Btr,#2,KD,2.5,11.25,,120,,3x12,2.5x11.25,LF,EA,10,23.44,,,,,,,,,,,,,,,,,,,,,,,,,,,,,,,,heavy_framing|beams|lintels|structural,R502|R602,N,,,,,,,,STOCK,,,
DFL-3X-1047,DFL-3x12-12FT,dimensional_lumber,posts_timbers,heavy_framing,beam,Douglas Fir 3x12x12' #2&BTR,DF-L,DF-L|HF,Allowed,#2&Btr,#2,KD,2.5,11.25,,144,,3x12,2.5x11.25,LF,EA,12,28.12,,,,,,,,,,,,,,,,,,,,,,,,,,,,,,,,heavy_framing|beams|lintels|structural,R502|R602,N,,,,,,,,STOCK,,,
DFL-3X-1048,DFL-3x12-16FT,dimensional_lumber,posts_timbers,heavy_framing,beam,Douglas Fir 3x12x16' #2&BTR,DF-L,DF-L|HF,Allowed,#2&Btr,#2,KD,2.5,11.25,,192,,3x12,2.5x11.25,LF,EA,16,37.5,,,,,,,,,,,,,,,,,,,,,,,,,,,,,,,,heavy_framing|beams|lintels|structural,R502|R602,N,,,,,,,,STOCK,,,
DFL-3X-1049,DFL-3x12-20FT,dimensional_lumber,posts_timbers,heavy_framing,beam,Douglas Fir 3x12x20' #2&BTR,DF-L,DF-L|HF,Allowed,#2&Btr,#2,KD,2.5,11.25,,240,,3x12,2.5x11.25,LF,EA,20,46.88,,,,,,,,,,,,,,,,,,,,,,,,,,,,,,,,heavy_framing|beams|lintels|structural,R502|R602,N,,,,,,,,STOCK,,,
TBR-1050,DFL-TBR-6x8-8FT,dimensional_lumber,posts_timbers,structural_timber,timber,Douglas Fir Timber 6x8x8',DF-L,DF-L|HF,Allowed,#1,#1,S-GRN,5.5,7.5,,96,,6x8,5.5x7.5,LF,EA,8,27.5,,,,,,,,,,,,,,,,,,,,,,,,,,,,,,,,timber|post_beam|heavy_structural|exposed,R502|R602,N,,,,,,,,ORDER,3,,
TBR-1051,DFL-TBR-6x8-10FT,dimensional_lumber,posts_timbers,structural_timber,timber,Douglas Fir Timber 6x8x10',DF-L,DF-L|HF,Allowed,#1,#1,S-GRN,5.5,7.5,,120,,6x8,5.5x7.5,LF,EA,10,34.38,,,,,,,,,,,,,,,,,,,,,,,,,,,,,,,,timber|post_beam|heavy_structural|exposed,R502|R602,N,,,,,,,,ORDER,3,,
TBR-1052,DFL-TBR-6x8-12FT,dimensional_lumber,posts_timbers,structural_timber,timber,Douglas Fir Timber 6x8x12',DF-L,DF-L|HF,Allowed,#1,#1,S-GRN,5.5,7.5,,144,,6x8,5.5x7.5,LF,EA,12,41.25,,,,,,,,,,,,,,,,,,,,,,,,,,,,,,,,timber|post_beam|heavy_structural|exposed,R502|R602,N,,,,,,,,ORDER,3,,
TBR-1053,DFL-TBR-6x8-16FT,dimensional_lumber,posts_timbers,structural_timber,timber,Douglas Fir Timber 6x8x16',DF-L,DF-L|HF,Allowed,#1,#1,S-GRN,5.5,7.5,,192,,6x8,5.5x7.5,LF,EA,16,55,,,,,,,,,,,,,,,,,,,,,,,,,,,,,,,,timber|post_beam|heavy_structural|exposed,R502|R602,N,,,,,,,,ORDER,3,,
TBR-1054,DFL-TBR-6x8-20FT,dimensional_lumber,posts_timbers,structural_timber,timber,Douglas Fir Timber 6x8x20',DF-L,DF-L|HF,Allowed,#1,#1,S-GRN,5.5,7.5,,240,,6x8,5.5x7.5,LF,EA,20,68.75,,,,,,,,,,,,,,,,,,,,,,,,,,,,,,,,timber|post_beam|heavy_structural|exposed,R502|R602,N,,,,,,,,ORDER,3,,
TBR-1055,DFL-TBR-6x10-8FT,dimensional_lumber,posts_timbers,structural_timber,timber,Douglas Fir Timber 6x10x8',DF-L,DF-L|HF,Allowed,#1,#1,S-GRN,5.5,9.5,,96,,6x10,5.5x9.5,LF,EA,8,34.83,,,,,,,,,,,,,,,,,,,,,,,,,,,,,,,,timber|post_beam|heavy_structural|exposed,R502|R602,N,,,,,,,,ORDER,3,,
TBR-1056,DFL-TBR-6x10-10FT,dimensional_lumber,posts_timbers,structural_timber,timber,Douglas Fir Timber 6x10x10',DF-L,DF-L|HF,Allowed,#1,#1,S-GRN,5.5,9.5,,120,,6x10,5.5x9.5,LF,EA,10,43.54,,,,,,,,,,,,,,,,,,,,,,,,,,,,,,,,timber|post_beam|heavy_structural|exposed,R502|R602,N,,,,,,,,ORDER,3,,
TBR-1057,DFL-TBR-6x10-12FT,dimensional_lumber,posts_timbers,structural_timber,timber,Douglas Fir Timber 6x10x12',DF-L,DF-L|HF,Allowed,#1,#1,S-GRN,5.5,9.5,,144,,6x10,5.5x9.5,LF,EA,12,52.25,,,,,,,,,,,,,,,,,,,,,,,,,,,,,,,,timber|post_beam|heavy_structural|exposed,R502|R602,N,,,,,,,,ORDER,3,,
TBR-1058,DFL-TBR-6x10-16FT,dimensional_lumber,posts_timbers,structural_timber,timber,Douglas Fir Timber 6x10x16',DF-L,DF-L|HF,Allowed,#1,#1,S-GRN,5.5,9.5,,192,,6x10,5.5x9.5,LF,EA,16,69.67,,,,,,,,,,,,,,,,,,,,,,,,,,,,,,,,timber|post_beam|heavy_structural|exposed,R502|R602,N,,,,,,,,ORDER,3,,
TBR-1059,DFL-TBR-6x10-20FT,dimensional_lumber,posts_timbers,structural_timber,timber,Douglas Fir Timber 6x10x20',DF-L,DF-L|HF,Allowed,#1,#1,S-GRN,5.5,9.5,,240,,6x10,5.5x9.5,LF,EA,20,87.08,,,,,,,,,,,,,,,,,,,,,,,,,,,,,,,,timber|post_beam|heavy_structural|exposed,R502|R602,N,,,,,,,,ORDER,3,,
TBR-1060,DFL-TBR-6x12-8FT,dimensional_lumber,posts_timbers,structural_timber,timber,Douglas Fir Timber 6x12x8',DF-L,DF-L|HF,Allowed,#1,#1,S-GRN,5.5,11.5,,96,,6x12,5.5x11.5,LF,EA,8,42.17,,,,,,,,,,,,,,,,,,,,,,,,,,,,,,,,timber|post_beam|heavy_structural|exposed,R502|R602,N,,,,,,,,ORDER,3,,
TBR-1061,DFL-TBR-6x12-10FT,dimensional_lumber,posts_timbers,structural_timber,timber,Douglas Fir Timber 6x12x10',DF-L,DF-L|HF,Allowed,#1,#1,S-GRN,5.5,11.5,,120,,6x12,5.5x11.5,LF,EA,10,52.71,,,,,,,,,,,,,,,,,,,,,,,,,,,,,,,,timber|post_beam|heavy_structural|exposed,R502|R602,N,,,,,,,,ORDER,3,,
TBR-1062,DFL-TBR-6x12-12FT,dimensional_lumber,posts_timbers,structural_timber,timber,Douglas Fir Timber 6x12x12',DF-L,DF-L|HF,Allowed,#1,#1,S-GRN,5.5,11.5,,144,,6x12,5.5x11.5,LF,EA,12,63.25,,,,,,,,,,,,,,,,,,,,,,,,,,,,,,,,timber|post_beam|heavy_structural|exposed,R502|R602,N,,,,,,,,ORDER,3,,
TBR-1063,DFL-TBR-6x12-16FT,dimensional_lumber,posts_timbers,structural_timber,timber,Douglas Fir Timber 6x12x16',DF-L,DF-L|HF,Allowed,#1,#1,S-GRN,5.5,11.5,,192,,6x12,5.5x11.5,LF,EA,16,84.33,,,,,,,,,,,,,,,,,,,,,,,,,,,,,,,,timber|post_beam|heavy_structural|exposed,R502|R602,N,,,,,,,,ORDER,3,,
TBR-1064,DFL-TBR-6x12-20FT,dimensional_lumber,posts_timbers,structural_timber,timber,Douglas Fir Timber 6x12x20',DF-L,DF-L|HF,Allowed,#1,#1,S-GRN,5.5,11.5,,240,,6x12,5.5x11.5,LF,EA,20,105.42,,,,,,,,,,,,,,,,,,,,,,,,,,,,,,,,timber|post_beam|heavy_structural|exposed,R502|R602,N,,,,,,,,ORDER,3,,
TBR-1065,DFL-TBR-8x8-8FT,dimensional_lumber,posts_timbers,structural_timber,timber,Douglas Fir Timber 8x8x8',DF-L,DF-L|HF,Allowed,#1,#1,S-GRN,7.5,7.5,,96,,8x8,7.5x7.5,LF,EA,8,37.5,,,,,,,,,,,,,,,,,,,,,,,,,,,,,,,,timber|post_beam|heavy_structural|exposed,R502|R602,N,,,,,,,,ORDER,3,,
TBR-1066,DFL-TBR-8x8-10FT,dimensional_lumber,posts_timbers,structural_timber,timber,Douglas Fir Timber 8x8x10',DF-L,DF-L|HF,Allowed,#1,#1,S-GRN,7.5,7.5,,120,,8x8,7.5x7.5,LF,EA,10,46.88,,,,,,,,,,,,,,,,,,,,,,,,,,,,,,,,timber|post_beam|heavy_structural|exposed,R502|R602,N,,,,,,,,ORDER,3,,
TBR-1067,DFL-TBR-8x8-12FT,dimensional_lumber,posts_timbers,structural_timber,timber,Douglas Fir Timber 8x8x12',DF-L,DF-L|HF,Allowed,#1,#1,S-GRN,7.5,7.5,,144,,8x8,7.5x7.5,LF,EA,12,56.25,,,,,,,,,,,,,,,,,,,,,,,,,,,,,,,,timber|post_beam|heavy_structural|exposed,R502|R602,N,,,,,,,,ORDER,3,,
TBR-1068,DFL-TBR-8x8-16FT,dimensional_lumber,posts_timbers,structural_timber,timber,Douglas Fir Timber 8x8x16',DF-L,DF-L|HF,Allowed,#1,#1,S-GRN,7.5,7.5,,192,,8x8,7.5x7.5,LF,EA,16,75,,,,,,,,,,,,,,,,,,,,,,,,,,,,,,,,timber|post_beam|heavy_structural|exposed,R502|R602,N,,,,,,,,ORDER,3,,
TBR-1069,DFL-TBR-8x8-20FT,dimensional_lumber,posts_timbers,structural_timber,timber,Douglas Fir Timber 8x8x20',DF-L,DF-L|HF,Allowed,#1,#1,S-GRN,7.5,7.5,,240,,8x8,7.5x7.5,LF,EA,20,93.75,,,,,,,,,,,,,,,,,,,,,,,,,,,,,,,,timber|post_beam|heavy_structural|exposed,R502|R602,N,,,,,,,,ORDER,3,,
TBR-1070,DFL-TBR-8x10-8FT,dimensional_lumber,posts_timbers,structural_timber,timber,Douglas Fir Timber 8x10x8',DF-L,DF-L|HF,Allowed,#1,#1,S-GRN,7.5,9.5,,96,,8x10,7.5x9.5,LF,EA,8,47.5,,,,,,,,,,,,,,,,,,,,,,,,,,,,,,,,timber|post_beam|heavy_structural|exposed,R502|R602,N,,,,,,,,ORDER,3,,
TBR-1071,DFL-TBR-8x10-10FT,dimensional_lumber,posts_timbers,structural_timber,timber,Douglas Fir Timber 8x10x10',DF-L,DF-L|HF,Allowed,#1,#1,S-GRN,7.5,9.5,,120,,8x10,7.5x9.5,LF,EA,10,59.38,,,,,,,,,,,,,,,,,,,,,,,,,,,,,,,,timber|post_beam|heavy_structural|exposed,R502|R602,N,,,,,,,,ORDER,3,,
TBR-1072,DFL-TBR-8x10-12FT,dimensional_lumber,posts_timbers,structural_timber,timber,Douglas Fir Timber 8x10x12',DF-L,DF-L|HF,Allowed,#1,#1,S-GRN,7.5,9.5,,144,,8x10,7.5x9.5,LF,EA,12,71.25,,,,,,,,,,,,,,,,,,,,,,,,,,,,,,,,timber|post_beam|heavy_structural|exposed,R502|R602,N,,,,,,,,ORDER,3,,
TBR-1073,DFL-TBR-8x10-16FT,dimensional_lumber,posts_timbers,structural_timber,timber,Douglas Fir Timber 8x10x16',DF-L,DF-L|HF,Allowed,#1,#1,S-GRN,7.5,9.5,,192,,8x10,7.5x9.5,LF,EA,16,95,,,,,,,,,,,,,,,,,,,,,,,,,,,,,,,,timber|post_beam|heavy_structural|exposed,R502|R602,N,,,,,,,,ORDER,3,,
TBR-1074,DFL-TBR-8x10-20FT,dimensional_lumber,posts_timbers,structural_timber,timber,Douglas Fir Timber 8x10x20',DF-L,DF-L|HF,Allowed,#1,#1,S-GRN,7.5,9.5,,240,,8x10,7.5x9.5,LF,EA,20,118.75,,,,,,,,,,,,,,,,,,,,,,,,,,,,,,,,timber|post_beam|heavy_structural|exposed,R502|R602,N,,,,,,,,ORDER,3,,
TBR-1075,DFL-TBR-8x12-8FT,dimensional_lumber,posts_timbers,structural_timber,timber,Douglas Fir Timber 8x12x8',DF-L,DF-L|HF,Allowed,#1,#1,S-GRN,7.5,11.5,,96,,8x12,7.5x11.5,LF,EA,8,57.5,,,,,,,,,,,,,,,,,,,,,,,,,,,,,,,,timber|post_beam|heavy_structural|exposed,R502|R602,N,,,,,,,,ORDER,3,,
TBR-1076,DFL-TBR-8x12-10FT,dimensional_lumber,posts_timbers,structural_timber,timber,Douglas Fir Timber 8x12x10',DF-L,DF-L|HF,Allowed,#1,#1,S-GRN,7.5,11.5,,120,,8x12,7.5x11.5,LF,EA,10,71.88,,,,,,,,,,,,,,,,,,,,,,,,,,,,,,,,timber|post_beam|heavy_structural|exposed,R502|R602,N,,,,,,,,ORDER,3,,
TBR-1077,DFL-TBR-8x12-12FT,dimensional_lumber,posts_timbers,structural_timber,timber,Douglas Fir Timber 8x12x12',DF-L,DF-L|HF,Allowed,#1,#1,S-GRN,7.5,11.5,,144,,8x12,7.5x11.5,LF,EA,12,86.25,,,,,,,,,,,,,,,,,,,,,,,,,,,,,,,,timber|post_beam|heavy_structural|exposed,R502|R602,N,,,,,,,,ORDER,3,,
TBR-1078,DFL-TBR-8x12-16FT,dimensional_lumber,posts_timbers,structural_timber,timber,Douglas Fir Timber 8x12x16',DF-L,DF-L|HF,Allowed,#1,#1,S-GRN,7.5,11.5,,192,,8x12,7.5x11.5,LF,EA,16,115,,,,,,,,,,,,,,,,,,,,,,,,,,,,,,,,timber|post_beam|heavy_structural|exposed,R502|R602,N,,,,,,,,ORDER,3,,
TBR-1079,DFL-TBR-8x12-20FT,dimensional_lumber,posts_timbers,structural_timber,timber,Douglas Fir Timber 8x12x20',DF-L,DF-L|HF,Allowed,#1,#1,S-GRN,7.5,11.5,,240,,8x12,7.5x11.5,LF,EA,20,143.75,,,,,,,,,,,,,,,,,,,,,,,,,,,,,,,,timber|post_beam|heavy_structural|exposed,R502|R602,N,,,,,,,,ORDER,3,,
FR-PLY-1080,FR-CDX-12-4X8,structural_panels,plywood,fire_retardant,sheathing,"Fire Retardant CDX Plywood 1/2"" 4x8",SYP,,EquivalentOnlySameSpec,CDX,,,0.5,,,,,,,SF,SHT,,,32,32.0,,,,,,48,96,,EXP1,SQ,PS1,Hoover,Pyro-Guard,,,,,,,,,,,,,,,,,fire_rated|type_iii|type_v|code_required,R302,N,,,,,,,,ORDER,5,,
FR-PLY-1081,FR-ACX-12-4X8,structural_panels,plywood,fire_retardant,sheathing,"Fire Retardant ACX Plywood 1/2"" 4x8",SYP,,EquivalentOnlySameSpec,ACX,,,0.5,,,,,,,SF,SHT,,,32,32.0,,,,,,48,96,,EXP1,SQ,PS1,Hoover,Pyro-Guard,,,,,,,,,,,,,,,,,fire_rated|type_iii|type_v|code_required,R302,N,,,,,,,,ORDER,5,,
FR-PLY-1082,FR-CDX-58-4X8,structural_panels,plywood,fire_retardant,sheathing,"Fire Retardant CDX Plywood 5/8"" 4x8",SYP,,EquivalentOnlySameSpec,CDX,,,0.625,,,,,,,SF,SHT,,,32,32.0,,,,,,48,96,,EXP1,SQ,PS1,Hoover,Pyro-Guard,,,,,,,,,,,,,,,,,fire_rated|type_iii|type_v|code_required,R302,N,,,,,,,,ORDER,5,,
FR-PLY-1083,FR-ACX-58-4X8,structural_panels,plywood,fire_retardant,sheathing,"Fire Retardant ACX Plywood 5/8"" 4x8",SYP,,EquivalentOnlySameSpec,ACX,,,0.625,,,,,,,SF,SHT,,,32,32.0,,,,,,48,96,,EXP1,SQ,PS1,Hoover,Pyro-Guard,,,,,,,,,,,,,,,,,fire_rated|type_iii|type_v|code_required,R302,N,,,,,,,,ORDER,5,,
FR-PLY-1084,FR-CDX-34-4X8,structural_panels,plywood,fire_retardant,sheathing,"Fire Retardant CDX Plywood 3/4"" 4x8",SYP,,EquivalentOnlySameSpec,CDX,,,0.75,,,,,,,SF,SHT,,,32,32.0,,,,,,48,96,,EXP1,SQ,PS1,Hoover,Pyro-Guard,,,,,,,,,,,,,,,,,fire_rated|type_iii|type_v|code_required,R302,N,,,,,,,,ORDER,5,,
FR-PLY-1085,FR-ACX-34-4X8,structural_panels,plywood,fire_retardant,sheathing,"Fire Retardant ACX Plywood 3/4"" 4x8",SYP,,EquivalentOnlySameSpec,ACX,,,0.75,,,,,,,SF,SHT,,,32,32.0,,,,,,48,96,,EXP1,SQ,PS1,Hoover,Pyro-Guard,,,,,,,,,,,,,,,,,fire_rated|type_iii|type_v|code_required,R302,N,,,,,,,,ORDER,5,,
MAR-PLY-1086,MARINE-AB-12-4X8,structural_panels,plywood,marine,sheathing,"Marine Grade AB Plywood 1/2"" 4x8",DF,,EquivalentOnlySameSpec,AB,,,0.5,,,,,,,SF,SHT,,,32,32.0,,,,,,48,96,,EXT,SQ,PS1,,,,,,,,,,,,,,,,,,,marine|exterior|wet_area|boat_building,R602.3,N,,,,,,,,ORDER,7,,
MAR-PLY-1087,MARINE-AB-34-4X8,structural_panels,plywood,marine,sheathing,"Marine Grade AB Plywood 3/4"" 4x8",DF,,EquivalentOnlySameSpec,AB,,,0.75,,,,,,,SF,SHT,,,32,32.0,,,,,,48,96,,EXT,SQ,PS1,,,,,,,,,,,,,,,,,,,marine|exterior|wet_area|boat_building,R602.3,N,,,,,,,,ORDER,7,,
FORM-PLY-1088,FORM-BBOES-58-4X8,structural_panels,plywood,grain_transfer,forming,"Concrete Form BBOES Grain Transfer 5/8"" 4x8",SYP,,EquivalentOnlySameSpec,BBOES,,,0.625,,,,,,,SF,SHT,,,32,32.0,,,,,,48,96,,EXT,SQ,,,,,,,,,,,,,,,,,,,,concrete_forming|foundation|reusable,R602.3,N,,,,,,,,ORDER,3,,"Mill applied release agent, sealed edges"
FORM-PLY-1089,FORM-BBOES-34-4X8,structural_panels,plywood,grain_transfer,forming,"Concrete Form BBOES Grain Transfer 3/4"" 4x8",SYP,,EquivalentOnlySameSpec,BBOES,,,0.75,,,,,,,SF,SHT,,,32,32.0,,,,,,48,96,,EXT,SQ,,,,,,,,,,,,,,,,,,,,concrete_forming|foundation|reusable,R602.3,N,,,,,,,,ORDER,3,,"Mill applied release agent, sealed edges"
FORM-PLY-1090,FORM-MDO-58-4X8,structural_panels,plywood,mdo_overlay,forming,"Concrete Form MDO Smooth Transfer 5/8"" 4x8",SYP,,EquivalentOnlySameSpec,MDO,,,0.625,,,,,,,SF,SHT,,,32,32.0,,,,,,48,96,,EXT,SQ,,,,,,,,,,,,,,,,,,,,concrete_forming|foundation|reusable,R602.3,N,,,,,,,,ORDER,3,,"Mill applied release agent, sealed edges"
FORM-PLY-1091,FORM-MDO-34-4X8,structural_panels,plywood,mdo_overlay,forming,"Concrete Form MDO Smooth Transfer 3/4"" 4x8",SYP,,EquivalentOnlySameSpec,MDO,,,0.75,,,,,,,SF,SHT,,,32,32.0,,,,,,48,96,,EXT,SQ,,,,,,,,,,,,,,,,,,,,concrete_forming|foundation|reusable,R602.3,N,,,,,,,,ORDER,3,,"Mill applied release agent, sealed edges"
PNL-1092,PNL-MDF-RAW,structural_panels,panel_products,mdf,MDF Raw,"Medium Density Fiberboard Raw 3/4"" 49x97",,,EquivalentOnlySameSpec,,,,0.75,,,,,,,SF,SHT,,,33,33.0,,,,,,49,97,,,SQ,,,,,,,,,,,,,,,,,,,,interior|substrate|specialty,R602.3,N,,,,,,,,STOCK,,,
PNL-1093,PNL-MDF-BEAD,structural_panels,panel_products,mdf,MDF Beadboard,"MDF Beadboard Primed 1/4"" 4x8",,,EquivalentOnlySameSpec,,,,0.25,,,,,,,SF,SHT,,,32,32.0,,,,,,48,96,,,SQ,,,,,,,,,,,,,,,,,,,,interior|substrate|specialty,R602.3,N,,,,,,,,STOCK,,,
PNL-1094,PNL-HDB-TEMP,structural_panels,panel_products,hardboard,Hardboard Tempered,"Hardboard Tempered 1/8"" 4x8",,,EquivalentOnlySameSpec,,,,0.125,,,,,,,SF,SHT,,,32,32.0,,,,,,48,96,,,SQ,,,,,,,,,,,,,,,,,,,,interior|substrate|specialty,R602.3,N,,,,,,,,STOCK,,,
PNL-1095,PNL-HDB-TEMP-Q,structural_panels,panel_products,hardboard,Hardboard Tempered,"Hardboard Tempered 1/4"" 4x8",,,EquivalentOnlySameSpec,,,,0.25,,,,,,,SF,SHT,,,32,32.0,,,,,,48,96,,,SQ,,,,,,,,,,,,,,,,,,,,interior|substrate|specialty,R602.3,N,,,,,,,,STOCK,,,
PNL-1096,PNL-PEGBD,structural_panels,panel_products,hardboard,Pegboard,"Tempered Pegboard 1/4"" 4x8",,,EquivalentOnlySameSpec,,,,0.25,,,,,,,SF,SHT,,,32,32.0,,,,,,48,96,,,SQ,,,,,,,,,,,,,,,,,,,,interior|substrate|specialty,R602.3,N,,,,,,,,STOCK,,,
PNL-1097,PNL-THRMPLY,structural_panels,panel_products,sheathing,Thermoply,"Thermoply Structural Sheathing 1/8"" 4x8",,,EquivalentOnlySameSpec,,,,0.125,,,,,,,SF,SHT,,,32,32.0,,,,,,48,96,,,SQ,,,,,,,,,,,,,,,,,,,,interior|substrate|specialty,R602.3,N,,,,,,,,STOCK,,,
PNL-1098,PNL-SNDBD,structural_panels,panel_products,acoustical,Soundboard,"Soundboard Acoustical Panel 1/2"" 4x8",,,EquivalentOnlySameSpec,,,,0.5,,,,,,,SF,SHT,,,32,32.0,,,,,,48,96,,,SQ,,,,,,,,,,,,,,,,,,,,interior|substrate|specialty,R602.3,N,,,,,,,,STOCK,,,
PNL-1099,PNL-HMSOTE,structural_panels,panel_products,acoustical,Homasote,"Homasote 440 Sound Deadening 1/2"" 4x8",,,EquivalentOnlySameSpec,,,,0.5,,,,,,,SF,SHT,,,32,32.0,,,,,,48,96,,,SQ,,,,,,,,,,,,,,,,,,,,interior|substrate|specialty,R602.3,N,,,,,,,,STOCK,,,
PNL-1100,PNL-MELAM-W,structural_panels,panel_products,melamine,Melamine White,"Melamine White Both Sides 3/4"" 4x8",,,EquivalentOnlySameSpec,,,,0.75,,,,,,,SF,SHT,,,32,32.0,,,,,,48,96,,,SQ,,,,,,,,,,,,,,,,,,,,interior|substrate|specialty,R602.3,N,,,,,,,,STOCK,,,
PNL-1101,PNL-MELAM-W-Q,structural_panels,panel_products,melamine,Melamine White,"Melamine White Both Sides 1/4"" 4x8",,,EquivalentOnlySameSpec,,,,0.25,,,,,,,SF,SHT,,,32,32.0,,,,,,48,96,,,SQ,,,,,,,,,,,,,,,,,,,,interior|substrate|specialty,R602.3,N,,,,,,,,STOCK,,,
PNL-1102,PNL-FRP,structural_panels,panel_products,frp,FRP Panel,FRP Fiberglass Reinforced Panel 4x8,,,EquivalentOnlySameSpec,,,,0.09,,,,,,,SF,SHT,,,32,32.0,,,,,,48,96,,,SQ,,,,,,,,,,,,,,,,,,,,interior|substrate|specialty,R602.3,N,,,,,,,,STOCK,,,
TJI-1103,WY-TJI110-912-20FT,engineered_wood,i_joist,tji110,i_joist,"Weyerhaeuser TJI110 9-1/2""x20'",,,StructuralNoSub,,,,1.75,,9.5,240,,,1-3/4x9-1/2,LF,EA,20,,,,,,,,,,,,,,,Weyerhaeuser,Trus Joist,TJI110,,,,,,,,,,,,,,,,floor_joist|roof_joist|long_span|dimensional_stability,R502.1,N,span|load|bearing_type|end_conditions,,,,,,,ORDER,3,,"ESR-1153 rated, Flak Jacket fire protection available"
TJI-1104,WY-TJI110-912-24FT,engineered_wood,i_joist,tji110,i_joist,"Weyerhaeuser TJI110 9-1/2""x24'",,,StructuralNoSub,,,,1.75,,9.5,288,,,1-3/4x9-1/2,LF,EA,24,,,,,,,,,,,,,,,Weyerhaeuser,Trus Joist,TJI110,,,,,,,,,,,,,,,,floor_joist|roof_joist|long_span|dimensional_stability,R502.1,N,span|load|bearing_type|end_conditions,,,,,,,ORDER,3,,"ESR-1153 rated, Flak Jacket fire protection available"
TJI-1105,WY-TJI110-912-28FT,engineered_wood,i_joist,tji110,i_joist,"Weyerhaeuser TJI110 9-1/2""x28'",,,StructuralNoSub,,,,1.75,,9.5,336,,,1-3/4x9-1/2,LF,EA,28,,,,,,,,,,,,,,,Weyerhaeuser,Trus Joist,TJI110,,,,,,,,,,,,,,,,floor_joist|roof_joist|long_span|dimensional_stability,R502.1,N,span|load|bearing_type|end_conditions,,,,,,,ORDER,3,,"ESR-1153 rated, Flak Jacket fire protection available"
TJI-1106,WY-TJI110-912-32FT,engineered_wood,i_joist,tji110,i_joist,"Weyerhaeuser TJI110 9-1/2""x32'",,,StructuralNoSub,,,,1.75,,9.5,384,,,1-3/4x9-1/2,LF,EA,32,,,,,,,,,,,,,,,Weyerhaeuser,Trus Joist,TJI110,,,,,,,,,,,,,,,,floor_joist|roof_joist|long_span|dimensional_stability,R502.1,N,span|load|bearing_type|end_conditions,,,,,,,ORDER,3,,"ESR-1153 rated, Flak Jacket fire protection available"
TJI-1107,WY-TJI110-1178-20FT,engineered_wood,i_joist,tji110,i_joist,"Weyerhaeuser TJI110 11-7/8""x20'",,,StructuralNoSub,,,,1.75,,11.875,240,,,1-3/4x11-7/8,LF,EA,20,,,,,,,,,,,,,,,Weyerhaeuser,Trus Joist,TJI110,,,,,,,,,,,,,,,,floor_joist|roof_joist|long_span|dimensional_stability,R502.1,N,span|load|bearing_type|end_conditions,,,,,,,ORDER,3,,"ESR-1153 rated, Flak Jacket fire protection available"
TJI-1108,WY-TJI110-1178-24FT,engineered_wood,i_joist,tji110,i_joist,"Weyerhaeuser TJI110 11-7/8""x24'",,,StructuralNoSub,,,,1.75,,11.875,288,,,1-3/4x11-7/8,LF,EA,24,,,,,,,,,,,,,,,Weyerhaeuser,Trus Joist,TJI110,,,,,,,,,,,,,,,,floor_joist|roof_joist|long_span|dimensional_stability,R502.1,N,span|load|bearing_type|end_conditions,,,,,,,ORDER,3,,"ESR-1153 rated, Flak Jacket fire protection available"
TJI-1109,WY-TJI110-1178-28FT,engineered_wood,i_joist,tji110,i_joist,"Weyerhaeuser TJI110 11-7/8""x28'",,,StructuralNoSub,,,,1.75,,11.875,336,,,1-3/4x11-7/8,LF,EA,28,,,,,,,,,,,,,,,Weyerhaeuser,Trus Joist,TJI110,,,,,,,,,,,,,,,,floor_joist|roof_joist|long_span|dimensional_stability,R502.1,N,span|load|bearing_type|end_conditions,,,,,,,ORDER,3,,"ESR-1153 rated, Flak Jacket fire protection available"
TJI-1110,WY-TJI110-1178-32FT,engineered_wood,i_joist,tji110,i_joist,"Weyerhaeuser TJI110 11-7/8""x32'",,,StructuralNoSub,,,,1.75,,11.875,384,,,1-3/4x11-7/8,LF,EA,32,,,,,,,,,,,,,,,Weyerhaeuser,Trus Joist,TJI110,,,,,,,,,,,,,,,,floor_joist|roof_joist|long_span|dimensional_stability,R502.1,N,span|load|bearing_type|end_conditions,,,,,,,ORDER,3,,"ESR-1153 rated, Flak Jacket fire protection available"
TJI-1111,WY-TJI110-14-20FT,engineered_wood,i_joist,tji110,i_joist,"Weyerhaeuser TJI110 14""x20'",,,StructuralNoSub,,,,1.75,,14,240,,,1-3/4x14,LF,EA,20,,,,,,,,,,,,,,,Weyerhaeuser,Trus Joist,TJI110,,,,,,,,,,,,,,,,floor_joist|roof_joist|long_span|dimensional_stability,R502.1,N,span|load|bearing_type|end_conditions,,,,,,,ORDER,3,,"ESR-1153 rated, Flak Jacket fire protection available"
TJI-1112,WY-TJI110-14-24FT,engineered_wood,i_joist,tji110,i_joist,"Weyerhaeuser TJI110 14""x24'",,,StructuralNoSub,,,,1.75,,14,288,,,1-3/4x14,LF,EA,24,,,,,,,,,,,,,,,Weyerhaeuser,Trus Joist,TJI110,,,,,,,,,,,,,,,,floor_joist|roof_joist|long_span|dimensional_stability,R502.1,N,span|load|bearing_type|end_conditions,,,,,,,ORDER,3,,"ESR-1153 rated, Flak Jacket fire protection available"
TJI-1113,WY-TJI110-14-28FT,engineered_wood,i_joist,tji110,i_joist,"Weyerhaeuser TJI110 14""x28'",,,StructuralNoSub,,,,1.75,,14,336,,,1-3/4x14,LF,EA,28,,,,,,,,,,,,,,,Weyerhaeuser,Trus Joist,TJI110,,,,,,,,,,,,,,,,floor_joist|roof_joist|long_span|dimensional_stability,R502.1,N,span|load|bearing_type|end_conditions,,,,,,,ORDER,3,,"ESR-1153 rated, Flak Jacket fire protection available"
TJI-1114,WY-TJI110-14-32FT,engineered_wood,i_joist,tji110,i_joist,"Weyerhaeuser TJI110 14""x32'",,,StructuralNoSub,,,,1.75,,14,384,,,1-3/4x14,LF,EA,32,,,,,,,,,,,,,,,Weyerhaeuser,Trus Joist,TJI110,,,,,,,,,,,,,,,,floor_joist|roof_joist|long_span|dimensional_stability,R502.1,N,span|load|bearing_type|end_conditions,,,,,,,ORDER,3,,"ESR-1153 rated, Flak Jacket fire protection available"
TJI-1115,WY-TJI110-14-36FT,engineered_wood,i_joist,tji110,i_joist,"Weyerhaeuser TJI110 14""x36'",,,StructuralNoSub,,,,1.75,,14,432,,,1-3/4x14,LF,EA,36,,,,,,,,,,,,,,,Weyerhaeuser,Trus Joist,TJI110,,,,,,,,,,,,,,,,floor_joist|roof_joist|long_span|dimensional_stability,R502.1,N,span|load|bearing_type|end_conditions,,,,,,,ORDER,3,,"ESR-1153 rated, Flak Jacket fire protection available"
TJI-1116,WY-TJI110-14-40FT,engineered_wood,i_joist,tji110,i_joist,"Weyerhaeuser TJI110 14""x40'",,,StructuralNoSub,,,,1.75,,14,480,,,1-3/4x14,LF,EA,40,,,,,,,,,,,,,,,Weyerhaeuser,Trus Joist,TJI110,,,,,,,,,,,,,,,,floor_joist|roof_joist|long_span|dimensional_stability,R502.1,N,span|load|bearing_type|end_conditions,,,,,,,ORDER,3,,"ESR-1153 rated, Flak Jacket fire protection available"
TJI-1117,WY-TJI110-14-44FT,engineered_wood,i_joist,tji110,i_joist,"Weyerhaeuser TJI110 14""x44'",,,StructuralNoSub,,,,1.75,,14,528,,,1-3/4x14,LF,EA,44,,,,,,,,,,,,,,,Weyerhaeuser,Trus Joist,TJI110,,,,,,,,,,,,,,,,floor_joist|roof_joist|long_span|dimensional_stability,R502.1,N,span|load|bearing_type|end_conditions,,,,,,,ORDER,3,,"ESR-1153 rated, Flak Jacket fire protection available"
TJI-1118,WY-TJI110-14-48FT,engineered_wood,i_joist,tji110,i_joist,"Weyerhaeuser TJI110 14""x48'",,,StructuralNoSub,,,,1.75,,14,576,,,1-3/4x14,LF,EA,48,,,,,,,,,,,,,,,Weyerhaeuser,Trus Joist,TJI110,,,,,,,,,,,,,,,,floor_joist|roof_joist|long_span|dimensional_stability,R502.1,N,span|load|bearing_type|end_conditions,,,,,,,ORDER,3,,"ESR-1153 rated, Flak Jacket fire protection available"
TJI-1119,WY-TJI210-912-20FT,engineered_wood,i_joist,tji210,i_joist,"Weyerhaeuser TJI210 9-1/2""x20'",,,StructuralNoSub,,,,2.0625,,9.5,240,,,2-1/16x9-1/2,LF,EA,20,,,,,,,,,,,,,,,Weyerhaeuser,Trus Joist,TJI210,,,,,,,,,,,,,,,,floor_joist|roof_joist|long_span|dimensional_stability,R502.1,N,span|load|bearing_type|end_conditions,,,,,,,ORDER,3,,"ESR-1153 rated, Flak Jacket fire protection available"
TJI-1120,WY-TJI210-912-24FT,engineered_wood,i_joist,tji210,i_joist,"Weyerhaeuser TJI210 9-1/2""x24'",,,StructuralNoSub,,,,2.0625,,9.5,288,,,2-1/16x9-1/2,LF,EA,24,,,,,,,,,,,,,,,Weyerhaeuser,Trus Joist,TJI210,,,,,,,,,,,,,,,,floor_joist|roof_joist|long_span|dimensional_stability,R502.1,N,span|load|bearing_type|end_conditions,,,,,,,ORDER,3,,"ESR-1153 rated, Flak Jacket fire protection available"
TJI-1121,WY-TJI210-912-28FT,engineered_wood,i_joist,tji210,i_joist,"Weyerhaeuser TJI210 9-1/2""x28'",,,StructuralNoSub,,,,2.0625,,9.5,336,,,2-1/16x9-1/2,LF,EA,28,,,,,,,,,,,,,,,Weyerhaeuser,Trus Joist,TJI210,,,,,,,,,,,,,,,,floor_joist|roof_joist|long_span|dimensional_stability,R502.1,N,span|load|bearing_type|end_conditions,,,,,,,ORDER,3,,"ESR-1153 rated, Flak Jacket fire protection available"
TJI-1122,WY-TJI210-912-32FT,engineered_wood,i_joist,tji210,i_joist,"Weyerhaeuser TJI210 9-1/2""x32'",,,StructuralNoSub,,,,2.0625,,9.5,384,,,2-1/16x9-1/2,LF,EA,32,,,,,,,,,,,,,,,Weyerhaeuser,Trus Joist,TJI210,,,,,,,,,,,,,,,,floor_joist|roof_joist|long_span|dimensional_stability,R502.1,N,span|load|bearing_type|end_conditions,,,,,,,ORDER,3,,"ESR-1153 rated, Flak Jacket fire protection available"
TJI-1123,WY-TJI210-1178-20FT,engineered_wood,i_joist,tji210,i_joist,"Weyerhaeuser TJI210 11-7/8""x20'",,,StructuralNoSub,,,,2.0625,,11.875,240,,,2-1/16x11-7/8,LF,EA,20,,,,,,,,,,,,,,,Weyerhaeuser,Trus Joist,TJI210,,,,,,,,,,,,,,,,floor_joist|roof_joist|long_span|dimensional_stability,R502.1,N,span|load|bearing_type|end_conditions,,,,,,,ORDER,3,,"ESR-1153 rated, Flak Jacket fire protection available"
TJI-1124,WY-TJI210-1178-24FT,engineered_wood,i_joist,tji210,i_joist,"Weyerhaeuser TJI210 11-7/8""x24'",,,StructuralNoSub,,,,2.0625,,11.875,288,,,2-1/16x11-7/8,LF,EA,24,,,,,,,,,,,,,,,Weyerhaeuser,Trus Joist,TJI210,,,,,,,,,,,,,,,,floor_joist|roof_joist|long_span|dimensional_stability,R502.1,N,span|load|bearing_type|end_conditions,,,,,,,ORDER,3,,"ESR-1153 rated, Flak Jacket fire protection available"
TJI-1125,WY-TJI210-1178-28FT,engineered_wood,i_joist,tji210,i_joist,"Weyerhaeuser TJI210 11-7/8""x28'",,,StructuralNoSub,,,,2.0625,,11.875,336,,,2-1/16x11-7/8,LF,EA,28,,,,,,,,,,,,,,,Weyerhaeuser,Trus Joist,TJI210,,,,,,,,,,,,,,,,floor_joist|roof_joist|long_span|dimensional_stability,R502.1,N,span|load|bearing_type|end_conditions,,,,,,,ORDER,3,,"ESR-1153 rated, Flak Jacket fire protection available"
TJI-1126,WY-TJI210-1178-32FT,engineered_wood,i_joist,tji210,i_joist,"Weyerhaeuser TJI210 11-7/8""x32'",,,StructuralNoSub,,,,2.0625,,11.875,384,,,2-1/16x11-7/8,LF,EA,32,,,,,,,,,,,,,,,Weyerhaeuser,Trus Joist,TJI210,,,,,,,,,,,,,,,,floor_joist|roof_joist|long_span|dimensional_stability,R502.1,N,span|load|bearing_type|end_conditions,,,,,,,ORDER,3,,"ESR-1153 rated, Flak Jacket fire protection available"
TJI-1127,WY-TJI210-14-20FT,engineered_wood,i_joist,tji210,i_joist,"Weyerhaeuser TJI210 14""x20'",,,StructuralNoSub,,,,2.0625,,14,240,,,2-1/16x14,LF,EA,20,,,,,,,,,,,,,,,Weyerhaeuser,Trus Joist,TJI210,,,,,,,,,,,,,,,,floor_joist|roof_joist|long_span|dimensional_stability,R502.1,N,span|load|bearing_type|end_conditions,,,,,,,ORDER,3,,"ESR-1153 rated, Flak Jacket fire protection available"
TJI-1128,WY-TJI210-14-24FT,engineered_wood,i_joist,tji210,i_joist,"Weyerhaeuser TJI210 14""x24'",,,StructuralNoSub,,,,2.0625,,14,288,,,2-1/16x14,LF,EA,24,,,,,,,,,,,,,,,Weyerhaeuser,Trus Joist,TJI210,,,,,,,,,,,,,,,,floor_joist|roof_joist|long_span|dimensional_stability,R502.1,N,span|load|bearing_type|end_conditions,,,,,,,ORDER,3,,"ESR-1153 rated, Flak Jacket fire protection available"
TJI-1129,WY-TJI210-14-28FT,engineered_wood,i_joist,tji210,i_joist,"Weyerhaeuser TJI210 14""x28'",,,StructuralNoSub,,,,2.0625,,14,336,,,2-1/16x14,LF,EA,28,,,,,,,,,,,,,,,Weyerhaeuser,Trus Joist,TJI210,,,,,,,,,,,,,,,,floor_joist|roof_joist|long_span|dimensional_stability,R502.1,N,span|load|bearing_type|end_conditions,,,,,,,ORDER,3,,"ESR-1153 rated, Flak Jacket fire protection available"
TJI-1130,WY-TJI210-14-32FT,engineered_wood,i_joist,tji210,i_joist,"Weyerhaeuser TJI210 14""x32'",,,StructuralNoSub,,,,2.0625,,14,384,,,2-1/16x14,LF,EA,32,,,,,,,,,,,,,,,Weyerhaeuser,Trus Joist,TJI210,,,,,,,,,,,,,,,,floor_joist|roof_joist|long_span|dimensional_stability,R502.1,N,span|load|bearing_type|end_conditions,,,,,,,ORDER,3,,"ESR-1153 rated, Flak Jacket fire protection available"
TJI-1131,WY-TJI210-14-36FT,engineered_wood,i_joist,tji210,i_joist,"Weyerhaeuser TJI210 14""x36'",,,StructuralNoSub,,,,2.0625,,14,432,,,2-1/16x14,LF,EA,36,,,,,,,,,,,,,,,Weyerhaeuser,Trus Joist,TJI210,,,,,,,,,,,,,,,,floor_joist|roof_joist|long_span|dimensional_stability,R502.1,N,span|load|bearing_type|end_conditions,,,,,,,ORDER,3,,"ESR-1153 rated, Flak Jacket fire protection available"
TJI-1132,WY-TJI210-14-40FT,engineered_wood,i_joist,tji210,i_joist,"Weyerhaeuser TJI210 14""x40'",,,StructuralNoSub,,,,2.0625,,14,480,,,2-1/16x14,LF,EA,40,,,,,,,,,,,,,,,Weyerhaeuser,Trus Joist,TJI210,,,,,,,,,,,,,,,,floor_joist|roof_joist|long_span|dimensional_stability,R502.1,N,span|load|bearing_type|end_conditions,,,,,,,ORDER,3,,"ESR-1153 rated, Flak Jacket fire protection available"
TJI-1133,WY-TJI210-14-44FT,engineered_wood,i_joist,tji210,i_joist,"Weyerhaeuser TJI210 14""x44'",,,StructuralNoSub,,,,2.0625,,14,528,,,2-1/16x14,LF,EA,44,,,,,,,,,,,,,,,Weyerhaeuser,Trus Joist,TJI210,,,,,,,,,,,,,,,,floor_joist|roof_joist|long_span|dimensional_stability,R502.1,N,span|load|bearing_type|end_conditions,,,,,,,ORDER,3,,"ESR-1153 rated, Flak Jacket fire protection available"
TJI-1134,WY-TJI210-14-48FT,engineered_wood,i_joist,tji210,i_joist,"Weyerhaeuser TJI210 14""x48'",,,StructuralNoSub,,,,2.0625,,14,576,,,2-1/16x14,LF,EA,48,,,,,,,,,,,,,,,Weyerhaeuser,Trus Joist,TJI210,,,,,,,,,,,,,,,,floor_joist|roof_joist|long_span|dimensional_stability,R502.1,N,span|load|bearing_type|end_conditions,,,,,,,ORDER,3,,"ESR-1153 rated, Flak Jacket fire protection available"
TJI-1135,WY-TJI210-16-20FT,engineered_wood,i_joist,tji210,i_joist,"Weyerhaeuser TJI210 16""x20'",,,StructuralNoSub,,,,2.0625,,16,240,,,2-1/16x16,LF,EA,20,,,,,,,,,,,,,,,Weyerhaeuser,Trus Joist,TJI210,,,,,,,,,,,,,,,,floor_joist|roof_joist|long_span|dimensional_stability,R502.1,N,span|load|bearing_type|end_conditions,,,,,,,ORDER,3,,"ESR-1153 rated, Flak Jacket fire protection available"
TJI-1136,WY-TJI210-16-24FT,engineered_wood,i_joist,tji210,i_joist,"Weyerhaeuser TJI210 16""x24'",,,StructuralNoSub,,,,2.0625,,16,288,,,2-1/16x16,LF,EA,24,,,,,,,,,,,,,,,Weyerhaeuser,Trus Joist,TJI210,,,,,,,,,,,,,,,,floor_joist|roof_joist|long_span|dimensional_stability,R502.1,N,span|load|bearing_type|end_conditions,,,,,,,ORDER,3,,"ESR-1153 rated, Flak Jacket fire protection available"
TJI-1137,WY-TJI210-16-28FT,engineered_wood,i_joist,tji210,i_joist,"Weyerhaeuser TJI210 16""x28'",,,StructuralNoSub,,,,2.0625,,16,336,,,2-1/16x16,LF,EA,28,,,,,,,,,,,,,,,Weyerhaeuser,Trus Joist,TJI210,,,,,,,,,,,,,,,,floor_joist|roof_joist|long_span|dimensional_stability,R502.1,N,span|load|bearing_type|end_conditions,,,,,,,ORDER,3,,"ESR-1153 rated, Flak Jacket fire protection available"
TJI-1138,WY-TJI210-16-32FT,engineered_wood,i_joist,tji210,i_joist,"Weyerhaeuser TJI210 16""x32'",,,StructuralNoSub,,,,2.0625,,16,384,,,2-1/16x16,LF,EA,32,,,,,,,,,,,,,,,Weyerhaeuser,Trus Joist,TJI210,,,,,,,,,,,,,,,,floor_joist|roof_joist|long_span|dimensional_stability,R502.1,N,span|load|bearing_type|end_conditions,,,,,,,ORDER,3,,"ESR-1153 rated, Flak Jacket fire protection available"
TJI-1139,WY-TJI210-16-36FT,engineered_wood,i_joist,tji210,i_joist,"Weyerhaeuser TJI210 16""x36'",,,StructuralNoSub,,,,2.0625,,16,432,,,2-1/16x16,LF,EA,36,,,,,,,,,,,,,,,Weyerhaeuser,Trus Joist,TJI210,,,,,,,,,,,,,,,,floor_joist|roof_joist|long_span|dimensional_stability,R502.1,N,span|load|bearing_type|end_conditions,,,,,,,ORDER,3,,"ESR-1153 rated, Flak Jacket fire protection available"
TJI-1140,WY-TJI210-16-40FT,engineered_wood,i_joist,tji210,i_joist,"Weyerhaeuser TJI210 16""x40'",,,StructuralNoSub,,,,2.0625,,16,480,,,2-1/16x16,LF,EA,40,,,,,,,,,,,,,,,Weyerhaeuser,Trus Joist,TJI210,,,,,,,,,,,,,,,,floor_joist|roof_joist|long_span|dimensional_stability,R502.1,N,span|load|bearing_type|end_conditions,,,,,,,ORDER,3,,"ESR-1153 rated, Flak Jacket fire protection available"
TJI-1141,WY-TJI210-16-44FT,engineered_wood,i_joist,tji210,i_joist,"Weyerhaeuser TJI210 16""x44'",,,StructuralNoSub,,,,2.0625,,16,528,,,2-1/16x16,LF,EA,44,,,,,,,,,,,,,,,Weyerhaeuser,Trus Joist,TJI210,,,,,,,,,,,,,,,,floor_joist|roof_joist|long_span|dimensional_stability,R502.1,N,span|load|bearing_type|end_conditions,,,,,,,ORDER,3,,"ESR-1153 rated, Flak Jacket fire protection available"
TJI-1142,WY-TJI210-16-48FT,engineered_wood,i_joist,tji210,i_joist,"Weyerhaeuser TJI210 16""x48'",,,StructuralNoSub,,,,2.0625,,16,576,,,2-1/16x16,LF,EA,48,,,,,,,,,,,,,,,Weyerhaeuser,Trus Joist,TJI210,,,,,,,,,,,,,,,,floor_joist|roof_joist|long_span|dimensional_stability,R502.1,N,span|load|bearing_type|end_conditions,,,,,,,ORDER,3,,"ESR-1153 rated, Flak Jacket fire protection available"
TJI-1143,WY-TJI210-18-20FT,engineered_wood,i_joist,tji210,i_joist,"Weyerhaeuser TJI210 18""x20'",,,StructuralNoSub,,,,2.0625,,18,240,,,2-1/16x18,LF,EA,20,,,,,,,,,,,,,,,Weyerhaeuser,Trus Joist,TJI210,,,,,,,,,,,,,,,,floor_joist|roof_joist|long_span|dimensional_stability,R502.1,N,span|load|bearing_type|end_conditions,,,,,,,ORDER,3,,"ESR-1153 rated, Flak Jacket fire protection available"
TJI-1144,WY-TJI210-18-24FT,engineered_wood,i_joist,tji210,i_joist,"Weyerhaeuser TJI210 18""x24'",,,StructuralNoSub,,,,2.0625,,18,288,,,2-1/16x18,LF,EA,24,,,,,,,,,,,,,,,Weyerhaeuser,Trus Joist,TJI210,,,,,,,,,,,,,,,,floor_joist|roof_joist|long_span|dimensional_stability,R502.1,N,span|load|bearing_type|end_conditions,,,,,,,ORDER,3,,"ESR-1153 rated, Flak Jacket fire protection available"
TJI-1145,WY-TJI210-18-28FT,engineered_wood,i_joist,tji210,i_joist,"Weyerhaeuser TJI210 18""x28'",,,StructuralNoSub,,,,2.0625,,18,336,,,2-1/16x18,LF,EA,28,,,,,,,,,,,,,,,Weyerhaeuser,Trus Joist,TJI210,,,,,,,,,,,,,,,,floor_joist|roof_joist|long_span|dimensional_stability,R502.1,N,span|load|bearing_type|end_conditions,,,,,,,ORDER,3,,"ESR-1153 rated, Flak Jacket fire protection available"
TJI-1146,WY-TJI210-18-32FT,engineered_wood,i_joist,tji210,i_joist,"Weyerhaeuser TJI210 18""x32'",,,StructuralNoSub,,,,2.0625,,18,384,,,2-1/16x18,LF,EA,32,,,,,,,,,,,,,,,Weyerhaeuser,Trus Joist,TJI210,,,,,,,,,,,,,,,,floor_joist|roof_joist|long_span|dimensional_stability,R502.1,N,span|load|bearing_type|end_conditions,,,,,,,ORDER,3,,"ESR-1153 rated, Flak Jacket fire protection available"
TJI-1147,WY-TJI210-18-36FT,engineered_wood,i_joist,tji210,i_joist,"Weyerhaeuser TJI210 18""x36'",,,StructuralNoSub,,,,2.0625,,18,432,,,2-1/16x18,LF,EA,36,,,,,,,,,,,,,,,Weyerhaeuser,Trus Joist,TJI210,,,,,,,,,,,,,,,,floor_joist|roof_joist|long_span|dimensional_stability,R502.1,N,span|load|bearing_type|end_conditions,,,,,,,ORDER,3,,"ESR-1153 rated, Flak Jacket fire protection available"
TJI-1148,WY-TJI210-18-40FT,engineered_wood,i_joist,tji210,i_joist,"Weyerhaeuser TJI210 18""x40'",,,StructuralNoSub,,,,2.0625,,18,480,,,2-1/16x18,LF,EA,40,,,,,,,,,,,,,,,Weyerhaeuser,Trus Joist,TJI210,,,,,,,,,,,,,,,,floor_joist|roof_joist|long_span|dimensional_stability,R502.1,N,span|load|bearing_type|end_conditions,,,,,,,ORDER,3,,"ESR-1153 rated, Flak Jacket fire protection available"
TJI-1149,WY-TJI210-18-44FT,engineered_wood,i_joist,tji210,i_joist,"Weyerhaeuser TJI210 18""x44'",,,StructuralNoSub,,,,2.0625,,18,528,,,2-1/16x18,LF,EA,44,,,,,,,,,,,,,,,Weyerhaeuser,Trus Joist,TJI210,,,,,,,,,,,,,,,,floor_joist|roof_joist|long_span|dimensional_stability,R502.1,N,span|load|bearing_type|end_conditions,,,,,,,ORDER,3,,"ESR-1153 rated, Flak Jacket fire protection available"
TJI-1150,WY-TJI210-18-48FT,engineered_wood,i_joist,tji210,i_joist,"Weyerhaeuser TJI210 18""x48'",,,StructuralNoSub,,,,2.0625,,18,576,,,2-1/16x18,LF,EA,48,,,,,,,,,,,,,,,Weyerhaeuser,Trus Joist,TJI210,,,,,,,,,,,,,,,,floor_joist|roof_joist|long_span|dimensional_stability,R502.1,N,span|load|bearing_type|end_conditions,,,,,,,ORDER,3,,"ESR-1153 rated, Flak Jacket fire protection available"
TJI-1151,WY-TJI210-20-20FT,engineered_wood,i_joist,tji210,i_joist,"Weyerhaeuser TJI210 20""x20'",,,StructuralNoSub,,,,2.0625,,20,240,,,2-1/16x20,LF,EA,20,,,,,,,,,,,,,,,Weyerhaeuser,Trus Joist,TJI210,,,,,,,,,,,,,,,,floor_joist|roof_joist|long_span|dimensional_stability,R502.1,N,span|load|bearing_type|end_conditions,,,,,,,ORDER,3,,"ESR-1153 rated, Flak Jacket fire protection available"
TJI-1152,WY-TJI210-20-24FT,engineered_wood,i_joist,tji210,i_joist,"Weyerhaeuser TJI210 20""x24'",,,StructuralNoSub,,,,2.0625,,20,288,,,2-1/16x20,LF,EA,24,,,,,,,,,,,,,,,Weyerhaeuser,Trus Joist,TJI210,,,,,,,,,,,,,,,,floor_joist|roof_joist|long_span|dimensional_stability,R502.1,N,span|load|bearing_type|end_conditions,,,,,,,ORDER,3,,"ESR-1153 rated, Flak Jacket fire protection available"
TJI-1153,WY-TJI210-20-28FT,engineered_wood,i_joist,tji210,i_joist,"Weyerhaeuser TJI210 20""x28'",,,StructuralNoSub,,,,2.0625,,20,336,,,2-1/16x20,LF,EA,28,,,,,,,,,,,,,,,Weyerhaeuser,Trus Joist,TJI210,,,,,,,,,,,,,,,,floor_joist|roof_joist|long_span|dimensional_stability,R502.1,N,span|load|bearing_type|end_conditions,,,,,,,ORDER,3,,"ESR-1153 rated, Flak Jacket fire protection available"
TJI-1154,WY-TJI210-20-32FT,engineered_wood,i_joist,tji210,i_joist,"Weyerhaeuser TJI210 20""x32'",,,StructuralNoSub,,,,2.0625,,20,384,,,2-1/16x20,LF,EA,32,,,,,,,,,,,,,,,Weyerhaeuser,Trus Joist,TJI210,,,,,,,,,,,,,,,,floor_joist|roof_joist|long_span|dimensional_stability,R502.1,N,span|load|bearing_type|end_conditions,,,,,,,ORDER,3,,"ESR-1153 rated, Flak Jacket fire protection available"
TJI-1155,WY-TJI210-20-36FT,engineered_wood,i_joist,tji210,i_joist,"Weyerhaeuser TJI210 20""x36'",,,StructuralNoSub,,,,2.0625,,20,432,,,2-1/16x20,LF,EA,36,,,,,,,,,,,,,,,Weyerhaeuser,Trus Joist,TJI210,,,,,,,,,,,,,,,,floor_joist|roof_joist|long_span|dimensional_stability,R502.1,N,span|load|bearing_type|end_conditions,,,,,,,ORDER,3,,"ESR-1153 rated, Flak Jacket fire protection available"
TJI-1156,WY-TJI210-20-40FT,engineered_wood,i_joist,tji210,i_joist,"Weyerhaeuser TJI210 20""x40'",,,StructuralNoSub,,,,2.0625,,20,480,,,2-1/16x20,LF,EA,40,,,,,,,,,,,,,,,Weyerhaeuser,Trus Joist,TJI210,,,,,,,,,,,,,,,,floor_joist|roof_joist|long_span|dimensional_stability,R502.1,N,span|load|bearing_type|end_conditions,,,,,,,ORDER,3,,"ESR-1153 rated, Flak Jacket fire protection available"
TJI-1157,WY-TJI210-20-44FT,engineered_wood,i_joist,tji210,i_joist,"Weyerhaeuser TJI210 20""x44'",,,StructuralNoSub,,,,2.0625,,20,528,,,2-1/16x20,LF,EA,44,,,,,,,,,,,,,,,Weyerhaeuser,Trus Joist,TJI210,,,,,,,,,,,,,,,,floor_joist|roof_joist|long_span|dimensional_stability,R502.1,N,span|load|bearing_type|end_conditions,,,,,,,ORDER,3,,"ESR-1153 rated, Flak Jacket fire protection available"
TJI-1158,WY-TJI210-20-48FT,engineered_wood,i_joist,tji210,i_joist,"Weyerhaeuser TJI210 20""x48'",,,StructuralNoSub,,,,2.0625,,20,576,,,2-1/16x20,LF,EA,48,,,,,,,,,,,,,,,Weyerhaeuser,Trus Joist,TJI210,,,,,,,,,,,,,,,,floor_joist|roof_joist|long_span|dimensional_stability,R502.1,N,span|load|bearing_type|end_conditions,,,,,,,ORDER,3,,"ESR-1153 rated, Flak Jacket fire protection available"
TJI-1159,WY-TJI230-912-20FT,engineered_wood,i_joist,tji230,i_joist,"Weyerhaeuser TJI230 9-1/2""x20'",,,StructuralNoSub,,,,2.3125,,9.5,240,,,2-5/16x9-1/2,LF,EA,20,,,,,,,,,,,,,,,Weyerhaeuser,Trus Joist,TJI230,,,,,,,,,,,,,,,,floor_joist|roof_joist|long_span|dimensional_stability,R502.1,N,span|load|bearing_type|end_conditions,,,,,,,ORDER,3,,"ESR-1153 rated, Flak Jacket fire protection available"
TJI-1160,WY-TJI230-912-24FT,engineered_wood,i_joist,tji230,i_joist,"Weyerhaeuser TJI230 9-1/2""x24'",,,StructuralNoSub,,,,2.3125,,9.5,288,,,2-5/16x9-1/2,LF,EA,24,,,,,,,,,,,,,,,Weyerhaeuser,Trus Joist,TJI230,,,,,,,,,,,,,,,,floor_joist|roof_joist|long_span|dimensional_stability,R502.1,N,span|load|bearing_type|end_conditions,,,,,,,ORDER,3,,"ESR-1153 rated, Flak Jacket fire protection available"
TJI-1161,WY-TJI230-912-28FT,engineered_wood,i_joist,tji230,i_joist,"Weyerhaeuser TJI230 9-1/2""x28'",,,StructuralNoSub,,,,2.3125,,9.5,336,,,2-5/16x9-1/2,LF,EA,28,,,,,,,,,,,,,,,Weyerhaeuser,Trus Joist,TJI230,,,,,,,,,,,,,,,,floor_joist|roof_joist|long_span|dimensional_stability,R502.1,N,span|load|bearing_type|end_conditions,,,,,,,ORDER,3,,"ESR-1153 rated, Flak Jacket fire protection available"
TJI-1162,WY-TJI230-912-32FT,engineered_wood,i_joist,tji230,i_joist,"Weyerhaeuser TJI230 9-1/2""x32'",,,StructuralNoSub,,,,2.3125,,9.5,384,,,2-5/16x9-1/2,LF,EA,32,,,,,,,,,,,,,,,Weyerhaeuser,Trus Joist,TJI230,,,,,,,,,,,,,,,,floor_joist|roof_joist|long_span|dimensional_stability,R502.1,N,span|load|bearing_type|end_conditions,,,,,,,ORDER,3,,"ESR-1153 rated, Flak Jacket fire protection available"
TJI-1163,WY-TJI230-1178-20FT,engineered_wood,i_joist,tji230,i_joist,"Weyerhaeuser TJI230 11-7/8""x20'",,,StructuralNoSub,,,,2.3125,,11.875,240,,,2-5/16x11-7/8,LF,EA,20,,,,,,,,,,,,,,,Weyerhaeuser,Trus Joist,TJI230,,,,,,,,,,,,,,,,floor_joist|roof_joist|long_span|dimensional_stability,R502.1,N,span|load|bearing_type|end_conditions,,,,,,,ORDER,3,,"ESR-1153 rated, Flak Jacket fire protection available"
TJI-1164,WY-TJI230-1178-24FT,engineered_wood,i_joist,tji230,i_joist,"Weyerhaeuser TJI230 11-7/8""x24'",,,StructuralNoSub,,,,2.3125,,11.875,288,,,2-5/16x11-7/8,LF,EA,24,,,,,,,,,,,,,,,Weyerhaeuser,Trus Joist,TJI230,,,,,,,,,,,,,,,,floor_joist|roof_joist|long_span|dimensional_stability,R502.1,N,span|load|bearing_type|end_conditions,,,,,,,ORDER,3,,"ESR-1153 rated, Flak Jacket fire protection available"
TJI-1165,WY-TJI230-1178-28FT,engineered_wood,i_joist,tji230,i_joist,"Weyerhaeuser TJI230 11-7/8""x28'",,,StructuralNoSub,,,,2.3125,,11.875,336,,,2-5/16x11-7/8,LF,EA,28,,,,,,,,,,,,,,,Weyerhaeuser,Trus Joist,TJI230,,,,,,,,,,,,,,,,floor_joist|roof_joist|long_span|dimensional_stability,R502.1,N,span|load|bearing_type|end_conditions,,,,,,,ORDER,3,,"ESR-1153 rated, Flak Jacket fire protection available"
TJI-1166,WY-TJI230-1178-32FT,engineered_wood,i_joist,tji230,i_joist,"Weyerhaeuser TJI230 11-7/8""x32'",,,StructuralNoSub,,,,2.3125,,11.875,384,,,2-5/16x11-7/8,LF,EA,32,,,,,,,,,,,,,,,Weyerhaeuser,Trus Joist,TJI230,,,,,,,,,,,,,,,,floor_joist|roof_joist|long_span|dimensional_stability,R502.1,N,span|load|bearing_type|end_conditions,,,,,,,ORDER,3,,"ESR-1153 rated, Flak Jacket fire protection available"
TJI-1167,WY-TJI230-14-20FT,engineered_wood,i_joist,tji230,i_joist,"Weyerhaeuser TJI230 14""x20'",,,StructuralNoSub,,,,2.3125,,14,240,,,2-5/16x14,LF,EA,20,,,,,,,,,,,,,,,Weyerhaeuser,Trus Joist,TJI230,,,,,,,,,,,,,,,,floor_joist|roof_joist|long_span|dimensional_stability,R502.1,N,span|load|bearing_type|end_conditions,,,,,,,ORDER,3,,"ESR-1153 rated, Flak Jacket fire protection available"
TJI-1168,WY-TJI230-14-24FT,engineered_wood,i_joist,tji230,i_joist,"Weyerhaeuser TJI230 14""x24'",,,StructuralNoSub,,,,2.3125,,14,288,,,2-5/16x14,LF,EA,24,,,,,,,,,,,,,,,Weyerhaeuser,Trus Joist,TJI230,,,,,,,,,,,,,,,,floor_joist|roof_joist|long_span|dimensional_stability,R502.1,N,span|load|bearing_type|end_conditions,,,,,,,ORDER,3,,"ESR-1153 rated, Flak Jacket fire protection available"
TJI-1169,WY-TJI230-14-28FT,engineered_wood,i_joist,tji230,i_joist,"Weyerhaeuser TJI230 14""x28'",,,StructuralNoSub,,,,2.3125,,14,336,,,2-5/16x14,LF,EA,28,,,,,,,,,,,,,,,Weyerhaeuser,Trus Joist,TJI230,,,,,,,,,,,,,,,,floor_joist|roof_joist|long_span|dimensional_stability,R502.1,N,span|load|bearing_type|end_conditions,,,,,,,ORDER,3,,"ESR-1153 rated, Flak Jacket fire protection available"
TJI-1170,WY-TJI230-14-32FT,engineered_wood,i_joist,tji230,i_joist,"Weyerhaeuser TJI230 14""x32'",,,StructuralNoSub,,,,2.3125,,14,384,,,2-5/16x14,LF,EA,32,,,,,,,,,,,,,,,Weyerhaeuser,Trus Joist,TJI230,,,,,,,,,,,,,,,,floor_joist|roof_joist|long_span|dimensional_stability,R502.1,N,span|load|bearing_type|end_conditions,,,,,,,ORDER,3,,"ESR-1153 rated, Flak Jacket fire protection available"
TJI-1171,WY-TJI230-14-36FT,engineered_wood,i_joist,tji230,i_joist,"Weyerhaeuser TJI230 14""x36'",,,StructuralNoSub,,,,2.3125,,14,432,,,2-5/16x14,LF,EA,36,,,,,,,,,,,,,,,Weyerhaeuser,Trus Joist,TJI230,,,,,,,,,,,,,,,,floor_joist|roof_joist|long_span|dimensional_stability,R502.1,N,span|load|bearing_type|end_conditions,,,,,,,ORDER,3,,"ESR-1153 rated, Flak Jacket fire protection available"
TJI-1172,WY-TJI230-14-40FT,engineered_wood,i_joist,tji230,i_joist,"Weyerhaeuser TJI230 14""x40'",,,StructuralNoSub,,,,2.3125,,14,480,,,2-5/16x14,LF,EA,40,,,,,,,,,,,,,,,Weyerhaeuser,Trus Joist,TJI230,,,,,,,,,,,,,,,,floor_joist|roof_joist|long_span|dimensional_stability,R502.1,N,span|load|bearing_type|end_conditions,,,,,,,ORDER,3,,"ESR-1153 rated, Flak Jacket fire protection available"
TJI-1173,WY-TJI230-14-44FT,engineered_wood,i_joist,tji230,i_joist,"Weyerhaeuser TJI230 14""x44'",,,StructuralNoSub,,,,2.3125,,14,528,,,2-5/16x14,LF,EA,44,,,,,,,,,,,,,,,Weyerhaeuser,Trus Joist,TJI230,,,,,,,,,,,,,,,,floor_joist|roof_joist|long_span|dimensional_stability,R502.1,N,span|load|bearing_type|end_conditions,,,,,,,ORDER,3,,"ESR-1153 rated, Flak Jacket fire protection available"
TJI-1174,WY-TJI230-14-48FT,engineered_wood,i_joist,tji230,i_joist,"Weyerhaeuser TJI230 14""x48'",,,StructuralNoSub,,,,2.3125,,14,576,,,2-5/16x14,LF,EA,48,,,,,,,,,,,,,,,Weyerhaeuser,Trus Joist,TJI230,,,,,,,,,,,,,,,,floor_joist|roof_joist|long_span|dimensional_stability,R502.1,N,span|load|bearing_type|end_conditions,,,,,,,ORDER,3,,"ESR-1153 rated, Flak Jacket fire protection available"
TJI-1175,WY-TJI230-16-20FT,engineered_wood,i_joist,tji230,i_joist,"Weyerhaeuser TJI230 16""x20'",,,StructuralNoSub,,,,2.3125,,16,240,,,2-5/16x16,LF,EA,20,,,,,,,,,,,,,,,Weyerhaeuser,Trus Joist,TJI230,,,,,,,,,,,,,,,,floor_joist|roof_joist|long_span|dimensional_stability,R502.1,N,span|load|bearing_type|end_conditions,,,,,,,ORDER,3,,"ESR-1153 rated, Flak Jacket fire protection available"
TJI-1176,WY-TJI230-16-24FT,engineered_wood,i_joist,tji230,i_joist,"Weyerhaeuser TJI230 16""x24'",,,StructuralNoSub,,,,2.3125,,16,288,,,2-5/16x16,LF,EA,24,,,,,,,,,,,,,,,Weyerhaeuser,Trus Joist,TJI230,,,,,,,,,,,,,,,,floor_joist|roof_joist|long_span|dimensional_stability,R502.1,N,span|load|bearing_type|end_conditions,,,,,,,ORDER,3,,"ESR-1153 rated, Flak Jacket fire protection available"
TJI-1177,WY-TJI230-16-28FT,engineered_wood,i_joist,tji230,i_joist,"Weyerhaeuser TJI230 16""x28'",,,StructuralNoSub,,,,2.3125,,16,336,,,2-5/16x16,LF,EA,28,,,,,,,,,,,,,,,Weyerhaeuser,Trus Joist,TJI230,,,,,,,,,,,,,,,,floor_joist|roof_joist|long_span|dimensional_stability,R502.1,N,span|load|bearing_type|end_conditions,,,,,,,ORDER,3,,"ESR-1153 rated, Flak Jacket fire protection available"
TJI-1178,WY-TJI230-16-32FT,engineered_wood,i_joist,tji230,i_joist,"Weyerhaeuser TJI230 16""x32'",,,StructuralNoSub,,,,2.3125,,16,384,,,2-5/16x16,LF,EA,32,,,,,,,,,,,,,,,Weyerhaeuser,Trus Joist,TJI230,,,,,,,,,,,,,,,,floor_joist|roof_joist|long_span|dimensional_stability,R502.1,N,span|load|bearing_type|end_conditions,,,,,,,ORDER,3,,"ESR-1153 rated, Flak Jacket fire protection available"
TJI-1179,WY-TJI230-16-36FT,engineered_wood,i_joist,tji230,i_joist,"Weyerhaeuser TJI230 16""x36'",,,StructuralNoSub,,,,2.3125,,16,432,,,2-5/16x16,LF,EA,36,,,,,,,,,,,,,,,Weyerhaeuser,Trus Joist,TJI230,,,,,,,,,,,,,,,,floor_joist|roof_joist|long_span|dimensional_stability,R502.1,N,span|load|bearing_type|end_conditions,,,,,,,ORDER,3,,"ESR-1153 rated, Flak Jacket fire protection available"
TJI-1180,WY-TJI230-16-40FT,engineered_wood,i_joist,tji230,i_joist,"Weyerhaeuser TJI230 16""x40'",,,StructuralNoSub,,,,2.3125,,16,480,,,2-5/16x16,LF,EA,40,,,,,,,,,,,,,,,Weyerhaeuser,Trus Joist,TJI230,,,,,,,,,,,,,,,,floor_joist|roof_joist|long_span|dimensional_stability,R502.1,N,span|load|bearing_type|end_conditions,,,,,,,ORDER,3,,"ESR-1153 rated, Flak Jacket fire protection available"
TJI-1181,WY-TJI230-16-44FT,engineered_wood,i_joist,tji230,i_joist,"Weyerhaeuser TJI230 16""x44'",,,StructuralNoSub,,,,2.3125,,16,528,,,2-5/16x16,LF,EA,44,,,,,,,,,,,,,,,Weyerhaeuser,Trus Joist,TJI230,,,,,,,,,,,,,,,,floor_joist|roof_joist|long_span|dimensional_stability,R502.1,N,span|load|bearing_type|end_conditions,,,,,,,ORDER,3,,"ESR-1153 rated, Flak Jacket fire protection available"
TJI-1182,WY-TJI230-16-48FT,engineered_wood,i_joist,tji230,i_joist,"Weyerhaeuser TJI230 16""x48'",,,StructuralNoSub,,,,2.3125,,16,576,,,2-5/16x16,LF,EA,48,,,,,,,,,,,,,,,Weyerhaeuser,Trus Joist,TJI230,,,,,,,,,,,,,,,,floor_joist|roof_joist|long_span|dimensional_stability,R502.1,N,span|load|bearing_type|end_conditions,,,,,,,ORDER,3,,"ESR-1153 rated, Flak Jacket fire protection available"
TJI-1183,WY-TJI230-18-20FT,engineered_wood,i_joist,tji230,i_joist,"Weyerhaeuser TJI230 18""x20'",,,StructuralNoSub,,,,2.3125,,18,240,,,2-5/16x18,LF,EA,20,,,,,,,,,,,,,,,Weyerhaeuser,Trus Joist,TJI230,,,,,,,,,,,,,,,,floor_joist|roof_joist|long_span|dimensional_stability,R502.1,N,span|load|bearing_type|end_conditions,,,,,,,ORDER,3,,"ESR-1153 rated, Flak Jacket fire protection available"
TJI-1184,WY-TJI230-18-24FT,engineered_wood,i_joist,tji230,i_joist,"Weyerhaeuser TJI230 18""x24'",,,StructuralNoSub,,,,2.3125,,18,288,,,2-5/16x18,LF,EA,24,,,,,,,,,,,,,,,Weyerhaeuser,Trus Joist,TJI230,,,,,,,,,,,,,,,,floor_joist|roof_joist|long_span|dimensional_stability,R502.1,N,span|load|bearing_type|end_conditions,,,,,,,ORDER,3,,"ESR-1153 rated, Flak Jacket fire protection available"
TJI-1185,WY-TJI230-18-28FT,engineered_wood,i_joist,tji230,i_joist,"Weyerhaeuser TJI230 18""x28'",,,StructuralNoSub,,,,2.3125,,18,336,,,2-5/16x18,LF,EA,28,,,,,,,,,,,,,,,Weyerhaeuser,Trus Joist,TJI230,,,,,,,,,,,,,,,,floor_joist|roof_joist|long_span|dimensional_stability,R502.1,N,span|load|bearing_type|end_conditions,,,,,,,ORDER,3,,"ESR-1153 rated, Flak Jacket fire protection available"
TJI-1186,WY-TJI230-18-32FT,engineered_wood,i_joist,tji230,i_joist,"Weyerhaeuser TJI230 18""x32'",,,StructuralNoSub,,,,2.3125,,18,384,,,2-5/16x18,LF,EA,32,,,,,,,,,,,,,,,Weyerhaeuser,Trus Joist,TJI230,,,,,,,,,,,,,,,,floor_joist|roof_joist|long_span|dimensional_stability,R502.1,N,span|load|bearing_type|end_conditions,,,,,,,ORDER,3,,"ESR-1153 rated, Flak Jacket fire protection available"
TJI-1187,WY-TJI230-18-36FT,engineered_wood,i_joist,tji230,i_joist,"Weyerhaeuser TJI230 18""x36'",,,StructuralNoSub,,,,2.3125,,18,432,,,2-5/16x18,LF,EA,36,,,,,,,,,,,,,,,Weyerhaeuser,Trus Joist,TJI230,,,,,,,,,,,,,,,,floor_joist|roof_joist|long_span|dimensional_stability,R502.1,N,span|load|bearing_type|end_conditions,,,,,,,ORDER,3,,"ESR-1153 rated, Flak Jacket fire protection available"
TJI-1188,WY-TJI230-18-40FT,engineered_wood,i_joist,tji230,i_joist,"Weyerhaeuser TJI230 18""x40'",,,StructuralNoSub,,,,2.3125,,18,480,,,2-5/16x18,LF,EA,40,,,,,,,,,,,,,,,Weyerhaeuser,Trus Joist,TJI230,,,,,,,,,,,,,,,,floor_joist|roof_joist|long_span|dimensional_stability,R502.1,N,span|load|bearing_type|end_conditions,,,,,,,ORDER,3,,"ESR-1153 rated, Flak Jacket fire protection available"
TJI-1189,WY-TJI230-18-44FT,engineered_wood,i_joist,tji230,i_joist,"Weyerhaeuser TJI230 18""x44'",,,StructuralNoSub,,,,2.3125,,18,528,,,2-5/16x18,LF,EA,44,,,,,,,,,,,,,,,Weyerhaeuser,Trus Joist,TJI230,,,,,,,,,,,,,,,,floor_joist|roof_joist|long_span|dimensional_stability,R502.1,N,span|load|bearing_type|end_conditions,,,,,,,ORDER,3,,"ESR-1153 rated, Flak Jacket fire protection available"
TJI-1190,WY-TJI230-18-48FT,engineered_wood,i_joist,tji230,i_joist,"Weyerhaeuser TJI230 18""x48'",,,StructuralNoSub,,,,2.3125,,18,576,,,2-5/16x18,LF,EA,48,,,,,,,,,,,,,,,Weyerhaeuser,Trus Joist,TJI230,,,,,,,,,,,,,,,,floor_joist|roof_joist|long_span|dimensional_stability,R502.1,N,span|load|bearing_type|end_conditions,,,,,,,ORDER,3,,"ESR-1153 rated, Flak Jacket fire protection available"
TJI-1191,WY-TJI230-20-20FT,engineered_wood,i_joist,tji230,i_joist,"Weyerhaeuser TJI230 20""x20'",,,StructuralNoSub,,,,2.3125,,20,240,,,2-5/16x20,LF,EA,20,,,,,,,,,,,,,,,Weyerhaeuser,Trus Joist,TJI230,,,,,,,,,,,,,,,,floor_joist|roof_joist|long_span|dimensional_stability,R502.1,N,span|load|bearing_type|end_conditions,,,,,,,ORDER,3,,"ESR-1153 rated, Flak Jacket fire protection available"
TJI-1192,WY-TJI230-20-24FT,engineered_wood,i_joist,tji230,i_joist,"Weyerhaeuser TJI230 20""x24'",,,StructuralNoSub,,,,2.3125,,20,288,,,2-5/16x20,LF,EA,24,,,,,,,,,,,,,,,Weyerhaeuser,Trus Joist,TJI230,,,,,,,,,,,,,,,,floor_joist|roof_joist|long_span|dimensional_stability,R502.1,N,span|load|bearing_type|end_conditions,,,,,,,ORDER,3,,"ESR-1153 rated, Flak Jacket fire protection available"
TJI-1193,WY-TJI230-20-28FT,engineered_wood,i_joist,tji230,i_joist,"Weyerhaeuser TJI230 20""x28'",,,StructuralNoSub,,,,2.3125,,20,336,,,2-5/16x20,LF,EA,28,,,,,,,,,,,,,,,Weyerhaeuser,Trus Joist,TJI230,,,,,,,,,,,,,,,,floor_joist|roof_joist|long_span|dimensional_stability,R502.1,N,span|load|bearing_type|end_conditions,,,,,,,ORDER,3,,"ESR-1153 rated, Flak Jacket fire protection available"
TJI-1194,WY-TJI230-20-32FT,engineered_wood,i_joist,tji230,i_joist,"Weyerhaeuser TJI230 20""x32'",,,StructuralNoSub,,,,2.3125,,20,384,,,2-5/16x20,LF,EA,32,,,,,,,,,,,,,,,Weyerhaeuser,Trus Joist,TJI230,,,,,,,,,,,,,,,,floor_joist|roof_joist|long_span|dimensional_stability,R502.1,N,span|load|bearing_type|end_conditions,,,,,,,ORDER,3,,"ESR-1153 rated, Flak Jacket fire protection available"
TJI-1195,WY-TJI230-20-36FT,engineered_wood,i_joist,tji230,i_joist,"Weyerhaeuser TJI230 20""x36'",,,StructuralNoSub,,,,2.3125,,20,432,,,2-5/16x20,LF,EA,36,,,,,,,,,,,,,,,Weyerhaeuser,Trus Joist,TJI230,,,,,,,,,,,,,,,,floor_joist|roof_joist|long_span|dimensional_stability,R502.1,N,span|load|bearing_type|end_conditions,,,,,,,ORDER,3,,"ESR-1153 rated, Flak Jacket fire protection available"
TJI-1196,WY-TJI230-20-40FT,engineered_wood,i_joist,tji230,i_joist,"Weyerhaeuser TJI230 20""x40'",,,StructuralNoSub,,,,2.3125,,20,480,,,2-5/16x20,LF,EA,40,,,,,,,,,,,,,,,Weyerhaeuser,Trus Joist,TJI230,,,,,,,,,,,,,,,,floor_joist|roof_joist|long_span|dimensional_stability,R502.1,N,span|load|bearing_type|end_conditions,,,,,,,ORDER,3,,"ESR-1153 rated, Flak Jacket fire protection available"
TJI-1197,WY-TJI230-20-44FT,engineered_wood,i_joist,tji230,i_joist,"Weyerhaeuser TJI230 20""x44'",,,StructuralNoSub,,,,2.3125,,20,528,,,2-5/16x20,LF,EA,44,,,,,,,,,,,,,,,Weyerhaeuser,Trus Joist,TJI230,,,,,,,,,,,,,,,,floor_joist|roof_joist|long_span|dimensional_stability,R502.1,N,span|load|bearing_type|end_conditions,,,,,,,ORDER,3,,"ESR-1153 rated, Flak Jacket fire protection available"
TJI-1198,WY-TJI230-20-48FT,engineered_wood,i_joist,tji230,i_joist,"Weyerhaeuser TJI230 20""x48'",,,StructuralNoSub,,,,2.3125,,20,576,,,2-5/16x20,LF,EA,48,,,,,,,,,,,,,,,Weyerhaeuser,Trus Joist,TJI230,,,,,,,,,,,,,,,,floor_joist|roof_joist|long_span|dimensional_stability,R502.1,N,span|load|bearing_type|end_conditions,,,,,,,ORDER,3,,"ESR-1153 rated, Flak Jacket fire protection available"
TJI-1199,WY-TJI360-912-20FT,engineered_wood,i_joist,tji360,i_joist,"Weyerhaeuser TJI360 9-1/2""x20'",,,StructuralNoSub,,,,2.3125,,9.5,240,,,2-5/16x9-1/2,LF,EA,20,,,,,,,,,,,,,,,Weyerhaeuser,Trus Joist,TJI360,,,,,,,,,,,,,,,,floor_joist|roof_joist|long_span|dimensional_stability,R502.1,N,span|load|bearing_type|end_conditions,,,,,,,ORDER,3,,"ESR-1153 rated, Flak Jacket fire protection available"
TJI-1200,WY-TJI360-912-24FT,engineered_wood,i_joist,tji360,i_joist,"Weyerhaeuser TJI360 9-1/2""x24'",,,StructuralNoSub,,,,2.3125,,9.5,288,,,2-5/16x9-1/2,LF,EA,24,,,,,,,,,,,,,,,Weyerhaeuser,Trus Joist,TJI360,,,,,,,,,,,,,,,,floor_joist|roof_joist|long_span|dimensional_stability,R502.1,N,span|load|bearing_type|end_conditions,,,,,,,ORDER,3,,"ESR-1153 rated, Flak Jacket fire protection available"
TJI-1201,WY-TJI360-912-28FT,engineered_wood,i_joist,tji360,i_joist,"Weyerhaeuser TJI360 9-1/2""x28'",,,StructuralNoSub,,,,2.3125,,9.5,336,,,2-5/16x9-1/2,LF,EA,28,,,,,,,,,,,,,,,Weyerhaeuser,Trus Joist,TJI360,,,,,,,,,,,,,,,,floor_joist|roof_joist|long_span|dimensional_stability,R502.1,N,span|load|bearing_type|end_conditions,,,,,,,ORDER,3,,"ESR-1153 rated, Flak Jacket fire protection available"
TJI-1202,WY-TJI360-912-32FT,engineered_wood,i_joist,tji360,i_joist,"Weyerhaeuser TJI360 9-1/2""x32'",,,StructuralNoSub,,,,2.3125,,9.5,384,,,2-5/16x9-1/2,LF,EA,32,,,,,,,,,,,,,,,Weyerhaeuser,Trus Joist,TJI360,,,,,,,,,,,,,,,,floor_joist|roof_joist|long_span|dimensional_stability,R502.1,N,span|load|bearing_type|end_conditions,,,,,,,ORDER,3,,"ESR-1153 rated, Flak Jacket fire protection available"
TJI-1203,WY-TJI360-1178-20FT,engineered_wood,i_joist,tji360,i_joist,"Weyerhaeuser TJI360 11-7/8""x20'",,,StructuralNoSub,,,,2.3125,,11.875,240,,,2-5/16x11-7/8,LF,EA,20,,,,,,,,,,,,,,,Weyerhaeuser,Trus Joist,TJI360,,,,,,,,,,,,,,,,floor_joist|roof_joist|long_span|dimensional_stability,R502.1,N,span|load|bearing_type|end_conditions,,,,,,,ORDER,3,,"ESR-1153 rated, Flak Jacket fire protection available"
TJI-1204,WY-TJI360-1178-24FT,engineered_wood,i_joist,tji360,i_joist,"Weyerhaeuser TJI360 11-7/8""x24'",,,StructuralNoSub,,,,2.3125,,11.875,288,,,2-5/16x11-7/8,LF,EA,24,,,,,,,,,,,,,,,Weyerhaeuser,Trus Joist,TJI360,,,,,,,,,,,,,,,,floor_joist|roof_joist|long_span|dimensional_stability,R502.1,N,span|load|bearing_type|end_conditions,,,,,,,ORDER,3,,"ESR-1153 rated, Flak Jacket fire protection available"
TJI-1205,WY-TJI360-1178-28FT,engineered_wood,i_joist,tji360,i_joist,"Weyerhaeuser TJI360 11-7/8""x28'",,,StructuralNoSub,,,,2.3125,,11.875,336,,,2-5/16x11-7/8,LF,EA,28,,,,,,,,,,,,,,,Weyerhaeuser,Trus Joist,TJI360,,,,,,,,,,,,,,,,floor_joist|roof_joist|long_span|dimensional_stability,R502.1,N,span|load|bearing_type|end_conditions,,,,,,,ORDER,3,,"ESR-1153 rated, Flak Jacket fire protection available"
TJI-1206,WY-TJI360-1178-32FT,engineered_wood,i_joist,tji360,i_joist,"Weyerhaeuser TJI360 11-7/8""x32'",,,StructuralNoSub,,,,2.3125,,11.875,384,,,2-5/16x11-7/8,LF,EA,32,,,,,,,,,,,,,,,Weyerhaeuser,Trus Joist,TJI360,,,,,,,,,,,,,,,,floor_joist|roof_joist|long_span|dimensional_stability,R502.1,N,span|load|bearing_type|end_conditions,,,,,,,ORDER,3,,"ESR-1153 rated, Flak Jacket fire protection available"
TJI-1207,WY-TJI360-14-20FT,engineered_wood,i_joist,tji360,i_joist,"Weyerhaeuser TJI360 14""x20'",,,StructuralNoSub,,,,2.3125,,14,240,,,2-5/16x14,LF,EA,20,,,,,,,,,,,,,,,Weyerhaeuser,Trus Joist,TJI360,,,,,,,,,,,,,,,,floor_joist|roof_joist|long_span|dimensional_stability,R502.1,N,span|load|bearing_type|end_conditions,,,,,,,ORDER,3,,"ESR-1153 rated, Flak Jacket fire protection available"
TJI-1208,WY-TJI360-14-24FT,engineered_wood,i_joist,tji360,i_joist,"Weyerhaeuser TJI360 14""x24'",,,StructuralNoSub,,,,2.3125,,14,288,,,2-5/16x14,LF,EA,24,,,,,,,,,,,,,,,Weyerhaeuser,Trus Joist,TJI360,,,,,,,,,,,,,,,,floor_joist|roof_joist|long_span|dimensional_stability,R502.1,N,span|load|bearing_type|end_conditions,,,,,,,ORDER,3,,"ESR-1153 rated, Flak Jacket fire protection available"
TJI-1209,WY-TJI360-14-28FT,engineered_wood,i_joist,tji360,i_joist,"Weyerhaeuser TJI360 14""x28'",,,StructuralNoSub,,,,2.3125,,14,336,,,2-5/16x14,LF,EA,28,,,,,,,,,,,,,,,Weyerhaeuser,Trus Joist,TJI360,,,,,,,,,,,,,,,,floor_joist|roof_joist|long_span|dimensional_stability,R502.1,N,span|load|bearing_type|end_conditions,,,,,,,ORDER,3,,"ESR-1153 rated, Flak Jacket fire protection available"
TJI-1210,WY-TJI360-14-32FT,engineered_wood,i_joist,tji360,i_joist,"Weyerhaeuser TJI360 14""x32'",,,StructuralNoSub,,,,2.3125,,14,384,,,2-5/16x14,LF,EA,32,,,,,,,,,,,,,,,Weyerhaeuser,Trus Joist,TJI360,,,,,,,,,,,,,,,,floor_joist|roof_joist|long_span|dimensional_stability,R502.1,N,span|load|bearing_type|end_conditions,,,,,,,ORDER,3,,"ESR-1153 rated, Flak Jacket fire protection available"
TJI-1211,WY-TJI360-14-36FT,engineered_wood,i_joist,tji360,i_joist,"Weyerhaeuser TJI360 14""x36'",,,StructuralNoSub,,,,2.3125,,14,432,,,2-5/16x14,LF,EA,36,,,,,,,,,,,,,,,Weyerhaeuser,Trus Joist,TJI360,,,,,,,,,,,,,,,,floor_joist|roof_joist|long_span|dimensional_stability,R502.1,N,span|load|bearing_type|end_conditions,,,,,,,ORDER,3,,"ESR-1153 rated, Flak Jacket fire protection available"
TJI-1212,WY-TJI360-14-40FT,engineered_wood,i_joist,tji360,i_joist,"Weyerhaeuser TJI360 14""x40'",,,StructuralNoSub,,,,2.3125,,14,480,,,2-5/16x14,LF,EA,40,,,,,,,,,,,,,,,Weyerhaeuser,Trus Joist,TJI360,,,,,,,,,,,,,,,,floor_joist|roof_joist|long_span|dimensional_stability,R502.1,N,span|load|bearing_type|end_conditions,,,,,,,ORDER,3,,"ESR-1153 rated, Flak Jacket fire protection available"
TJI-1213,WY-TJI360-14-44FT,engineered_wood,i_joist,tji360,i_joist,"Weyerhaeuser TJI360 14""x44'",,,StructuralNoSub,,,,2.3125,,14,528,,,2-5/16x14,LF,EA,44,,,,,,,,,,,,,,,Weyerhaeuser,Trus Joist,TJI360,,,,,,,,,,,,,,,,floor_joist|roof_joist|long_span|dimensional_stability,R502.1,N,span|load|bearing_type|end_conditions,,,,,,,ORDER,3,,"ESR-1153 rated, Flak Jacket fire protection available"
TJI-1214,WY-TJI360-14-48FT,engineered_wood,i_joist,tji360,i_joist,"Weyerhaeuser TJI360 14""x48'",,,StructuralNoSub,,,,2.3125,,14,576,,,2-5/16x14,LF,EA,48,,,,,,,,,,,,,,,Weyerhaeuser,Trus Joist,TJI360,,,,,,,,,,,,,,,,floor_joist|roof_joist|long_span|dimensional_stability,R502.1,N,span|load|bearing_type|end_conditions,,,,,,,ORDER,3,,"ESR-1153 rated, Flak Jacket fire protection available"
TJI-1215,WY-TJI360-16-20FT,engineered_wood,i_joist,tji360,i_joist,"Weyerhaeuser TJI360 16""x20'",,,StructuralNoSub,,,,2.3125,,16,240,,,2-5/16x16,LF,EA,20,,,,,,,,,,,,,,,Weyerhaeuser,Trus Joist,TJI360,,,,,,,,,,,,,,,,floor_joist|roof_joist|long_span|dimensional_stability,R502.1,N,span|load|bearing_type|end_conditions,,,,,,,ORDER,3,,"ESR-1153 rated, Flak Jacket fire protection available"
TJI-1216,WY-TJI360-16-24FT,engineered_wood,i_joist,tji360,i_joist,"Weyerhaeuser TJI360 16""x24'",,,StructuralNoSub,,,,2.3125,,16,288,,,2-5/16x16,LF,EA,24,,,,,,,,,,,,,,,Weyerhaeuser,Trus Joist,TJI360,,,,,,,,,,,,,,,,floor_joist|roof_joist|long_span|dimensional_stability,R502.1,N,span|load|bearing_type|end_conditions,,,,,,,ORDER,3,,"ESR-1153 rated, Flak Jacket fire protection available"
TJI-1217,WY-TJI360-16-28FT,engineered_wood,i_joist,tji360,i_joist,"Weyerhaeuser TJI360 16""x28'",,,StructuralNoSub,,,,2.3125,,16,336,,,2-5/16x16,LF,EA,28,,,,,,,,,,,,,,,Weyerhaeuser,Trus Joist,TJI360,,,,,,,,,,,,,,,,floor_joist|roof_joist|long_span|dimensional_stability,R502.1,N,span|load|bearing_type|end_conditions,,,,,,,ORDER,3,,"ESR-1153 rated, Flak Jacket fire protection available"
TJI-1218,WY-TJI360-16-32FT,engineered_wood,i_joist,tji360,i_joist,"Weyerhaeuser TJI360 16""x32'",,,StructuralNoSub,,,,2.3125,,16,384,,,2-5/16x16,LF,EA,32,,,,,,,,,,,,,,,Weyerhaeuser,Trus Joist,TJI360,,,,,,,,,,,,,,,,floor_joist|roof_joist|long_span|dimensional_stability,R502.1,N,span|load|bearing_type|end_conditions,,,,,,,ORDER,3,,"ESR-1153 rated, Flak Jacket fire protection available"
TJI-1219,WY-TJI360-16-36FT,engineered_wood,i_joist,tji360,i_joist,"Weyerhaeuser TJI360 16""x36'",,,StructuralNoSub,,,,2.3125,,16,432,,,2-5/16x16,LF,EA,36,,,,,,,,,,,,,,,Weyerhaeuser,Trus Joist,TJI360,,,,,,,,,,,,,,,,floor_joist|roof_joist|long_span|dimensional_stability,R502.1,N,span|load|bearing_type|end_conditions,,,,,,,ORDER,3,,"ESR-1153 rated, Flak Jacket fire protection available"
TJI-1220,WY-TJI360-16-40FT,engineered_wood,i_joist,tji360,i_joist,"Weyerhaeuser TJI360 16""x40'",,,StructuralNoSub,,,,2.3125,,16,480,,,2-5/16x16,LF,EA,40,,,,,,,,,,,,,,,Weyerhaeuser,Trus Joist,TJI360,,,,,,,,,,,,,,,,floor_joist|roof_joist|long_span|dimensional_stability,R502.1,N,span|load|bearing_type|end_conditions,,,,,,,ORDER,3,,"ESR-1153 rated, Flak Jacket fire protection available"
TJI-1221,WY-TJI360-16-44FT,engineered_wood,i_joist,tji360,i_joist,"Weyerhaeuser TJI360 16""x44'",,,StructuralNoSub,,,,2.3125,,16,528,,,2-5/16x16,LF,EA,44,,,,,,,,,,,,,,,Weyerhaeuser,Trus Joist,TJI360,,,,,,,,,,,,,,,,floor_joist|roof_joist|long_span|dimensional_stability,R502.1,N,span|load|bearing_type|end_conditions,,,,,,,ORDER,3,,"ESR-1153 rated, Flak Jacket fire protection available"
TJI-1222,WY-TJI360-16-48FT,engineered_wood,i_joist,tji360,i_joist,"Weyerhaeuser TJI360 16""x48'",,,StructuralNoSub,,,,2.3125,,16,576,,,2-5/16x16,LF,EA,48,,,,,,,,,,,,,,,Weyerhaeuser,Trus Joist,TJI360,,,,,,,,,,,,,,,,floor_joist|roof_joist|long_span|dimensional_stability,R502.1,N,span|load|bearing_type|end_conditions,,,,,,,ORDER,3,,"ESR-1153 rated, Flak Jacket fire protection available"
TJI-1223,WY-TJI360-18-20FT,engineered_wood,i_joist,tji360,i_joist,"Weyerhaeuser TJI360 18""x20'",,,StructuralNoSub,,,,2.3125,,18,240,,,2-5/16x18,LF,EA,20,,,,,,,,,,,,,,,Weyerhaeuser,Trus Joist,TJI360,,,,,,,,,,,,,,,,floor_joist|roof_joist|long_span|dimensional_stability,R502.1,N,span|load|bearing_type|end_conditions,,,,,,,ORDER,3,,"ESR-1153 rated, Flak Jacket fire protection available"
TJI-1224,WY-TJI360-18-24FT,engineered_wood,i_joist,tji360,i_joist,"Weyerhaeuser TJI360 18""x24'",,,StructuralNoSub,,,,2.3125,,18,288,,,2-5/16x18,LF,EA,24,,,,,,,,,,,,,,,Weyerhaeuser,Trus Joist,TJI360,,,,,,,,,,,,,,,,floor_joist|roof_joist|long_span|dimensional_stability,R502.1,N,span|load|bearing_type|end_conditions,,,,,,,ORDER,3,,"ESR-1153 rated, Flak Jacket fire protection available"
TJI-1225,WY-TJI360-18-28FT,engineered_wood,i_joist,tji360,i_joist,"Weyerhaeuser TJI360 18""x28'",,,StructuralNoSub,,,,2.3125,,18,336,,,2-5/16x18,LF,EA,28,,,,,,,,,,,,,,,Weyerhaeuser,Trus Joist,TJI360,,,,,,,,,,,,,,,,floor_joist|roof_joist|long_span|dimensional_stability,R502.1,N,span|load|bearing_type|end_conditions,,,,,,,ORDER,3,,"ESR-1153 rated, Flak Jacket fire protection available"
TJI-1226,WY-TJI360-18-32FT,engineered_wood,i_joist,tji360,i_joist,"Weyerhaeuser TJI360 18""x32'",,,StructuralNoSub,,,,2.3125,,18,384,,,2-5/16x18,LF,EA,32,,,,,,,,,,,,,,,Weyerhaeuser,Trus Joist,TJI360,,,,,,,,,,,,,,,,floor_joist|roof_joist|long_span|dimensional_stability,R502.1,N,span|load|bearing_type|end_conditions,,,,,,,ORDER,3,,"ESR-1153 rated, Flak Jacket fire protection available"
TJI-1227,WY-TJI360-18-36FT,engineered_wood,i_joist,tji360,i_joist,"Weyerhaeuser TJI360 18""x36'",,,StructuralNoSub,,,,2.3125,,18,432,,,2-5/16x18,LF,EA,36,,,,,,,,,,,,,,,Weyerhaeuser,Trus Joist,TJI360,,,,,,,,,,,,,,,,floor_joist|roof_joist|long_span|dimensional_stability,R502.1,N,span|load|bearing_type|end_conditions,,,,,,,ORDER,3,,"ESR-1153 rated, Flak Jacket fire protection available"
TJI-1228,WY-TJI360-18-40FT,engineered_wood,i_joist,tji360,i_joist,"Weyerhaeuser TJI360 18""x40'",,,StructuralNoSub,,,,2.3125,,18,480,,,2-5/16x18,LF,EA,40,,,,,,,,,,,,,,,Weyerhaeuser,Trus Joist,TJI360,,,,,,,,,,,,,,,,floor_joist|roof_joist|long_span|dimensional_stability,R502.1,N,span|load|bearing_type|end_conditions,,,,,,,ORDER,3,,"ESR-1153 rated, Flak Jacket fire protection available"
TJI-1229,WY-TJI360-18-44FT,engineered_wood,i_joist,tji360,i_joist,"Weyerhaeuser TJI360 18""x44'",,,StructuralNoSub,,,,2.3125,,18,528,,,2-5/16x18,LF,EA,44,,,,,,,,,,,,,,,Weyerhaeuser,Trus Joist,TJI360,,,,,,,,,,,,,,,,floor_joist|roof_joist|long_span|dimensional_stability,R502.1,N,span|load|bearing_type|end_conditions,,,,,,,ORDER,3,,"ESR-1153 rated, Flak Jacket fire protection available"
TJI-1230,WY-TJI360-18-48FT,engineered_wood,i_joist,tji360,i_joist,"Weyerhaeuser TJI360 18""x48'",,,StructuralNoSub,,,,2.3125,,18,576,,,2-5/16x18,LF,EA,48,,,,,,,,,,,,,,,Weyerhaeuser,Trus Joist,TJI360,,,,,,,,,,,,,,,,floor_joist|roof_joist|long_span|dimensional_stability,R502.1,N,span|load|bearing_type|end_conditions,,,,,,,ORDER,3,,"ESR-1153 rated, Flak Jacket fire protection available"
TJI-1231,WY-TJI360-20-20FT,engineered_wood,i_joist,tji360,i_joist,"Weyerhaeuser TJI360 20""x20'",,,StructuralNoSub,,,,2.3125,,20,240,,,2-5/16x20,LF,EA,20,,,,,,,,,,,,,,,Weyerhaeuser,Trus Joist,TJI360,,,,,,,,,,,,,,,,floor_joist|roof_joist|long_span|dimensional_stability,R502.1,N,span|load|bearing_type|end_conditions,,,,,,,ORDER,3,,"ESR-1153 rated, Flak Jacket fire protection available"
TJI-1232,WY-TJI360-20-24FT,engineered_wood,i_joist,tji360,i_joist,"Weyerhaeuser TJI360 20""x24'",,,StructuralNoSub,,,,2.3125,,20,288,,,2-5/16x20,LF,EA,24,,,,,,,,,,,,,,,Weyerhaeuser,Trus Joist,TJI360,,,,,,,,,,,,,,,,floor_joist|roof_joist|long_span|dimensional_stability,R502.1,N,span|load|bearing_type|end_conditions,,,,,,,ORDER,3,,"ESR-1153 rated, Flak Jacket fire protection available"
TJI-1233,WY-TJI360-20-28FT,engineered_wood,i_joist,tji360,i_joist,"Weyerhaeuser TJI360 20""x28'",,,StructuralNoSub,,,,2.3125,,20,336,,,2-5/16x20,LF,EA,28,,,,,,,,,,,,,,,Weyerhaeuser,Trus Joist,TJI360,,,,,,,,,,,,,,,,floor_joist|roof_joist|long_span|dimensional_stability,R502.1,N,span|load|bearing_type|end_conditions,,,,,,,ORDER,3,,"ESR-1153 rated, Flak Jacket fire protection available"
TJI-1234,WY-TJI360-20-32FT,engineered_wood,i_joist,tji360,i_joist,"Weyerhaeuser TJI360 20""x32'",,,StructuralNoSub,,,,2.3125,,20,384,,,2-5/16x20,LF,EA,32,,,,,,,,,,,,,,,Weyerhaeuser,Trus Joist,TJI360,,,,,,,,,,,,,,,,floor_joist|roof_joist|long_span|dimensional_stability,R502.1,N,span|load|bearing_type|end_conditions,,,,,,,ORDER,3,,"ESR-1153 rated, Flak Jacket fire protection available"
TJI-1235,WY-TJI360-20-36FT,engineered_wood,i_joist,tji360,i_joist,"Weyerhaeuser TJI360 20""x36'",,,StructuralNoSub,,,,2.3125,,20,432,,,2-5/16x20,LF,EA,36,,,,,,,,,,,,,,,Weyerhaeuser,Trus Joist,TJI360,,,,,,,,,,,,,,,,floor_joist|roof_joist|long_span|dimensional_stability,R502.1,N,span|load|bearing_type|end_conditions,,,,,,,ORDER,3,,"ESR-1153 rated, Flak Jacket fire protection available"
TJI-1236,WY-TJI360-20-40FT,engineered_wood,i_joist,tji360,i_joist,"Weyerhaeuser TJI360 20""x40'",,,StructuralNoSub,,,,2.3125,,20,480,,,2-5/16x20,LF,EA,40,,,,,,,,,,,,,,,Weyerhaeuser,Trus Joist,TJI360,,,,,,,,,,,,,,,,floor_joist|roof_joist|long_span|dimensional_stability,R502.1,N,span|load|bearing_type|end_conditions,,,,,,,ORDER,3,,"ESR-1153 rated, Flak Jacket fire protection available"
TJI-1237,WY-TJI360-20-44FT,engineered_wood,i_joist,tji360,i_joist,"Weyerhaeuser TJI360 20""x44'",,,StructuralNoSub,,,,2.3125,,20,528,,,2-5/16x20,LF,EA,44,,,,,,,,,,,,,,,Weyerhaeuser,Trus Joist,TJI360,,,,,,,,,,,,,,,,floor_joist|roof_joist|long_span|dimensional_stability,R502.1,N,span|load|bearing_type|end_conditions,,,,,,,ORDER,3,,"ESR-1153 rated, Flak Jacket fire protection available"
TJI-1238,WY-TJI360-20-48FT,engineered_wood,i_joist,tji360,i_joist,"Weyerhaeuser TJI360 20""x48'",,,StructuralNoSub,,,,2.3125,,20,576,,,2-5/16x20,LF,EA,48,,,,,,,,,,,,,,,Weyerhaeuser,Trus Joist,TJI360,,,,,,,,,,,,,,,,floor_joist|roof_joist|long_span|dimensional_stability,R502.1,N,span|load|bearing_type|end_conditions,,,,,,,ORDER,3,,"ESR-1153 rated, Flak Jacket fire protection available"
TJI-1239,WY-TJI560-1178-20FT,engineered_wood,i_joist,tji560,i_joist,"Weyerhaeuser TJI560 11-7/8""x20'",,,StructuralNoSub,,,,3.5,,11.875,240,,,3-1/2x11-7/8,LF,EA,20,,,,,,,,,,,,,,,Weyerhaeuser,Trus Joist,TJI560,,,,,,,,,,,,,,,,floor_joist|roof_joist|long_span|dimensional_stability,R502.1,N,span|load|bearing_type|end_conditions,,,,,,,ORDER,3,,"ESR-1153 rated, Flak Jacket fire protection available"
TJI-1240,WY-TJI560-1178-24FT,engineered_wood,i_joist,tji560,i_joist,"Weyerhaeuser TJI560 11-7/8""x24'",,,StructuralNoSub,,,,3.5,,11.875,288,,,3-1/2x11-7/8,LF,EA,24,,,,,,,,,,,,,,,Weyerhaeuser,Trus Joist,TJI560,,,,,,,,,,,,,,,,floor_joist|roof_joist|long_span|dimensional_stability,R502.1,N,span|load|bearing_type|end_conditions,,,,,,,ORDER,3,,"ESR-1153 rated, Flak Jacket fire protection available"
TJI-1241,WY-TJI560-1178-28FT,engineered_wood,i_joist,tji560,i_joist,"Weyerhaeuser TJI560 11-7/8""x28'",,,StructuralNoSub,,,,3.5,,11.875,336,,,3-1/2x11-7/8,LF,EA,28,,,,,,,,,,,,,,,Weyerhaeuser,Trus Joist,TJI560,,,,,,,,,,,,,,,,floor_joist|roof_joist|long_span|dimensional_stability,R502.1,N,span|load|bearing_type|end_conditions,,,,,,,ORDER,3,,"ESR-1153 rated, Flak Jacket fire protection available"
TJI-1242,WY-TJI560-1178-32FT,engineered_wood,i_joist,tji560,i_joist,"Weyerhaeuser TJI560 11-7/8""x32'",,,StructuralNoSub,,,,3.5,,11.875,384,,,3-1/2x11-7/8,LF,EA,32,,,,,,,,,,,,,,,Weyerhaeuser,Trus Joist,TJI560,,,,,,,,,,,,,,,,floor_joist|roof_joist|long_span|dimensional_stability,R502.1,N,span|load|bearing_type|end_conditions,,,,,,,ORDER,3,,"ESR-1153 rated, Flak Jacket fire protection available"
TJI-1243,WY-TJI560-14-20FT,engineered_wood,i_joist,tji560,i_joist,"Weyerhaeuser TJI560 14""x20'",,,StructuralNoSub,,,,3.5,,14,240,,,3-1/2x14,LF,EA,20,,,,,,,,,,,,,,,Weyerhaeuser,Trus Joist,TJI560,,,,,,,,,,,,,,,,floor_joist|roof_joist|long_span|dimensional_stability,R502.1,N,span|load|bearing_type|end_conditions,,,,,,,ORDER,3,,"ESR-1153 rated, Flak Jacket fire protection available"
TJI-1244,WY-TJI560-14-24FT,engineered_wood,i_joist,tji560,i_joist,"Weyerhaeuser TJI560 14""x24'",,,StructuralNoSub,,,,3.5,,14,288,,,3-1/2x14,LF,EA,24,,,,,,,,,,,,,,,Weyerhaeuser,Trus Joist,TJI560,,,,,,,,,,,,,,,,floor_joist|roof_joist|long_span|dimensional_stability,R502.1,N,span|load|bearing_type|end_conditions,,,,,,,ORDER,3,,"ESR-1153 rated, Flak Jacket fire protection available"
TJI-1245,WY-TJI560-14-28FT,engineered_wood,i_joist,tji560,i_joist,"Weyerhaeuser TJI560 14""x28'",,,StructuralNoSub,,,,3.5,,14,336,,,3-1/2x14,LF,EA,28,,,,,,,,,,,,,,,Weyerhaeuser,Trus Joist,TJI560,,,,,,,,,,,,,,,,floor_joist|roof_joist|long_span|dimensional_stability,R502.1,N,span|load|bearing_type|end_conditions,,,,,,,ORDER,3,,"ESR-1153 rated, Flak Jacket fire protection available"
TJI-1246,WY-TJI560-14-32FT,engineered_wood,i_joist,tji560,i_joist,"Weyerhaeuser TJI560 14""x32'",,,StructuralNoSub,,,,3.5,,14,384,,,3-1/2x14,LF,EA,32,,,,,,,,,,,,,,,Weyerhaeuser,Trus Joist,TJI560,,,,,,,,,,,,,,,,floor_joist|roof_joist|long_span|dimensional_stability,R502.1,N,span|load|bearing_type|end_conditions,,,,,,,ORDER,3,,"ESR-1153 rated, Flak Jacket fire protection available"
TJI-1247,WY-TJI560-14-36FT,engineered_wood,i_joist,tji560,i_joist,"Weyerhaeuser TJI560 14""x36'",,,StructuralNoSub,,,,3.5,,14,432,,,3-1/2x14,LF,EA,36,,,,,,,,,,,,,,,Weyerhaeuser,Trus Joist,TJI560,,,,,,,,,,,,,,,,floor_joist|roof_joist|long_span|dimensional_stability,R502.1,N,span|load|bearing_type|end_conditions,,,,,,,ORDER,3,,"ESR-1153 rated, Flak Jacket fire protection available"
TJI-1248,WY-TJI560-14-40FT,engineered_wood,i_joist,tji560,i_joist,"Weyerhaeuser TJI560 14""x40'",,,StructuralNoSub,,,,3.5,,14,480,,,3-1/2x14,LF,EA,40,,,,,,,,,,,,,,,Weyerhaeuser,Trus Joist,TJI560,,,,,,,,,,,,,,,,floor_joist|roof_joist|long_span|dimensional_stability,R502.1,N,span|load|bearing_type|end_conditions,,,,,,,ORDER,3,,"ESR-1153 rated, Flak Jacket fire protection available"
TJI-1249,WY-TJI560-14-44FT,engineered_wood,i_joist,tji560,i_joist,"Weyerhaeuser TJI560 14""x44'",,,StructuralNoSub,,,,3.5,,14,528,,,3-1/2x14,LF,EA,44,,,,,,,,,,,,,,,Weyerhaeuser,Trus Joist,TJI560,,,,,,,,,,,,,,,,floor_joist|roof_joist|long_span|dimensional_stability,R502.1,N,span|load|bearing_type|end_conditions,,,,,,,ORDER,3,,"ESR-1153 rated, Flak Jacket fire protection available"
TJI-1250,WY-TJI560-14-48FT,engineered_wood,i_joist,tji560,i_joist,"Weyerhaeuser TJI560 14""x48'",,,StructuralNoSub,,,,3.5,,14,576,,,3-1/2x14,LF,EA,48,,,,,,,,,,,,,,,Weyerhaeuser,Trus Joist,TJI560,,,,,,,,,,,,,,,,floor_joist|roof_joist|long_span|dimensional_stability,R502.1,N,span|load|bearing_type|end_conditions,,,,,,,ORDER,3,,"ESR-1153 rated, Flak Jacket fire protection available"
TJI-1251,WY-TJI560-16-20FT,engineered_wood,i_joist,tji560,i_joist,"Weyerhaeuser TJI560 16""x20'",,,StructuralNoSub,,,,3.5,,16,240,,,3-1/2x16,LF,EA,20,,,,,,,,,,,,,,,Weyerhaeuser,Trus Joist,TJI560,,,,,,,,,,,,,,,,floor_joist|roof_joist|long_span|dimensional_stability,R502.1,N,span|load|bearing_type|end_conditions,,,,,,,ORDER,3,,"ESR-1153 rated, Flak Jacket fire protection available"
TJI-1252,WY-TJI560-16-24FT,engineered_wood,i_joist,tji560,i_joist,"Weyerhaeuser TJI560 16""x24'",,,StructuralNoSub,,,,3.5,,16,288,,,3-1/2x16,LF,EA,24,,,,,,,,,,,,,,,Weyerhaeuser,Trus Joist,TJI560,,,,,,,,,,,,,,,,floor_joist|roof_joist|long_span|dimensional_stability,R502.1,N,span|load|bearing_type|end_conditions,,,,,,,ORDER,3,,"ESR-1153 rated, Flak Jacket fire protection available"
TJI-1253,WY-TJI560-16-28FT,engineered_wood,i_joist,tji560,i_joist,"Weyerhaeuser TJI560 16""x28'",,,StructuralNoSub,,,,3.5,,16,336,,,3-1/2x16,LF,EA,28,,,,,,,,,,,,,,,Weyerhaeuser,Trus Joist,TJI560,,,,,,,,,,,,,,,,floor_joist|roof_joist|long_span|dimensional_stability,R502.1,N,span|load|bearing_type|end_conditions,,,,,,,ORDER,3,,"ESR-1153 rated, Flak Jacket fire protection available"
TJI-1254,WY-TJI560-16-32FT,engineered_wood,i_joist,tji560,i_joist,"Weyerhaeuser TJI560 16""x32'",,,StructuralNoSub,,,,3.5,,16,384,,,3-1/2x16,LF,EA,32,,,,,,,,,,,,,,,Weyerhaeuser,Trus Joist,TJI560,,,,,,,,,,,,,,,,floor_joist|roof_joist|long_span|dimensional_stability,R502.1,N,span|load|bearing_type|end_conditions,,,,,,,ORDER,3,,"ESR-1153 rated, Flak Jacket fire protection available"
TJI-1255,WY-TJI560-16-36FT,engineered_wood,i_joist,tji560,i_joist,"Weyerhaeuser TJI560 16""x36'",,,StructuralNoSub,,,,3.5,,16,432,,,3-1/2x16,LF,EA,36,,,,,,,,,,,,,,,Weyerhaeuser,Trus Joist,TJI560,,,,,,,,,,,,,,,,floor_joist|roof_joist|long_span|dimensional_stability,R502.1,N,span|load|bearing_type|end_conditions,,,,,,,ORDER,3,,"ESR-1153 rated, Flak Jacket fire protection available"
TJI-1256,WY-TJI560-16-40FT,engineered_wood,i_joist,tji560,i_joist,"Weyerhaeuser TJI560 16""x40'",,,StructuralNoSub,,,,3.5,,16,480,,,3-1/2x16,LF,EA,40,,,,,,,,,,,,,,,Weyerhaeuser,Trus Joist,TJI560,,,,,,,,,,,,,,,,floor_joist|roof_joist|long_span|dimensional_stability,R502.1,N,span|load|bearing_type|end_conditions,,,,,,,ORDER,3,,"ESR-1153 rated, Flak Jacket fire protection available"
TJI-1257,WY-TJI560-16-44FT,engineered_wood,i_joist,tji560,i_joist,"Weyerhaeuser TJI560 16""x44'",,,StructuralNoSub,,,,3.5,,16,528,,,3-1/2x16,LF,EA,44,,,,,,,,,,,,,,,Weyerhaeuser,Trus Joist,TJI560,,,,,,,,,,,,,,,,floor_joist|roof_joist|long_span|dimensional_stability,R502.1,N,span|load|bearing_type|end_conditions,,,,,,,ORDER,3,,"ESR-1153 rated, Flak Jacket fire protection available"
TJI-1258,WY-TJI560-16-48FT,engineered_wood,i_joist,tji560,i_joist,"Weyerhaeuser TJI560 16""x48'",,,StructuralNoSub,,,,3.5,,16,576,,,3-1/2x16,LF,EA,48,,,,,,,,,,,,,,,Weyerhaeuser,Trus Joist,TJI560,,,,,,,,,,,,,,,,floor_joist|roof_joist|long_span|dimensional_stability,R502.1,N,span|load|bearing_type|end_conditions,,,,,,,ORDER,3,,"ESR-1153 rated, Flak Jacket fire protection available"
TJI-1259,WY-TJI560-18-20FT,engineered_wood,i_joist,tji560,i_joist,"Weyerhaeuser TJI560 18""x20'",,,StructuralNoSub,,,,3.5,,18,240,,,3-1/2x18,LF,EA,20,,,,,,,,,,,,,,,Weyerhaeuser,Trus Joist,TJI560,,,,,,,,,,,,,,,,floor_joist|roof_joist|long_span|dimensional_stability,R502.1,N,span|load|bearing_type|end_conditions,,,,,,,ORDER,3,,"ESR-1153 rated, Flak Jacket fire protection available"
TJI-1260,WY-TJI560-18-24FT,engineered_wood,i_joist,tji560,i_joist,"Weyerhaeuser TJI560 18""x24'",,,StructuralNoSub,,,,3.5,,18,288,,,3-1/2x18,LF,EA,24,,,,,,,,,,,,,,,Weyerhaeuser,Trus Joist,TJI560,,,,,,,,,,,,,,,,floor_joist|roof_joist|long_span|dimensional_stability,R502.1,N,span|load|bearing_type|end_conditions,,,,,,,ORDER,3,,"ESR-1153 rated, Flak Jacket fire protection available"
TJI-1261,WY-TJI560-18-28FT,engineered_wood,i_joist,tji560,i_joist,"Weyerhaeuser TJI560 18""x28'",,,StructuralNoSub,,,,3.5,,18,336,,,3-1/2x18,LF,EA,28,,,,,,,,,,,,,,,Weyerhaeuser,Trus Joist,TJI560,,,,,,,,,,,,,,,,floor_joist|roof_joist|long_span|dimensional_stability,R502.1,N,span|load|bearing_type|end_conditions,,,,,,,ORDER,3,,"ESR-1153 rated, Flak Jacket fire protection available"
TJI-1262,WY-TJI560-18-32FT,engineered_wood,i_joist,tji560,i_joist,"Weyerhaeuser TJI560 18""x32'",,,StructuralNoSub,,,,3.5,,18,384,,,3-1/2x18,LF,EA,32,,,,,,,,,,,,,,,Weyerhaeuser,Trus Joist,TJI560,,,,,,,,,,,,,,,,floor_joist|roof_joist|long_span|dimensional_stability,R502.1,N,span|load|bearing_type|end_conditions,,,,,,,ORDER,3,,"ESR-1153 rated, Flak Jacket fire protection available"
TJI-1263,WY-TJI560-18-36FT,engineered_wood,i_joist,tji560,i_joist,"Weyerhaeuser TJI560 18""x36'",,,StructuralNoSub,,,,3.5,,18,432,,,3-1/2x18,LF,EA,36,,,,,,,,,,,,,,,Weyerhaeuser,Trus Joist,TJI560,,,,,,,,,,,,,,,,floor_joist|roof_joist|long_span|dimensional_stability,R502.1,N,span|load|bearing_type|end_conditions,,,,,,,ORDER,3,,"ESR-1153 rated, Flak Jacket fire protection available"
TJI-1264,WY-TJI560-18-40FT,engineered_wood,i_joist,tji560,i_joist,"Weyerhaeuser TJI560 18""x40'",,,StructuralNoSub,,,,3.5,,18,480,,,3-1/2x18,LF,EA,40,,,,,,,,,,,,,,,Weyerhaeuser,Trus Joist,TJI560,,,,,,,,,,,,,,,,floor_joist|roof_joist|long_span|dimensional_stability,R502.1,N,span|load|bearing_type|end_conditions,,,,,,,ORDER,3,,"ESR-1153 rated, Flak Jacket fire protection available"
TJI-1265,WY-TJI560-18-44FT,engineered_wood,i_joist,tji560,i_joist,"Weyerhaeuser TJI560 18""x44'",,,StructuralNoSub,,,,3.5,,18,528,,,3-1/2x18,LF,EA,44,,,,,,,,,,,,,,,Weyerhaeuser,Trus Joist,TJI560,,,,,,,,,,,,,,,,floor_joist|roof_joist|long_span|dimensional_stability,R502.1,N,span|load|bearing_type|end_conditions,,,,,,,ORDER,3,,"ESR-1153 rated, Flak Jacket fire protection available"
TJI-1266,WY-TJI560-18-48FT,engineered_wood,i_joist,tji560,i_joist,"Weyerhaeuser TJI560 18""x48'",,,StructuralNoSub,,,,3.5,,18,576,,,3-1/2x18,LF,EA,48,,,,,,,,,,,,,,,Weyerhaeuser,Trus Joist,TJI560,,,,,,,,,,,,,,,,floor_joist|roof_joist|long_span|dimensional_stability,R502.1,N,span|load|bearing_type|end_conditions,,,,,,,ORDER,3,,"ESR-1153 rated, Flak Jacket fire protection available"
TJI-1267,WY-TJI560-20-20FT,engineered_wood,i_joist,tji560,i_joist,"Weyerhaeuser TJI560 20""x20'",,,StructuralNoSub,,,,3.5,,20,240,,,3-1/2x20,LF,EA,20,,,,,,,,,,,,,,,Weyerhaeuser,Trus Joist,TJI560,,,,,,,,,,,,,,,,floor_joist|roof_joist|long_span|dimensional_stability,R502.1,N,span|load|bearing_type|end_conditions,,,,,,,ORDER,3,,"ESR-1153 rated, Flak Jacket fire protection available"
TJI-1268,WY-TJI560-20-24FT,engineered_wood,i_joist,tji560,i_joist,"Weyerhaeuser TJI560 20""x24'",,,StructuralNoSub,,,,3.5,,20,288,,,3-1/2x20,LF,EA,24,,,,,,,,,,,,,,,Weyerhaeuser,Trus Joist,TJI560,,,,,,,,,,,,,,,,floor_joist|roof_joist|long_span|dimensional_stability,R502.1,N,span|load|bearing_type|end_conditions,,,,,,,ORDER,3,,"ESR-1153 rated, Flak Jacket fire protection available"
TJI-1269,WY-TJI560-20-28FT,engineered_wood,i_joist,tji560,i_joist,"Weyerhaeuser TJI560 20""x28'",,,StructuralNoSub,,,,3.5,,20,336,,,3-1/2x20,LF,EA,28,,,,,,,,,,,,,,,Weyerhaeuser,Trus Joist,TJI560,,,,,,,,,,,,,,,,floor_joist|roof_joist|long_span|dimensional_stability,R502.1,N,span|load|bearing_type|end_conditions,,,,,,,ORDER,3,,"ESR-1153 rated, Flak Jacket fire protection available"
TJI-1270,WY-TJI560-20-32FT,engineered_wood,i_joist,tji560,i_joist,"Weyerhaeuser TJI560 20""x32'",,,StructuralNoSub,,,,3.5,,20,384,,,3-1/2x20,LF,EA,32,,,,,,,,,,,,,,,Weyerhaeuser,Trus Joist,TJI560,,,,,,,,,,,,,,,,floor_joist|roof_joist|long_span|dimensional_stability,R502.1,N,span|load|bearing_type|end_conditions,,,,,,,ORDER,3,,"ESR-1153 rated, Flak Jacket fire protection available"
TJI-1271,WY-TJI560-20-36FT,engineered_wood,i_joist,tji560,i_joist,"Weyerhaeuser TJI560 20""x36'",,,StructuralNoSub,,,,3.5,,20,432,,,3-1/2x20,LF,EA,36,,,,,,,,,,,,,,,Weyerhaeuser,Trus Joist,TJI560,,,,,,,,,,,,,,,,floor_joist|roof_joist|long_span|dimensional_stability,R502.1,N,span|load|bearing_type|end_conditions,,,,,,,ORDER,3,,"ESR-1153 rated, Flak Jacket fire protection available"
TJI-1272,WY-TJI560-20-40FT,engineered_wood,i_joist,tji560,i_joist,"Weyerhaeuser TJI560 20""x40'",,,StructuralNoSub,,,,3.5,,20,480,,,3-1/2x20,LF,EA,40,,,,,,,,,,,,,,,Weyerhaeuser,Trus Joist,TJI560,,,,,,,,,,,,,,,,floor_joist|roof_joist|long_span|dimensional_stability,R502.1,N,span|load|bearing_type|end_conditions,,,,,,,ORDER,3,,"ESR-1153 rated, Flak Jacket fire protection available"
TJI-1273,WY-TJI560-20-44FT,engineered_wood,i_joist,tji560,i_joist,"Weyerhaeuser TJI560 20""x44'",,,StructuralNoSub,,,,3.5,,20,528,,,3-1/2x20,LF,EA,44,,,,,,,,,,,,,,,Weyerhaeuser,Trus Joist,TJI560,,,,,,,,,,,,,,,,floor_joist|roof_joist|long_span|dimensional_stability,R502.1,N,span|load|bearing_type|end_conditions,,,,,,,ORDER,3,,"ESR-1153 rated, Flak Jacket fire protection available"
TJI-1274,WY-TJI560-20-48FT,engineered_wood,i_joist,tji560,i_joist,"Weyerhaeuser TJI560 20""x48'",,,StructuralNoSub,,,,3.5,,20,576,,,3-1/2x20,LF,EA,48,,,,,,,,,,,,,,,Weyerhaeuser,Trus Joist,TJI560,,,,,,,,,,,,,,,,floor_joist|roof_joist|long_span|dimensional_stability,R502.1,N,span|load|bearing_type|end_conditions,,,,,,,ORDER,3,,"ESR-1153 rated, Flak Jacket fire protection available"
LVL-1275,WY-LVL-134-714-20FT,engineered_wood,lvl,microllam,lvl_beam,Microllam LVL 1-3/4x7-1/4x20',,,StructuralNoSub,,,,1.75,,7.25,240,,,1-3/4x7-1/4,LF,EA,20,,,,,,,,,,,,,,,Weyerhaeuser,Microllam,,,,,,,,,,,,,,,,,beam|header|rim_board|structural,R502|R602,N,span|load|bearing_type|end_conditions,,,,,,,ORDER,3,,ESR-1387 rated
LVL-1276,WY-LVL-134-714-24FT,engineered_wood,lvl,microllam,lvl_beam,Microllam LVL 1-3/4x7-1/4x24',,,StructuralNoSub,,,,1.75,,7.25,288,,,1-3/4x7-1/4,LF,EA,24,,,,,,,,,,,,,,,Weyerhaeuser,Microllam,,,,,,,,,,,,,,,,,beam|header|rim_board|structural,R502|R602,N,span|load|bearing_type|end_conditions,,,,,,,ORDER,3,,ESR-1387 rated
LVL-1277,WY-LVL-134-714-28FT,engineered_wood,lvl,microllam,lvl_beam,Microllam LVL 1-3/4x7-1/4x28',,,StructuralNoSub,,,,1.75,,7.25,336,,,1-3/4x7-1/4,LF,EA,28,,,,,,,,,,,,,,,Weyerhaeuser,Microllam,,,,,,,,,,,,,,,,,beam|header|rim_board|structural,R502|R602,N,span|load|bearing_type|end_conditions,,,,,,,ORDER,3,,ESR-1387 rated
LVL-1278,WY-LVL-134-714-32FT,engineered_wood,lvl,microllam,lvl_beam,Microllam LVL 1-3/4x7-1/4x32',,,StructuralNoSub,,,,1.75,,7.25,384,,,1-3/4x7-1/4,LF,EA,32,,,,,,,,,,,,,,,Weyerhaeuser,Microllam,,,,,,,,,,,,,,,,,beam|header|rim_board|structural,R502|R602,N,span|load|bearing_type|end_conditions,,,,,,,ORDER,3,,ESR-1387 rated
LVL-1279,WY-LVL-134-714-36FT,engineered_wood,lvl,microllam,lvl_beam,Microllam LVL 1-3/4x7-1/4x36',,,StructuralNoSub,,,,1.75,,7.25,432,,,1-3/4x7-1/4,LF,EA,36,,,,,,,,,,,,,,,Weyerhaeuser,Microllam,,,,,,,,,,,,,,,,,beam|header|rim_board|structural,R502|R602,N,span|load|bearing_type|end_conditions,,,,,,,ORDER,3,,ESR-1387 rated
LVL-1280,WY-LVL-134-714-40FT,engineered_wood,lvl,microllam,lvl_beam,Microllam LVL 1-3/4x7-1/4x40',,,StructuralNoSub,,,,1.75,,7.25,480,,,1-3/4x7-1/4,LF,EA,40,,,,,,,,,,,,,,,Weyerhaeuser,Microllam,,,,,,,,,,,,,,,,,beam|header|rim_board|structural,R502|R602,N,span|load|bearing_type|end_conditions,,,,,,,ORDER,3,,ESR-1387 rated
LVL-1281,WY-LVL-134-914-20FT,engineered_wood,lvl,microllam,lvl_beam,Microllam LVL 1-3/4x9-1/4x20',,,StructuralNoSub,,,,1.75,,9.25,240,,,1-3/4x9-1/4,LF,EA,20,,,,,,,,,,,,,,,Weyerhaeuser,Microllam,,,,,,,,,,,,,,,,,beam|header|rim_board|structural,R502|R602,N,span|load|bearing_type|end_conditions,,,,,,,ORDER,3,,ESR-1387 rated
LVL-1282,WY-LVL-134-914-24FT,engineered_wood,lvl,microllam,lvl_beam,Microllam LVL 1-3/4x9-1/4x24',,,StructuralNoSub,,,,1.75,,9.25,288,,,1-3/4x9-1/4,LF,EA,24,,,,,,,,,,,,,,,Weyerhaeuser,Microllam,,,,,,,,,,,,,,,,,beam|header|rim_board|structural,R502|R602,N,span|load|bearing_type|end_conditions,,,,,,,ORDER,3,,ESR-1387 rated
LVL-1283,WY-LVL-134-914-28FT,engineered_wood,lvl,microllam,lvl_beam,Microllam LVL 1-3/4x9-1/4x28',,,StructuralNoSub,,,,1.75,,9.25,336,,,1-3/4x9-1/4,LF,EA,28,,,,,,,,,,,,,,,Weyerhaeuser,Microllam,,,,,,,,,,,,,,,,,beam|header|rim_board|structural,R502|R602,N,span|load|bearing_type|end_conditions,,,,,,,ORDER,3,,ESR-1387 rated
LVL-1284,WY-LVL-134-914-32FT,engineered_wood,lvl,microllam,lvl_beam,Microllam LVL 1-3/4x9-1/4x32',,,StructuralNoSub,,,,1.75,,9.25,384,,,1-3/4x9-1/4,LF,EA,32,,,,,,,,,,,,,,,Weyerhaeuser,Microllam,,,,,,,,,,,,,,,,,beam|header|rim_board|structural,R502|R602,N,span|load|bearing_type|end_conditions,,,,,,,ORDER,3,,ESR-1387 rated
LVL-1285,WY-LVL-134-914-36FT,engineered_wood,lvl,microllam,lvl_beam,Microllam LVL 1-3/4x9-1/4x36',,,StructuralNoSub,,,,1.75,,9.25,432,,,1-3/4x9-1/4,LF,EA,36,,,,,,,,,,,,,,,Weyerhaeuser,Microllam,,,,,,,,,,,,,,,,,beam|header|rim_board|structural,R502|R602,N,span|load|bearing_type|end_conditions,,,,,,,ORDER,3,,ESR-1387 rated
LVL-1286,WY-LVL-134-914-40FT,engineered_wood,lvl,microllam,lvl_beam,Microllam LVL 1-3/4x9-1/4x40',,,StructuralNoSub,,,,1.75,,9.25,480,,,1-3/4x9-1/4,LF,EA,40,,,,,,,,,,,,,,,Weyerhaeuser,Microllam,,,,,,,,,,,,,,,,,beam|header|rim_board|structural,R502|R602,N,span|load|bearing_type|end_conditions,,,,,,,ORDER,3,,ESR-1387 rated
LVL-1287,WY-LVL-134-912-20FT,engineered_wood,lvl,microllam,lvl_beam,Microllam LVL 1-3/4x9-1/2x20',,,StructuralNoSub,,,,1.75,,9.5,240,,,1-3/4x9-1/2,LF,EA,20,,,,,,,,,,,,,,,Weyerhaeuser,Microllam,,,,,,,,,,,,,,,,,beam|header|rim_board|structural,R502|R602,N,span|load|bearing_type|end_conditions,,,,,,,ORDER,3,,ESR-1387 rated
LVL-1288,WY-LVL-134-912-24FT,engineered_wood,lvl,microllam,lvl_beam,Microllam LVL 1-3/4x9-1/2x24',,,StructuralNoSub,,,,1.75,,9.5,288,,,1-3/4x9-1/2,LF,EA,24,,,,,,,,,,,,,,,Weyerhaeuser,Microllam,,,,,,,,,,,,,,,,,beam|header|rim_board|structural,R502|R602,N,span|load|bearing_type|end_conditions,,,,,,,ORDER,3,,ESR-1387 rated
LVL-1289,WY-LVL-134-912-28FT,engineered_wood,lvl,microllam,lvl_beam,Microllam LVL 1-3/4x9-1/2x28',,,StructuralNoSub,,,,1.75,,9.5,336,,,1-3/4x9-1/2,LF,EA,28,,,,,,,,,,,,,,,Weyerhaeuser,Microllam,,,,,,,,,,,,,,,,,beam|header|rim_board|structural,R502|R602,N,span|load|bearing_type|end_conditions,,,,,,,ORDER,3,,ESR-1387 rated
LVL-1290,WY-LVL-134-912-32FT,engineered_wood,lvl,microllam,lvl_beam,Microllam LVL 1-3/4x9-1/2x32',,,StructuralNoSub,,,,1.75,,9.5,384,,,1-3/4x9-1/2,LF,EA,32,,,,,,,,,,,,,,,Weyerhaeuser,Microllam,,,,,,,,,,,,,,,,,beam|header|rim_board|structural,R502|R602,N,span|load|bearing_type|end_conditions,,,,,,,ORDER,3,,ESR-1387 rated
LVL-1291,WY-LVL-134-912-36FT,engineered_wood,lvl,microllam,lvl_beam,Microllam LVL 1-3/4x9-1/2x36',,,StructuralNoSub,,,,1.75,,9.5,432,,,1-3/4x9-1/2,LF,EA,36,,,,,,,,,,,,,,,Weyerhaeuser,Microllam,,,,,,,,,,,,,,,,,beam|header|rim_board|structural,R502|R602,N,span|load|bearing_type|end_conditions,,,,,,,ORDER,3,,ESR-1387 rated
LVL-1292,WY-LVL-134-912-40FT,engineered_wood,lvl,microllam,lvl_beam,Microllam LVL 1-3/4x9-1/2x40',,,StructuralNoSub,,,,1.75,,9.5,480,,,1-3/4x9-1/2,LF,EA,40,,,,,,,,,,,,,,,Weyerhaeuser,Microllam,,,,,,,,,,,,,,,,,beam|header|rim_board|structural,R502|R602,N,span|load|bearing_type|end_conditions,,,,,,,ORDER,3,,ESR-1387 rated
LVL-1293,WY-LVL-134-1114-20FT,engineered_wood,lvl,microllam,lvl_beam,Microllam LVL 1-3/4x11-1/4x20',,,StructuralNoSub,,,,1.75,,11.25,240,,,1-3/4x11-1/4,LF,EA,20,,,,,,,,,,,,,,,Weyerhaeuser,Microllam,,,,,,,,,,,,,,,,,beam|header|rim_board|structural,R502|R602,N,span|load|bearing_type|end_conditions,,,,,,,ORDER,3,,ESR-1387 rated
LVL-1294,WY-LVL-134-1114-24FT,engineered_wood,lvl,microllam,lvl_beam,Microllam LVL 1-3/4x11-1/4x24',,,StructuralNoSub,,,,1.75,,11.25,288,,,1-3/4x11-1/4,LF,EA,24,,,,,,,,,,,,,,,Weyerhaeuser,Microllam,,,,,,,,,,,,,,,,,beam|header|rim_board|structural,R502|R602,N,span|load|bearing_type|end_conditions,,,,,,,ORDER,3,,ESR-1387 rated
LVL-1295,WY-LVL-134-1114-28FT,engineered_wood,lvl,microllam,lvl_beam,Microllam LVL 1-3/4x11-1/4x28',,,StructuralNoSub,,,,1.75,,11.25,336,,,1-3/4x11-1/4,LF,EA,28,,,,,,,,,,,,,,,Weyerhaeuser,Microllam,,,,,,,,,,,,,,,,,beam|header|rim_board|structural,R502|R602,N,span|load|bearing_type|end_conditions,,,,,,,ORDER,3,,ESR-1387 rated
LVL-1296,WY-LVL-134-1114-32FT,engineered_wood,lvl,microllam,lvl_beam,Microllam LVL 1-3/4x11-1/4x32',,,StructuralNoSub,,,,1.75,,11.25,384,,,1-3/4x11-1/4,LF,EA,32,,,,,,,,,,,,,,,Weyerhaeuser,Microllam,,,,,,,,,,,,,,,,,beam|header|rim_board|structural,R502|R602,N,span|load|bearing_type|end_conditions,,,,,,,ORDER,3,,ESR-1387 rated
LVL-1297,WY-LVL-134-1114-36FT,engineered_wood,lvl,microllam,lvl_beam,Microllam LVL 1-3/4x11-1/4x36',,,StructuralNoSub,,,,1.75,,11.25,432,,,1-3/4x11-1/4,LF,EA,36,,,,,,,,,,,,,,,Weyerhaeuser,Microllam,,,,,,,,,,,,,,,,,beam|header|rim_board|structural,R502|R602,N,span|load|bearing_type|end_conditions,,,,,,,ORDER,3,,ESR-1387 rated
LVL-1298,WY-LVL-134-1114-40FT,engineered_wood,lvl,microllam,lvl_beam,Microllam LVL 1-3/4x11-1/4x40',,,StructuralNoSub,,,,1.75,,11.25,480,,,1-3/4x11-1/4,LF,EA,40,,,,,,,,,,,,,,,Weyerhaeuser,Microllam,,,,,,,,,,,,,,,,,beam|header|rim_board|structural,R502|R602,N,span|load|bearing_type|end_conditions,,,,,,,ORDER,3,,ESR-1387 rated
LVL-1299,WY-LVL-134-1178-20FT,engineered_wood,lvl,microllam,lvl_beam,Microllam LVL 1-3/4x11-7/8x20',,,StructuralNoSub,,,,1.75,,11.875,240,,,1-3/4x11-7/8,LF,EA,20,,,,,,,,,,,,,,,Weyerhaeuser,Microllam,,,,,,,,,,,,,,,,,beam|header|rim_board|structural,R502|R602,N,span|load|bearing_type|end_conditions,,,,,,,ORDER,3,,ESR-1387 rated
LVL-1300,WY-LVL-134-1178-24FT,engineered_wood,lvl,microllam,lvl_beam,Microllam LVL 1-3/4x11-7/8x24',,,StructuralNoSub,,,,1.75,,11.875,288,,,1-3/4x11-7/8,LF,EA,24,,,,,,,,,,,,,,,Weyerhaeuser,Microllam,,,,,,,,,,,,,,,,,beam|header|rim_board|structural,R502|R602,N,span|load|bearing_type|end_conditions,,,,,,,ORDER,3,,ESR-1387 rated
LVL-1301,WY-LVL-134-1178-28FT,engineered_wood,lvl,microllam,lvl_beam,Microllam LVL 1-3/4x11-7/8x28',,,StructuralNoSub,,,,1.75,,11.875,336,,,1-3/4x11-7/8,LF,EA,28,,,,,,,,,,,,,,,Weyerhaeuser,Microllam,,,,,,,,,,,,,,,,,beam|header|rim_board|structural,R502|R602,N,span|load|bearing_type|end_conditions,,,,,,,ORDER,3,,ESR-1387 rated
LVL-1302,WY-LVL-134-1178-32FT,engineered_wood,lvl,microllam,lvl_beam,Microllam LVL 1-3/4x11-7/8x32',,,StructuralNoSub,,,,1.75,,11.875,384,,,1-3/4x11-7/8,LF,EA,32,,,,,,,,,,,,,,,Weyerhaeuser,Microllam,,,,,,,,,,,,,,,,,beam|header|rim_board|structural,R502|R602,N,span|load|bearing_type|end_conditions,,,,,,,ORDER,3,,ESR-1387 rated
LVL-1303,WY-LVL-134-1178-36FT,engineered_wood,lvl,microllam,lvl_beam,Microllam LVL 1-3/4x11-7/8x36',,,StructuralNoSub,,,,1.75,,11.875,432,,,1-3/4x11-7/8,LF,EA,36,,,,,,,,,,,,,,,Weyerhaeuser,Microllam,,,,,,,,,,,,,,,,,beam|header|rim_board|structural,R502|R602,N,span|load|bearing_type|end_conditions,,,,,,,ORDER,3,,ESR-1387 rated
LVL-1304,WY-LVL-134-1178-40FT,engineered_wood,lvl,microllam,lvl_beam,Microllam LVL 1-3/4x11-7/8x40',,,StructuralNoSub,,,,1.75,,11.875,480,,,1-3/4x11-7/8,LF,EA,40,,,,,,,,,,,,,,,Weyerhaeuser,Microllam,,,,,,,,,,,,,,,,,beam|header|rim_board|structural,R502|R602,N,span|load|bearing_type|end_conditions,,,,,,,ORDER,3,,ESR-1387 rated
LVL-1305,WY-LVL-134-14-20FT,engineered_wood,lvl,microllam,lvl_beam,Microllam LVL 1-3/4x14x20',,,StructuralNoSub,,,,1.75,,14,240,,,1-3/4x14,LF,EA,20,,,,,,,,,,,,,,,Weyerhaeuser,Microllam,,,,,,,,,,,,,,,,,beam|header|rim_board|structural,R502|R602,N,span|load|bearing_type|end_conditions,,,,,,,ORDER,3,,ESR-1387 rated
LVL-1306,WY-LVL-134-14-24FT,engineered_wood,lvl,microllam,lvl_beam,Microllam LVL 1-3/4x14x24',,,StructuralNoSub,,,,1.75,,14,288,,,1-3/4x14,LF,EA,24,,,,,,,,,,,,,,,Weyerhaeuser,Microllam,,,,,,,,,,,,,,,,,beam|header|rim_board|structural,R502|R602,N,span|load|bearing_type|end_conditions,,,,,,,ORDER,3,,ESR-1387 rated
LVL-1307,WY-LVL-134-14-28FT,engineered_wood,lvl,microllam,lvl_beam,Microllam LVL 1-3/4x14x28',,,StructuralNoSub,,,,1.75,,14,336,,,1-3/4x14,LF,EA,28,,,,,,,,,,,,,,,Weyerhaeuser,Microllam,,,,,,,,,,,,,,,,,beam|header|rim_board|structural,R502|R602,N,span|load|bearing_type|end_conditions,,,,,,,ORDER,3,,ESR-1387 rated
LVL-1308,WY-LVL-134-14-32FT,engineered_wood,lvl,microllam,lvl_beam,Microllam LVL 1-3/4x14x32',,,StructuralNoSub,,,,1.75,,14,384,,,1-3/4x14,LF,EA,32,,,,,,,,,,,,,,,Weyerhaeuser,Microllam,,,,,,,,,,,,,,,,,beam|header|rim_board|structural,R502|R602,N,span|load|bearing_type|end_conditions,,,,,,,ORDER,3,,ESR-1387 rated
LVL-1309,WY-LVL-134-14-36FT,engineered_wood,lvl,microllam,lvl_beam,Microllam LVL 1-3/4x14x36',,,StructuralNoSub,,,,1.75,,14,432,,,1-3/4x14,LF,EA,36,,,,,,,,,,,,,,,Weyerhaeuser,Microllam,,,,,,,,,,,,,,,,,beam|header|rim_board|structural,R502|R602,N,span|load|bearing_type|end_conditions,,,,,,,ORDER,3,,ESR-1387 rated
LVL-1310,WY-LVL-134-14-40FT,engineered_wood,lvl,microllam,lvl_beam,Microllam LVL 1-3/4x14x40',,,StructuralNoSub,,,,1.75,,14,480,,,1-3/4x14,LF,EA,40,,,,,,,,,,,,,,,Weyerhaeuser,Microllam,,,,,,,,,,,,,,,,,beam|header|rim_board|structural,R502|R602,N,span|load|bearing_type|end_conditions,,,,,,,ORDER,3,,ESR-1387 rated
LVL-1311,WY-LVL-134-16-20FT,engineered_wood,lvl,microllam,lvl_beam,Microllam LVL 1-3/4x16x20',,,StructuralNoSub,,,,1.75,,16,240,,,1-3/4x16,LF,EA,20,,,,,,,,,,,,,,,Weyerhaeuser,Microllam,,,,,,,,,,,,,,,,,beam|header|rim_board|structural,R502|R602,N,span|load|bearing_type|end_conditions,,,,,,,ORDER,3,,ESR-1387 rated
LVL-1312,WY-LVL-134-16-24FT,engineered_wood,lvl,microllam,lvl_beam,Microllam LVL 1-3/4x16x24',,,StructuralNoSub,,,,1.75,,16,288,,,1-3/4x16,LF,EA,24,,,,,,,,,,,,,,,Weyerhaeuser,Microllam,,,,,,,,,,,,,,,,,beam|header|rim_board|structural,R502|R602,N,span|load|bearing_type|end_conditions,,,,,,,ORDER,3,,ESR-1387 rated
LVL-1313,WY-LVL-134-16-28FT,engineered_wood,lvl,microllam,lvl_beam,Microllam LVL 1-3/4x16x28',,,StructuralNoSub,,,,1.75,,16,336,,,1-3/4x16,LF,EA,28,,,,,,,,,,,,,,,Weyerhaeuser,Microllam,,,,,,,,,,,,,,,,,beam|header|rim_board|structural,R502|R602,N,span|load|bearing_type|end_conditions,,,,,,,ORDER,3,,ESR-1387 rated
LVL-1314,WY-LVL-134-16-32FT,engineered_wood,lvl,microllam,lvl_beam,Microllam LVL 1-3/4x16x32',,,StructuralNoSub,,,,1.75,,16,384,,,1-3/4x16,LF,EA,32,,,,,,,,,,,,,,,Weyerhaeuser,Microllam,,,,,,,,,,,,,,,,,beam|header|rim_board|structural,R502|R602,N,span|load|bearing_type|end_conditions,,,,,,,ORDER,3,,ESR-1387 rated
LVL-1315,WY-LVL-134-16-36FT,engineered_wood,lvl,microllam,lvl_beam,Microllam LVL 1-3/4x16x36',,,StructuralNoSub,,,,1.75,,16,432,,,1-3/4x16,LF,EA,36,,,,,,,,,,,,,,,Weyerhaeuser,Microllam,,,,,,,,,,,,,,,,,beam|header|rim_board|structural,R502|R602,N,span|load|bearing_type|end_conditions,,,,,,,ORDER,3,,ESR-1387 rated
LVL-1316,WY-LVL-134-16-40FT,engineered_wood,lvl,microllam,lvl_beam,Microllam LVL 1-3/4x16x40',,,StructuralNoSub,,,,1.75,,16,480,,,1-3/4x16,LF,EA,40,,,,,,,,,,,,,,,Weyerhaeuser,Microllam,,,,,,,,,,,,,,,,,beam|header|rim_board|structural,R502|R602,N,span|load|bearing_type|end_conditions,,,,,,,ORDER,3,,ESR-1387 rated
LVL-1317,WY-LVL-134-18-20FT,engineered_wood,lvl,microllam,lvl_beam,Microllam LVL 1-3/4x18x20',,,StructuralNoSub,,,,1.75,,18,240,,,1-3/4x18,LF,EA,20,,,,,,,,,,,,,,,Weyerhaeuser,Microllam,,,,,,,,,,,,,,,,,beam|header|rim_board|structural,R502|R602,N,span|load|bearing_type|end_conditions,,,,,,,ORDER,3,,ESR-1387 rated
LVL-1318,WY-LVL-134-18-24FT,engineered_wood,lvl,microllam,lvl_beam,Microllam LVL 1-3/4x18x24',,,StructuralNoSub,,,,1.75,,18,288,,,1-3/4x18,LF,EA,24,,,,,,,,,,,,,,,Weyerhaeuser,Microllam,,,,,,,,,,,,,,,,,beam|header|rim_board|structural,R502|R602,N,span|load|bearing_type|end_conditions,,,,,,,ORDER,3,,ESR-1387 rated
LVL-1319,WY-LVL-134-18-28FT,engineered_wood,lvl,microllam,lvl_beam,Microllam LVL 1-3/4x18x28',,,StructuralNoSub,,,,1.75,,18,336,,,1-3/4x18,LF,EA,28,,,,,,,,,,,,,,,Weyerhaeuser,Microllam,,,,,,,,,,,,,,,,,beam|header|rim_board|structural,R502|R602,N,span|load|bearing_type|end_conditions,,,,,,,ORDER,3,,ESR-1387 rated
LVL-1320,WY-LVL-134-18-32FT,engineered_wood,lvl,microllam,lvl_beam,Microllam LVL 1-3/4x18x32',,,StructuralNoSub,,,,1.75,,18,384,,,1-3/4x18,LF,EA,32,,,,,,,,,,,,,,,Weyerhaeuser,Microllam,,,,,,,,,,,,,,,,,beam|header|rim_board|structural,R502|R602,N,span|load|bearing_type|end_conditions,,,,,,,ORDER,3,,ESR-1387 rated
LVL-1321,WY-LVL-134-18-36FT,engineered_wood,lvl,microllam,lvl_beam,Microllam LVL 1-3/4x18x36',,,StructuralNoSub,,,,1.75,,18,432,,,1-3/4x18,LF,EA,36,,,,,,,,,,,,,,,Weyerhaeuser,Microllam,,,,,,,,,,,,,,,,,beam|header|rim_board|structural,R502|R602,N,span|load|bearing_type|end_conditions,,,,,,,ORDER,3,,ESR-1387 rated
LVL-1322,WY-LVL-134-18-40FT,engineered_wood,lvl,microllam,lvl_beam,Microllam LVL 1-3/4x18x40',,,StructuralNoSub,,,,1.75,,18,480,,,1-3/4x18,LF,EA,40,,,,,,,,,,,,,,,Weyerhaeuser,Microllam,,,,,,,,,,,,,,,,,beam|header|rim_board|structural,R502|R602,N,span|load|bearing_type|end_conditions,,,,,,,ORDER,3,,ESR-1387 rated
LVL-1323,WY-LVL-312-914-20FT,engineered_wood,lvl,microllam,lvl_beam,Microllam LVL 3-1/2x9-1/4x20',,,StructuralNoSub,,,,3.5,,9.25,240,,,3-1/2x9-1/4,LF,EA,20,,,,,,,,,,,,,,,Weyerhaeuser,Microllam,,,,,,,,,,,,,,,,,beam|header|rim_board|structural,R502|R602,N,span|load|bearing_type|end_conditions,,,,,,,ORDER,3,,ESR-1387 rated
LVL-1324,WY-LVL-312-914-24FT,engineered_wood,lvl,microllam,lvl_beam,Microllam LVL 3-1/2x9-1/4x24',,,StructuralNoSub,,,,3.5,,9.25,288,,,3-1/2x9-1/4,LF,EA,24,,,,,,,,,,,,,,,Weyerhaeuser,Microllam,,,,,,,,,,,,,,,,,beam|header|rim_board|structural,R502|R602,N,span|load|bearing_type|end_conditions,,,,,,,ORDER,3,,ESR-1387 rated
LVL-1325,WY-LVL-312-914-28FT,engineered_wood,lvl,microllam,lvl_beam,Microllam LVL 3-1/2x9-1/4x28',,,StructuralNoSub,,,,3.5,,9.25,336,,,3-1/2x9-1/4,LF,EA,28,,,,,,,,,,,,,,,Weyerhaeuser,Microllam,,,,,,,,,,,,,,,,,beam|header|rim_board|structural,R502|R602,N,span|load|bearing_type|end_conditions,,,,,,,ORDER,3,,ESR-1387 rated
LVL-1326,WY-LVL-312-914-32FT,engineered_wood,lvl,microllam,lvl_beam,Microllam LVL 3-1/2x9-1/4x32',,,StructuralNoSub,,,,3.5,,9.25,384,,,3-1/2x9-1/4,LF,EA,32,,,,,,,,,,,,,,,Weyerhaeuser,Microllam,,,,,,,,,,,,,,,,,beam|header|rim_board|structural,R502|R602,N,span|load|bearing_type|end_conditions,,,,,,,ORDER,3,,ESR-1387 rated
LVL-1327,WY-LVL-312-914-36FT,engineered_wood,lvl,microllam,lvl_beam,Microllam LVL 3-1/2x9-1/4x36',,,StructuralNoSub,,,,3.5,,9.25,432,,,3-1/2x9-1/4,LF,EA,36,,,,,,,,,,,,,,,Weyerhaeuser,Microllam,,,,,,,,,,,,,,,,,beam|header|rim_board|structural,R502|R602,N,span|load|bearing_type|end_conditions,,,,,,,ORDER,3,,ESR-1387 rated
LVL-1328,WY-LVL-312-914-40FT,engineered_wood,lvl,microllam,lvl_beam,Microllam LVL 3-1/2x9-1/4x40',,,StructuralNoSub,,,,3.5,,9.25,480,,,3-1/2x9-1/4,LF,EA,40,,,,,,,,,,,,,,,Weyerhaeuser,Microllam,,,,,,,,,,,,,,,,,beam|header|rim_board|structural,R502|R602,N,span|load|bearing_type|end_conditions,,,,,,,ORDER,3,,ESR-1387 rated
LVL-1329,WY-LVL-312-914-44FT,engineered_wood,lvl,microllam,lvl_beam,Microllam LVL 3-1/2x9-1/4x44',,,StructuralNoSub,,,,3.5,,9.25,528,,,3-1/2x9-1/4,LF,EA,44,,,,,,,,,,,,,,,Weyerhaeuser,Microllam,,,,,,,,,,,,,,,,,beam|header|rim_board|structural,R502|R602,N,span|load|bearing_type|end_conditions,,,,,,,ORDER,3,,ESR-1387 rated
LVL-1330,WY-LVL-312-914-48FT,engineered_wood,lvl,microllam,lvl_beam,Microllam LVL 3-1/2x9-1/4x48',,,StructuralNoSub,,,,3.5,,9.25,576,,,3-1/2x9-1/4,LF,EA,48,,,,,,,,,,,,,,,Weyerhaeuser,Microllam,,,,,,,,,,,,,,,,,beam|header|rim_board|structural,R502|R602,N,span|load|bearing_type|end_conditions,,,,,,,ORDER,3,,ESR-1387 rated
LVL-1331,WY-LVL-312-914-52FT,engineered_wood,lvl,microllam,lvl_beam,Microllam LVL 3-1/2x9-1/4x52',,,StructuralNoSub,,,,3.5,,9.25,624,,,3-1/2x9-1/4,LF,EA,52,,,,,,,,,,,,,,,Weyerhaeuser,Microllam,,,,,,,,,,,,,,,,,beam|header|rim_board|structural,R502|R602,N,span|load|bearing_type|end_conditions,,,,,,,ORDER,3,,ESR-1387 rated
LVL-1332,WY-LVL-312-914-56FT,engineered_wood,lvl,microllam,lvl_beam,Microllam LVL 3-1/2x9-1/4x56',,,StructuralNoSub,,,,3.5,,9.25,672,,,3-1/2x9-1/4,LF,EA,56,,,,,,,,,,,,,,,Weyerhaeuser,Microllam,,,,,,,,,,,,,,,,,beam|header|rim_board|structural,R502|R602,N,span|load|bearing_type|end_conditions,,,,,,,ORDER,3,,ESR-1387 rated
LVL-1333,WY-LVL-312-914-60FT,engineered_wood,lvl,microllam,lvl_beam,Microllam LVL 3-1/2x9-1/4x60',,,StructuralNoSub,,,,3.5,,9.25,720,,,3-1/2x9-1/4,LF,EA,60,,,,,,,,,,,,,,,Weyerhaeuser,Microllam,,,,,,,,,,,,,,,,,beam|header|rim_board|structural,R502|R602,N,span|load|bearing_type|end_conditions,,,,,,,ORDER,3,,ESR-1387 rated
LVL-1334,WY-LVL-312-912-20FT,engineered_wood,lvl,microllam,lvl_beam,Microllam LVL 3-1/2x9-1/2x20',,,StructuralNoSub,,,,3.5,,9.5,240,,,3-1/2x9-1/2,LF,EA,20,,,,,,,,,,,,,,,Weyerhaeuser,Microllam,,,,,,,,,,,,,,,,,beam|header|rim_board|structural,R502|R602,N,span|load|bearing_type|end_conditions,,,,,,,ORDER,3,,ESR-1387 rated
LVL-1335,WY-LVL-312-912-24FT,engineered_wood,lvl,microllam,lvl_beam,Microllam LVL 3-1/2x9-1/2x24',,,StructuralNoSub,,,,3.5,,9.5,288,,,3-1/2x9-1/2,LF,EA,24,,,,,,,,,,,,,,,Weyerhaeuser,Microllam,,,,,,,,,,,,,,,,,beam|header|rim_board|structural,R502|R602,N,span|load|bearing_type|end_conditions,,,,,,,ORDER,3,,ESR-1387 rated
LVL-1336,WY-LVL-312-912-28FT,engineered_wood,lvl,microllam,lvl_beam,Microllam LVL 3-1/2x9-1/2x28',,,StructuralNoSub,,,,3.5,,9.5,336,,,3-1/2x9-1/2,LF,EA,28,,,,,,,,,,,,,,,Weyerhaeuser,Microllam,,,,,,,,,,,,,,,,,beam|header|rim_board|structural,R502|R602,N,span|load|bearing_type|end_conditions,,,,,,,ORDER,3,,ESR-1387 rated
LVL-1337,WY-LVL-312-912-32FT,engineered_wood,lvl,microllam,lvl_beam,Microllam LVL 3-1/2x9-1/2x32',,,StructuralNoSub,,,,3.5,,9.5,384,,,3-1/2x9-1/2,LF,EA,32,,,,,,,,,,,,,,,Weyerhaeuser,Microllam,,,,,,,,,,,,,,,,,beam|header|rim_board|structural,R502|R602,N,span|load|bearing_type|end_conditions,,,,,,,ORDER,3,,ESR-1387 rated
LVL-1338,WY-LVL-312-912-36FT,engineered_wood,lvl,microllam,lvl_beam,Microllam LVL 3-1/2x9-1/2x36',,,StructuralNoSub,,,,3.5,,9.5,432,,,3-1/2x9-1/2,LF,EA,36,,,,,,,,,,,,,,,Weyerhaeuser,Microllam,,,,,,,,,,,,,,,,,beam|header|rim_board|structural,R502|R602,N,span|load|bearing_type|end_conditions,,,,,,,ORDER,3,,ESR-1387 rated
LVL-1339,WY-LVL-312-912-40FT,engineered_wood,lvl,microllam,lvl_beam,Microllam LVL 3-1/2x9-1/2x40',,,StructuralNoSub,,,,3.5,,9.5,480,,,3-1/2x9-1/2,LF,EA,40,,,,,,,,,,,,,,,Weyerhaeuser,Microllam,,,,,,,,,,,,,,,,,beam|header|rim_board|structural,R502|R602,N,span|load|bearing_type|end_conditions,,,,,,,ORDER,3,,ESR-1387 rated
LVL-1340,WY-LVL-312-912-44FT,engineered_wood,lvl,microllam,lvl_beam,Microllam LVL 3-1/2x9-1/2x44',,,StructuralNoSub,,,,3.5,,9.5,528,,,3-1/2x9-1/2,LF,EA,44,,,,,,,,,,,,,,,Weyerhaeuser,Microllam,,,,,,,,,,,,,,,,,beam|header|rim_board|structural,R502|R602,N,span|load|bearing_type|end_conditions,,,,,,,ORDER,3,,ESR-1387 rated
LVL-1341,WY-LVL-312-912-48FT,engineered_wood,lvl,microllam,lvl_beam,Microllam LVL 3-1/2x9-1/2x48',,,StructuralNoSub,,,,3.5,,9.5,576,,,3-1/2x9-1/2,LF,EA,48,,,,,,,,,,,,,,,Weyerhaeuser,Microllam,,,,,,,,,,,,,,,,,beam|header|rim_board|structural,R502|R602,N,span|load|bearing_type|end_conditions,,,,,,,ORDER,3,,ESR-1387 rated
LVL-1342,WY-LVL-312-912-52FT,engineered_wood,lvl,microllam,lvl_beam,Microllam LVL 3-1/2x9-1/2x52',,,StructuralNoSub,,,,3.5,,9.5,624,,,3-1/2x9-1/2,LF,EA,52,,,,,,,,,,,,,,,Weyerhaeuser,Microllam,,,,,,,,,,,,,,,,,beam|header|rim_board|structural,R502|R602,N,span|load|bearing_type|end_conditions,,,,,,,ORDER,3,,ESR-1387 rated
LVL-1343,WY-LVL-312-912-56FT,engineered_wood,lvl,microllam,lvl_beam,Microllam LVL 3-1/2x9-1/2x56',,,StructuralNoSub,,,,3.5,,9.5,672,,,3-1/2x9-1/2,LF,EA,56,,,,,,,,,,,,,,,Weyerhaeuser,Microllam,,,,,,,,,,,,,,,,,beam|header|rim_board|structural,R502|R602,N,span|load|bearing_type|end_conditions,,,,,,,ORDER,3,,ESR-1387 rated
LVL-1344,WY-LVL-312-912-60FT,engineered_wood,lvl,microllam,lvl_beam,Microllam LVL 3-1/2x9-1/2x60',,,StructuralNoSub,,,,3.5,,9.5,720,,,3-1/2x9-1/2,LF,EA,60,,,,,,,,,,,,,,,Weyerhaeuser,Microllam,,,,,,,,,,,,,,,,,beam|header|rim_board|structural,R502|R602,N,span|load|bearing_type|end_conditions,,,,,,,ORDER,3,,ESR-1387 rated
LVL-1345,WY-LVL-312-1114-20FT,engineered_wood,lvl,microllam,lvl_beam,Microllam LVL 3-1/2x11-1/4x20',,,StructuralNoSub,,,,3.5,,11.25,240,,,3-1/2x11-1/4,LF,EA,20,,,,,,,,,,,,,,,Weyerhaeuser,Microllam,,,,,,,,,,,,,,,,,beam|header|rim_board|structural,R502|R602,N,span|load|bearing_type|end_conditions,,,,,,,ORDER,3,,ESR-1387 rated
LVL-1346,WY-LVL-312-1114-24FT,engineered_wood,lvl,microllam,lvl_beam,Microllam LVL 3-1/2x11-1/4x24',,,StructuralNoSub,,,,3.5,,11.25,288,,,3-1/2x11-1/4,LF,EA,24,,,,,,,,,,,,,,,Weyerhaeuser,Microllam,,,,,,,,,,,,,,,,,beam|header|rim_board|structural,R502|R602,N,span|load|bearing_type|end_conditions,,,,,,,ORDER,3,,ESR-1387 rated
LVL-1347,WY-LVL-312-1114-28FT,engineered_wood,lvl,microllam,lvl_beam,Microllam LVL 3-1/2x11-1/4x28',,,StructuralNoSub,,,,3.5,,11.25,336,,,3-1/2x11-1/4,LF,EA,28,,,,,,,,,,,,,,,Weyerhaeuser,Microllam,,,,,,,,,,,,,,,,,beam|header|rim_board|structural,R502|R602,N,span|load|bearing_type|end_conditions,,,,,,,ORDER,3,,ESR-1387 rated
LVL-1348,WY-LVL-312-1114-32FT,engineered_wood,lvl,microllam,lvl_beam,Microllam LVL 3-1/2x11-1/4x32',,,StructuralNoSub,,,,3.5,,11.25,384,,,3-1/2x11-1/4,LF,EA,32,,,,,,,,,,,,,,,Weyerhaeuser,Microllam,,,,,,,,,,,,,,,,,beam|header|rim_board|structural,R502|R602,N,span|load|bearing_type|end_conditions,,,,,,,ORDER,3,,ESR-1387 rated
LVL-1349,WY-LVL-312-1114-36FT,engineered_wood,lvl,microllam,lvl_beam,Microllam LVL 3-1/2x11-1/4x36',,,StructuralNoSub,,,,3.5,,11.25,432,,,3-1/2x11-1/4,LF,EA,36,,,,,,,,,,,,,,,Weyerhaeuser,Microllam,,,,,,,,,,,,,,,,,beam|header|rim_board|structural,R502|R602,N,span|load|bearing_type|end_conditions,,,,,,,ORDER,3,,ESR-1387 rated
LVL-1350,WY-LVL-312-1114-40FT,engineered_wood,lvl,microllam,lvl_beam,Microllam LVL 3-1/2x11-1/4x40',,,StructuralNoSub,,,,3.5,,11.25,480,,,3-1/2x11-1/4,LF,EA,40,,,,,,,,,,,,,,,Weyerhaeuser,Microllam,,,,,,,,,,,,,,,,,beam|header|rim_board|structural,R502|R602,N,span|load|bearing_type|end_conditions,,,,,,,ORDER,3,,ESR-1387 rated
LVL-1351,WY-LVL-312-1114-44FT,engineered_wood,lvl,microllam,lvl_beam,Microllam LVL 3-1/2x11-1/4x44',,,StructuralNoSub,,,,3.5,,11.25,528,,,3-1/2x11-1/4,LF,EA,44,,,,,,,,,,,,,,,Weyerhaeuser,Microllam,,,,,,,,,,,,,,,,,beam|header|rim_board|structural,R502|R602,N,span|load|bearing_type|end_conditions,,,,,,,ORDER,3,,ESR-1387 rated
LVL-1352,WY-LVL-312-1114-48FT,engineered_wood,lvl,microllam,lvl_beam,Microllam LVL 3-1/2x11-1/4x48',,,StructuralNoSub,,,,3.5,,11.25,576,,,3-1/2x11-1/4,LF,EA,48,,,,,,,,,,,,,,,Weyerhaeuser,Microllam,,,,,,,,,,,,,,,,,beam|header|rim_board|structural,R502|R602,N,span|load|bearing_type|end_conditions,,,,,,,ORDER,3,,ESR-1387 rated
LVL-1353,WY-LVL-312-1114-52FT,engineered_wood,lvl,microllam,lvl_beam,Microllam LVL 3-1/2x11-1/4x52',,,StructuralNoSub,,,,3.5,,11.25,624,,,3-1/2x11-1/4,LF,EA,52,,,,,,,,,,,,,,,Weyerhaeuser,Microllam,,,,,,,,,,,,,,,,,beam|header|rim_board|structural,R502|R602,N,span|load|bearing_type|end_conditions,,,,,,,ORDER,3,,ESR-1387 rated
LVL-1354,WY-LVL-312-1114-56FT,engineered_wood,lvl,microllam,lvl_beam,Microllam LVL 3-1/2x11-1/4x56',,,StructuralNoSub,,,,3.5,,11.25,672,,,3-1/2x11-1/4,LF,EA,56,,,,,,,,,,,,,,,Weyerhaeuser,Microllam,,,,,,,,,,,,,,,,,beam|header|rim_board|structural,R502|R602,N,span|load|bearing_type|end_conditions,,,,,,,ORDER,3,,ESR-1387 rated
LVL-1355,WY-LVL-312-1114-60FT,engineered_wood,lvl,microllam,lvl_beam,Microllam LVL 3-1/2x11-1/4x60',,,StructuralNoSub,,,,3.5,,11.25,720,,,3-1/2x11-1/4,LF,EA,60,,,,,,,,,,,,,,,Weyerhaeuser,Microllam,,,,,,,,,,,,,,,,,beam|header|rim_board|structural,R502|R602,N,span|load|bearing_type|end_conditions,,,,,,,ORDER,3,,ESR-1387 rated
LVL-1356,WY-LVL-312-1178-20FT,engineered_wood,lvl,microllam,lvl_beam,Microllam LVL 3-1/2x11-7/8x20',,,StructuralNoSub,,,,3.5,,11.875,240,,,3-1/2x11-7/8,LF,EA,20,,,,,,,,,,,,,,,Weyerhaeuser,Microllam,,,,,,,,,,,,,,,,,beam|header|rim_board|structural,R502|R602,N,span|load|bearing_type|end_conditions,,,,,,,ORDER,3,,ESR-1387 rated
LVL-1357,WY-LVL-312-1178-24FT,engineered_wood,lvl,microllam,lvl_beam,Microllam LVL 3-1/2x11-7/8x24',,,StructuralNoSub,,,,3.5,,11.875,288,,,3-1/2x11-7/8,LF,EA,24,,,,,,,,,,,,,,,Weyerhaeuser,Microllam,,,,,,,,,,,,,,,,,beam|header|rim_board|structural,R502|R602,N,span|load|bearing_type|end_conditions,,,,,,,ORDER,3,,ESR-1387 rated
LVL-1358,WY-LVL-312-1178-28FT,engineered_wood,lvl,microllam,lvl_beam,Microllam LVL 3-1/2x11-7/8x28',,,StructuralNoSub,,,,3.5,,11.875,336,,,3-1/2x11-7/8,LF,EA,28,,,,,,,,,,,,,,,Weyerhaeuser,Microllam,,,,,,,,,,,,,,,,,beam|header|rim_board|structural,R502|R602,N,span|load|bearing_type|end_conditions,,,,,,,ORDER,3,,ESR-1387 rated
LVL-1359,WY-LVL-312-1178-32FT,engineered_wood,lvl,microllam,lvl_beam,Microllam LVL 3-1/2x11-7/8x32',,,StructuralNoSub,,,,3.5,,11.875,384,,,3-1/2x11-7/8,LF,EA,32,,,,,,,,,,,,,,,Weyerhaeuser,Microllam,,,,,,,,,,,,,,,,,beam|header|rim_board|structural,R502|R602,N,span|load|bearing_type|end_conditions,,,,,,,ORDER,3,,ESR-1387 rated
LVL-1360,WY-LVL-312-1178-36FT,engineered_wood,lvl,microllam,lvl_beam,Microllam LVL 3-1/2x11-7/8x36',,,StructuralNoSub,,,,3.5,,11.875,432,,,3-1/2x11-7/8,LF,EA,36,,,,,,,,,,,,,,,Weyerhaeuser,Microllam,,,,,,,,,,,,,,,,,beam|header|rim_board|structural,R502|R602,N,span|load|bearing_type|end_conditions,,,,,,,ORDER,3,,ESR-1387 rated
LVL-1361,WY-LVL-312-1178-40FT,engineered_wood,lvl,microllam,lvl_beam,Microllam LVL 3-1/2x11-7/8x40',,,StructuralNoSub,,,,3.5,,11.875,480,,,3-1/2x11-7/8,LF,EA,40,,,,,,,,,,,,,,,Weyerhaeuser,Microllam,,,,,,,,,,,,,,,,,beam|header|rim_board|structural,R502|R602,N,span|load|bearing_type|end_conditions,,,,,,,ORDER,3,,ESR-1387 rated
LVL-1362,WY-LVL-312-1178-44FT,engineered_wood,lvl,microllam,lvl_beam,Microllam LVL 3-1/2x11-7/8x44',,,StructuralNoSub,,,,3.5,,11.875,528,,,3-1/2x11-7/8,LF,EA,44,,,,,,,,,,,,,,,Weyerhaeuser,Microllam,,,,,,,,,,,,,,,,,beam|header|rim_board|structural,R502|R602,N,span|load|bearing_type|end_conditions,,,,,,,ORDER,3,,ESR-1387 rated
LVL-1363,WY-LVL-312-1178-48FT,engineered_wood,lvl,microllam,lvl_beam,Microllam LVL 3-1/2x11-7/8x48',,,StructuralNoSub,,,,3.5,,11.875,576,,,3-1/2x11-7/8,LF,EA,48,,,,,,,,,,,,,,,Weyerhaeuser,Microllam,,,,,,,,,,,,,,,,,beam|header|rim_board|structural,R502|R602,N,span|load|bearing_type|end_conditions,,,,,,,ORDER,3,,ESR-1387 rated
LVL-1364,WY-LVL-312-1178-52FT,engineered_wood,lvl,microllam,lvl_beam,Microllam LVL 3-1/2x11-7/8x52',,,StructuralNoSub,,,,3.5,,11.875,624,,,3-1/2x11-7/8,LF,EA,52,,,,,,,,,,,,,,,Weyerhaeuser,Microllam,,,,,,,,,,,,,,,,,beam|header|rim_board|structural,R502|R602,N,span|load|bearing_type|end_conditions,,,,,,,ORDER,3,,ESR-1387 rated
LVL-1365,WY-LVL-312-1178-56FT,engineered_wood,lvl,microllam,lvl_beam,Microllam LVL 3-1/2x11-7/8x56',,,StructuralNoSub,,,,3.5,,11.875,672,,,3-1/2x11-7/8,LF,EA,56,,,,,,,,,,,,,,,Weyerhaeuser,Microllam,,,,,,,,,,,,,,,,,beam|header|rim_board|structural,R502|R602,N,span|load|bearing_type|end_conditions,,,,,,,ORDER,3,,ESR-1387 rated
LVL-1366,WY-LVL-312-1178-60FT,engineered_wood,lvl,microllam,lvl_beam,Microllam LVL 3-1/2x11-7/8x60',,,StructuralNoSub,,,,3.5,,11.875,720,,,3-1/2x11-7/8,LF,EA,60,,,,,,,,,,,,,,,Weyerhaeuser,Microllam,,,,,,,,,,,,,,,,,beam|header|rim_board|structural,R502|R602,N,span|load|bearing_type|end_conditions,,,,,,,ORDER,3,,ESR-1387 rated
LVL-1367,WY-LVL-312-14-20FT,engineered_wood,lvl,microllam,lvl_beam,Microllam LVL 3-1/2x14x20',,,StructuralNoSub,,,,3.5,,14,240,,,3-1/2x14,LF,EA,20,,,,,,,,,,,,,,,Weyerhaeuser,Microllam,,,,,,,,,,,,,,,,,beam|header|rim_board|structural,R502|R602,N,span|load|bearing_type|end_conditions,,,,,,,ORDER,3,,ESR-1387 rated
LVL-1368,WY-LVL-312-14-24FT,engineered_wood,lvl,microllam,lvl_beam,Microllam LVL 3-1/2x14x24',,,StructuralNoSub,,,,3.5,,14,288,,,3-1/2x14,LF,EA,24,,,,,,,,,,,,,,,Weyerhaeuser,Microllam,,,,,,,,,,,,,,,,,beam|header|rim_board|structural,R502|R602,N,span|load|bearing_type|end_conditions,,,,,,,ORDER,3,,ESR-1387 rated
LVL-1369,WY-LVL-312-14-28FT,engineered_wood,lvl,microllam,lvl_beam,Microllam LVL 3-1/2x14x28',,,StructuralNoSub,,,,3.5,,14,336,,,3-1/2x14,LF,EA,28,,,,,,,,,,,,,,,Weyerhaeuser,Microllam,,,,,,,,,,,,,,,,,beam|header|rim_board|structural,R502|R602,N,span|load|bearing_type|end_conditions,,,,,,,ORDER,3,,ESR-1387 rated
LVL-1370,WY-LVL-312-14-32FT,engineered_wood,lvl,microllam,lvl_beam,Microllam LVL 3-1/2x14x32',,,StructuralNoSub,,,,3.5,,14,384,,,3-1/2x14,LF,EA,32,,,,,,,,,,,,,,,Weyerhaeuser,Microllam,,,,,,,,,,,,,,,,,beam|header|rim_board|structural,R502|R602,N,span|load|bearing_type|end_conditions,,,,,,,ORDER,3,,ESR-1387 rated
LVL-1371,WY-LVL-312-14-36FT,engineered_wood,lvl,microllam,lvl_beam,Microllam LVL 3-1/2x14x36',,,StructuralNoSub,,,,3.5,,14,432,,,3-1/2x14,LF,EA,36,,,,,,,,,,,,,,,Weyerhaeuser,Microllam,,,,,,,,,,,,,,,,,beam|header|rim_board|structural,R502|R602,N,span|load|bearing_type|end_conditions,,,,,,,ORDER,3,,ESR-1387 rated
LVL-1372,WY-LVL-312-14-40FT,engineered_wood,lvl,microllam,lvl_beam,Microllam LVL 3-1/2x14x40',,,StructuralNoSub,,,,3.5,,14,480,,,3-1/2x14,LF,EA,40,,,,,,,,,,,,,,,Weyerhaeuser,Microllam,,,,,,,,,,,,,,,,,beam|header|rim_board|structural,R502|R602,N,span|load|bearing_type|end_conditions,,,,,,,ORDER,3,,ESR-1387 rated
LVL-1373,WY-LVL-312-14-44FT,engineered_wood,lvl,microllam,lvl_beam,Microllam LVL 3-1/2x14x44',,,StructuralNoSub,,,,3.5,,14,528,,,3-1/2x14,LF,EA,44,,,,,,,,,,,,,,,Weyerhaeuser,Microllam,,,,,,,,,,,,,,,,,beam|header|rim_board|structural,R502|R602,N,span|load|bearing_type|end_conditions,,,,,,,ORDER,3,,ESR-1387 rated
LVL-1374,WY-LVL-312-14-48FT,engineered_wood,lvl,microllam,lvl_beam,Microllam LVL 3-1/2x14x48',,,StructuralNoSub,,,,3.5,,14,576,,,3-1/2x14,LF,EA,48,,,,,,,,,,,,,,,Weyerhaeuser,Microllam,,,,,,,,,,,,,,,,,beam|header|rim_board|structural,R502|R602,N,span|load|bearing_type|end_conditions,,,,,,,ORDER,3,,ESR-1387 rated
LVL-1375,WY-LVL-312-14-52FT,engineered_wood,lvl,microllam,lvl_beam,Microllam LVL 3-1/2x14x52',,,StructuralNoSub,,,,3.5,,14,624,,,3-1/2x14,LF,EA,52,,,,,,,,,,,,,,,Weyerhaeuser,Microllam,,,,,,,,,,,,,,,,,beam|header|rim_board|structural,R502|R602,N,span|load|bearing_type|end_conditions,,,,,,,ORDER,3,,ESR-1387 rated
LVL-1376,WY-LVL-312-14-56FT,engineered_wood,lvl,microllam,lvl_beam,Microllam LVL 3-1/2x14x56',,,StructuralNoSub,,,,3.5,,14,672,,,3-1/2x14,LF,EA,56,,,,,,,,,,,,,,,Weyerhaeuser,Microllam,,,,,,,,,,,,,,,,,beam|header|rim_board|structural,R502|R602,N,span|load|bearing_type|end_conditions,,,,,,,ORDER,3,,ESR-1387 rated
LVL-1377,WY-LVL-312-14-60FT,engineered_wood,lvl,microllam,lvl_beam,Microllam LVL 3-1/2x14x60',,,StructuralNoSub,,,,3.5,,14,720,,,3-1/2x14,LF,EA,60,,,,,,,,,,,,,,,Weyerhaeuser,Microllam,,,,,,,,,,,,,,,,,beam|header|rim_board|structural,R502|R602,N,span|load|bearing_type|end_conditions,,,,,,,ORDER,3,,ESR-1387 rated
LVL-1378,WY-LVL-312-16-20FT,engineered_wood,lvl,microllam,lvl_beam,Microllam LVL 3-1/2x16x20',,,StructuralNoSub,,,,3.5,,16,240,,,3-1/2x16,LF,EA,20,,,,,,,,,,,,,,,Weyerhaeuser,Microllam,,,,,,,,,,,,,,,,,beam|header|rim_board|structural,R502|R602,N,span|load|bearing_type|end_conditions,,,,,,,ORDER,3,,ESR-1387 rated
LVL-1379,WY-LVL-312-16-24FT,engineered_wood,lvl,microllam,lvl_beam,Microllam LVL 3-1/2x16x24',,,StructuralNoSub,,,,3.5,,16,288,,,3-1/2x16,LF,EA,24,,,,,,,,,,,,,,,Weyerhaeuser,Microllam,,,,,,,,,,,,,,,,,beam|header|rim_board|structural,R502|R602,N,span|load|bearing_type|end_conditions,,,,,,,ORDER,3,,ESR-1387 rated
LVL-1380,WY-LVL-312-16-28FT,engineered_wood,lvl,microllam,lvl_beam,Microllam LVL 3-1/2x16x28',,,StructuralNoSub,,,,3.5,,16,336,,,3-1/2x16,LF,EA,28,,,,,,,,,,,,,,,Weyerhaeuser,Microllam,,,,,,,,,,,,,,,,,beam|header|rim_board|structural,R502|R602,N,span|load|bearing_type|end_conditions,,,,,,,ORDER,3,,ESR-1387 rated
LVL-1381,WY-LVL-312-16-32FT,engineered_wood,lvl,microllam,lvl_beam,Microllam LVL 3-1/2x16x32',,,StructuralNoSub,,,,3.5,,16,384,,,3-1/2x16,LF,EA,32,,,,,,,,,,,,,,,Weyerhaeuser,Microllam,,,,,,,,,,,,,,,,,beam|header|rim_board|structural,R502|R602,N,span|load|bearing_type|end_conditions,,,,,,,ORDER,3,,ESR-1387 rated
LVL-1382,WY-LVL-312-16-36FT,engineered_wood,lvl,microllam,lvl_beam,Microllam LVL 3-1/2x16x36',,,StructuralNoSub,,,,3.5,,16,432,,,3-1/2x16,LF,EA,36,,,,,,,,,,,,,,,Weyerhaeuser,Microllam,,,,,,,,,,,,,,,,,beam|header|rim_board|structural,R502|R602,N,span|load|bearing_type|end_conditions,,,,,,,ORDER,3,,ESR-1387 rated
LVL-1383,WY-LVL-312-16-40FT,engineered_wood,lvl,microllam,lvl_beam,Microllam LVL 3-1/2x16x40',,,StructuralNoSub,,,,3.5,,16,480,,,3-1/2x16,LF,EA,40,,,,,,,,,,,,,,,Weyerhaeuser,Microllam,,,,,,,,,,,,,,,,,beam|header|rim_board|structural,R502|R602,N,span|load|bearing_type|end_conditions,,,,,,,ORDER,3,,ESR-1387 rated
LVL-1384,WY-LVL-312-16-44FT,engineered_wood,lvl,microllam,lvl_beam,Microllam LVL 3-1/2x16x44',,,StructuralNoSub,,,,3.5,,16,528,,,3-1/2x16,LF,EA,44,,,,,,,,,,,,,,,Weyerhaeuser,Microllam,,,,,,,,,,,,,,,,,beam|header|rim_board|structural,R502|R602,N,span|load|bearing_type|end_conditions,,,,,,,ORDER,3,,ESR-1387 rated
LVL-1385,WY-LVL-312-16-48FT,engineered_wood,lvl,microllam,lvl_beam,Microllam LVL 3-1/2x16x48',,,StructuralNoSub,,,,3.5,,16,576,,,3-1/2x16,LF,EA,48,,,,,,,,,,,,,,,Weyerhaeuser,Microllam,,,,,,,,,,,,,,,,,beam|header|rim_board|structural,R502|R602,N,span|load|bearing_type|end_conditions,,,,,,,ORDER,3,,ESR-1387 rated
LVL-1386,WY-LVL-312-16-52FT,engineered_wood,lvl,microllam,lvl_beam,Microllam LVL 3-1/2x16x52',,,StructuralNoSub,,,,3.5,,16,624,,,3-1/2x16,LF,EA,52,,,,,,,,,,,,,,,Weyerhaeuser,Microllam,,,,,,,,,,,,,,,,,beam|header|rim_board|structural,R502|R602,N,span|load|bearing_type|end_conditions,,,,,,,ORDER,3,,ESR-1387 rated
LVL-1387,WY-LVL-312-16-56FT,engineered_wood,lvl,microllam,lvl_beam,Microllam LVL 3-1/2x16x56',,,StructuralNoSub,,,,3.5,,16,672,,,3-1/2x16,LF,EA,56,,,,,,,,,,,,,,,Weyerhaeuser,Microllam,,,,,,,,,,,,,,,,,beam|header|rim_board|structural,R502|R602,N,span|load|bearing_type|end_conditions,,,,,,,ORDER,3,,ESR-1387 rated
LVL-1388,WY-LVL-312-16-60FT,engineered_wood,lvl,microllam,lvl_beam,Microllam LVL 3-1/2x16x60',,,StructuralNoSub,,,,3.5,,16,720,,,3-1/2x16,LF,EA,60,,,,,,,,,,,,,,,Weyerhaeuser,Microllam,,,,,,,,,,,,,,,,,beam|header|rim_board|structural,R502|R602,N,span|load|bearing_type|end_conditions,,,,,,,ORDER,3,,ESR-1387 rated
LVL-1389,WY-LVL-312-18-20FT,engineered_wood,lvl,microllam,lvl_beam,Microllam LVL 3-1/2x18x20',,,StructuralNoSub,,,,3.5,,18,240,,,3-1/2x18,LF,EA,20,,,,,,,,,,,,,,,Weyerhaeuser,Microllam,,,,,,,,,,,,,,,,,beam|header|rim_board|structural,R502|R602,N,span|load|bearing_type|end_conditions,,,,,,,ORDER,3,,ESR-1387 rated
LVL-1390,WY-LVL-312-18-24FT,engineered_wood,lvl,microllam,lvl_beam,Microllam LVL 3-1/2x18x24',,,StructuralNoSub,,,,3.5,,18,288,,,3-1/2x18,LF,EA,24,,,,,,,,,,,,,,,Weyerhaeuser,Microllam,,,,,,,,,,,,,,,,,beam|header|rim_board|structural,R502|R602,N,span|load|bearing_type|end_conditions,,,,,,,ORDER,3,,ESR-1387 rated
LVL-1391,WY-LVL-312-18-28FT,engineered_wood,lvl,microllam,lvl_beam,Microllam LVL 3-1/2x18x28',,,StructuralNoSub,,,,3.5,,18,336,,,3-1/2x18,LF,EA,28,,,,,,,,,,,,,,,Weyerhaeuser,Microllam,,,,,,,,,,,,,,,,,beam|header|rim_board|structural,R502|R602,N,span|load|bearing_type|end_conditions,,,,,,,ORDER,3,,ESR-1387 rated
LVL-1392,WY-LVL-312-18-32FT,engineered_wood,lvl,microllam,lvl_beam,Microllam LVL 3-1/2x18x32',,,StructuralNoSub,,,,3.5,,18,384,,,3-1/2x18,LF,EA,32,,,,,,,,,,,,,,,Weyerhaeuser,Microllam,,,,,,,,,,,,,,,,,beam|header|rim_board|structural,R502|R602,N,span|load|bearing_type|end_conditions,,,,,,,ORDER,3,,ESR-1387 rated
LVL-1393,WY-LVL-312-18-36FT,engineered_wood,lvl,microllam,lvl_beam,Microllam LVL 3-1/2x18x36',,,StructuralNoSub,,,,3.5,,18,432,,,3-1/2x18,LF,EA,36,,,,,,,,,,,,,,,Weyerhaeuser,Microllam,,,,,,,,,,,,,,,,,beam|header|rim_board|structural,R502|R602,N,span|load|bearing_type|end_conditions,,,,,,,ORDER,3,,ESR-1387 rated
LVL-1394,WY-LVL-312-18-40FT,engineered_wood,lvl,microllam,lvl_beam,Microllam LVL 3-1/2x18x40',,,StructuralNoSub,,,,3.5,,18,480,,,3-1/2x18,LF,EA,40,,,,,,,,,,,,,,,Weyerhaeuser,Microllam,,,,,,,,,,,,,,,,,beam|header|rim_board|structural,R502|R602,N,span|load|bearing_type|end_conditions,,,,,,,ORDER,3,,ESR-1387 rated
LVL-1395,WY-LVL-312-18-44FT,engineered_wood,lvl,microllam,lvl_beam,Microllam LVL 3-1/2x18x44',,,StructuralNoSub,,,,3.5,,18,528,,,3-1/2x18,LF,EA,44,,,,,,,,,,,,,,,Weyerhaeuser,Microllam,,,,,,,,,,,,,,,,,beam|header|rim_board|structural,R502|R602,N,span|load|bearing_type|end_conditions,,,,,,,ORDER,3,,ESR-1387 rated
LVL-1396,WY-LVL-312-18-48FT,engineered_wood,lvl,microllam,lvl_beam,Microllam LVL 3-1/2x18x48',,,StructuralNoSub,,,,3.5,,18,576,,,3-1/2x18,LF,EA,48,,,,,,,,,,,,,,,Weyerhaeuser,Microllam,,,,,,,,,,,,,,,,,beam|header|rim_board|structural,R502|R602,N,span|load|bearing_type|end_conditions,,,,,,,ORDER,3,,ESR-1387 rated
LVL-1397,WY-LVL-312-18-52FT,engineered_wood,lvl,microllam,lvl_beam,Microllam LVL 3-1/2x18x52',,,StructuralNoSub,,,,3.5,,18,624,,,3-1/2x18,LF,EA,52,,,,,,,,,,,,,,,Weyerhaeuser,Microllam,,,,,,,,,,,,,,,,,beam|header|rim_board|structural,R502|R602,N,span|load|bearing_type|end_conditions,,,,,,,ORDER,3,,ESR-1387 rated
LVL-1398,WY-LVL-312-18-56FT,engineered_wood,lvl,microllam,lvl_beam,Microllam LVL 3-1/2x18x56',,,StructuralNoSub,,,,3.5,,18,672,,,3-1/2x18,LF,EA,56,,,,,,,,,,,,,,,Weyerhaeuser,Microllam,,,,,,,,,,,,,,,,,beam|header|rim_board|structural,R502|R602,N,span|load|bearing_type|end_conditions,,,,,,,ORDER,3,,ESR-1387 rated
LVL-1399,WY-LVL-312-18-60FT,engineered_wood,lvl,microllam,lvl_beam,Microllam LVL 3-1/2x18x60',,,StructuralNoSub,,,,3.5,,18,720,,,3-1/2x18,LF,EA,60,,,,,,,,,,,,,,,Weyerhaeuser,Microllam,,,,,,,,,,,,,,,,,beam|header|rim_board|structural,R502|R602,N,span|load|bearing_type|end_conditions,,,,,,,ORDER,3,,ESR-1387 rated
LVL-1400,WY-LVL-312-20-20FT,engineered_wood,lvl,microllam,lvl_beam,Microllam LVL 3-1/2x20x20',,,StructuralNoSub,,,,3.5,,20,240,,,3-1/2x20,LF,EA,20,,,,,,,,,,,,,,,Weyerhaeuser,Microllam,,,,,,,,,,,,,,,,,beam|header|rim_board|structural,R502|R602,N,span|load|bearing_type|end_conditions,,,,,,,ORDER,3,,ESR-1387 rated
LVL-1401,WY-LVL-312-20-24FT,engineered_wood,lvl,microllam,lvl_beam,Microllam LVL 3-1/2x20x24',,,StructuralNoSub,,,,3.5,,20,288,,,3-1/2x20,LF,EA,24,,,,,,,,,,,,,,,Weyerhaeuser,Microllam,,,,,,,,,,,,,,,,,beam|header|rim_board|structural,R502|R602,N,span|load|bearing_type|end_conditions,,,,,,,ORDER,3,,ESR-1387 rated
LVL-1402,WY-LVL-312-20-28FT,engineered_wood,lvl,microllam,lvl_beam,Microllam LVL 3-1/2x20x28',,,StructuralNoSub,,,,3.5,,20,336,,,3-1/2x20,LF,EA,28,,,,,,,,,,,,,,,Weyerhaeuser,Microllam,,,,,,,,,,,,,,,,,beam|header|rim_board|structural,R502|R602,N,span|load|bearing_type|end_conditions,,,,,,,ORDER,3,,ESR-1387 rated
LVL-1403,WY-LVL-312-20-32FT,engineered_wood,lvl,microllam,lvl_beam,Microllam LVL 3-1/2x20x32',,,StructuralNoSub,,,,3.5,,20,384,,,3-1/2x20,LF,EA,32,,,,,,,,,,,,,,,Weyerhaeuser,Microllam,,,,,,,,,,,,,,,,,beam|header|rim_board|structural,R502|R602,N,span|load|bearing_type|end_conditions,,,,,,,ORDER,3,,ESR-1387 rated
LVL-1404,WY-LVL-312-20-36FT,engineered_wood,lvl,microllam,lvl_beam,Microllam LVL 3-1/2x20x36',,,StructuralNoSub,,,,3.5,,20,432,,,3-1/2x20,LF,EA,36,,,,,,,,,,,,,,,Weyerhaeuser,Microllam,,,,,,,,,,,,,,,,,beam|header|rim_board|structural,R502|R602,N,span|load|bearing_type|end_conditions,,,,,,,ORDER,3,,ESR-1387 rated
LVL-1405,WY-LVL-312-20-40FT,engineered_wood,lvl,microllam,lvl_beam,Microllam LVL 3-1/2x20x40',,,StructuralNoSub,,,,3.5,,20,480,,,3-1/2x20,LF,EA,40,,,,,,,,,,,,,,,Weyerhaeuser,Microllam,,,,,,,,,,,,,,,,,beam|header|rim_board|structural,R502|R602,N,span|load|bearing_type|end_conditions,,,,,,,ORDER,3,,ESR-1387 rated
LVL-1406,WY-LVL-312-20-44FT,engineered_wood,lvl,microllam,lvl_beam,Microllam LVL 3-1/2x20x44',,,StructuralNoSub,,,,3.5,,20,528,,,3-1/2x20,LF,EA,44,,,,,,,,,,,,,,,Weyerhaeuser,Microllam,,,,,,,,,,,,,,,,,beam|header|rim_board|structural,R502|R602,N,span|load|bearing_type|end_conditions,,,,,,,ORDER,3,,ESR-1387 rated
LVL-1407,WY-LVL-312-20-48FT,engineered_wood,lvl,microllam,lvl_beam,Microllam LVL 3-1/2x20x48',,,StructuralNoSub,,,,3.5,,20,576,,,3-1/2x20,LF,EA,48,,,,,,,,,,,,,,,Weyerhaeuser,Microllam,,,,,,,,,,,,,,,,,beam|header|rim_board|structural,R502|R602,N,span|load|bearing_type|end_conditions,,,,,,,ORDER,3,,ESR-1387 rated
LVL-1408,WY-LVL-312-20-52FT,engineered_wood,lvl,microllam,lvl_beam,Microllam LVL 3-1/2x20x52',,,StructuralNoSub,,,,3.5,,20,624,,,3-1/2x20,LF,EA,52,,,,,,,,,,,,,,,Weyerhaeuser,Microllam,,,,,,,,,,,,,,,,,beam|header|rim_board|structural,R502|R602,N,span|load|bearing_type|end_conditions,,,,,,,ORDER,3,,ESR-1387 rated
LVL-1409,WY-LVL-312-20-56FT,engineered_wood,lvl,microllam,lvl_beam,Microllam LVL 3-1/2x20x56',,,StructuralNoSub,,,,3.5,,20,672,,,3-1/2x20,LF,EA,56,,,,,,,,,,,,,,,Weyerhaeuser,Microllam,,,,,,,,,,,,,,,,,beam|header|rim_board|structural,R502|R602,N,span|load|bearing_type|end_conditions,,,,,,,ORDER,3,,ESR-1387 rated
LVL-1410,WY-LVL-312-20-60FT,engineered_wood,lvl,microllam,lvl_beam,Microllam LVL 3-1/2x20x60',,,StructuralNoSub,,,,3.5,,20,720,,,3-1/2x20,LF,EA,60,,,,,,,,,,,,,,,Weyerhaeuser,Microllam,,,,,,,,,,,,,,,,,beam|header|rim_board|structural,R502|R602,N,span|load|bearing_type|end_conditions,,,,,,,ORDER,3,,ESR-1387 rated
LVL-1411,WY-LVL-312-24-20FT,engineered_wood,lvl,microllam,lvl_beam,Microllam LVL 3-1/2x24x20',,,StructuralNoSub,,,,3.5,,24,240,,,3-1/2x24,LF,EA,20,,,,,,,,,,,,,,,Weyerhaeuser,Microllam,,,,,,,,,,,,,,,,,beam|header|rim_board|structural,R502|R602,N,span|load|bearing_type|end_conditions,,,,,,,ORDER,3,,ESR-1387 rated
LVL-1412,WY-LVL-312-24-24FT,engineered_wood,lvl,microllam,lvl_beam,Microllam LVL 3-1/2x24x24',,,StructuralNoSub,,,,3.5,,24,288,,,3-1/2x24,LF,EA,24,,,,,,,,,,,,,,,Weyerhaeuser,Microllam,,,,,,,,,,,,,,,,,beam|header|rim_board|structural,R502|R602,N,span|load|bearing_type|end_conditions,,,,,,,ORDER,3,,ESR-1387 rated
LVL-1413,WY-LVL-312-24-28FT,engineered_wood,lvl,microllam,lvl_beam,Microllam LVL 3-1/2x24x28',,,StructuralNoSub,,,,3.5,,24,336,,,3-1/2x24,LF,EA,28,,,,,,,,,,,,,,,Weyerhaeuser,Microllam,,,,,,,,,,,,,,,,,beam|header|rim_board|structural,R502|R602,N,span|load|bearing_type|end_conditions,,,,,,,ORDER,3,,ESR-1387 rated
LVL-1414,WY-LVL-312-24-32FT,engineered_wood,lvl,microllam,lvl_beam,Microllam LVL 3-1/2x24x32',,,StructuralNoSub,,,,3.5,,24,384,,,3-1/2x24,LF,EA,32,,,,,,,,,,,,,,,Weyerhaeuser,Microllam,,,,,,,,,,,,,,,,,beam|header|rim_board|structural,R502|R602,N,span|load|bearing_type|end_conditions,,,,,,,ORDER,3,,ESR-1387 rated
LVL-1415,WY-LVL-312-24-36FT,engineered_wood,lvl,microllam,lvl_beam,Microllam LVL 3-1/2x24x36',,,StructuralNoSub,,,,3.5,,24,432,,,3-1/2x24,LF,EA,36,,,,,,,,,,,,,,,Weyerhaeuser,Microllam,,,,,,,,,,,,,,,,,beam|header|rim_board|structural,R502|R602,N,span|load|bearing_type|end_conditions,,,,,,,ORDER,3,,ESR-1387 rated
LVL-1416,WY-LVL-312-24-40FT,engineered_wood,lvl,microllam,lvl_beam,Microllam LVL 3-1/2x24x40',,,StructuralNoSub,,,,3.5,,24,480,,,3-1/2x24,LF,EA,40,,,,,,,,,,,,,,,Weyerhaeuser,Microllam,,,,,,,,,,,,,,,,,beam|header|rim_board|structural,R502|R602,N,span|load|bearing_type|end_conditions,,,,,,,ORDER,3,,ESR-1387 rated
LVL-1417,WY-LVL-312-24-44FT,engineered_wood,lvl,microllam,lvl_beam,Microllam LVL 3-1/2x24x44',,,StructuralNoSub,,,,3.5,,24,528,,,3-1/2x24,LF,EA,44,,,,,,,,,,,,,,,Weyerhaeuser,Microllam,,,,,,,,,,,,,,,,,beam|header|rim_board|structural,R502|R602,N,span|load|bearing_type|end_conditions,,,,,,,ORDER,3,,ESR-1387 rated
LVL-1418,WY-LVL-312-24-48FT,engineered_wood,lvl,microllam,lvl_beam,Microllam LVL 3-1/2x24x48',,,StructuralNoSub,,,,3.5,,24,576,,,3-1/2x24,LF,EA,48,,,,,,,,,,,,,,,Weyerhaeuser,Microllam,,,,,,,,,,,,,,,,,beam|header|rim_board|structural,R502|R602,N,span|load|bearing_type|end_conditions,,,,,,,ORDER,3,,ESR-1387 rated
LVL-1419,WY-LVL-312-24-52FT,engineered_wood,lvl,microllam,lvl_beam,Microllam LVL 3-1/2x24x52',,,StructuralNoSub,,,,3.5,,24,624,,,3-1/2x24,LF,EA,52,,,,,,,,,,,,,,,Weyerhaeuser,Microllam,,,,,,,,,,,,,,,,,beam|header|rim_board|structural,R502|R602,N,span|load|bearing_type|end_conditions,,,,,,,ORDER,3,,ESR-1387 rated
LVL-1420,WY-LVL-312-24-56FT,engineered_wood,lvl,microllam,lvl_beam,Microllam LVL 3-1/2x24x56',,,StructuralNoSub,,,,3.5,,24,672,,,3-1/2x24,LF,EA,56,,,,,,,,,,,,,,,Weyerhaeuser,Microllam,,,,,,,,,,,,,,,,,beam|header|rim_board|structural,R502|R602,N,span|load|bearing_type|end_conditions,,,,,,,ORDER,3,,ESR-1387 rated
LVL-1421,WY-LVL-312-24-60FT,engineered_wood,lvl,microllam,lvl_beam,Microllam LVL 3-1/2x24x60',,,StructuralNoSub,,,,3.5,,24,720,,,3-1/2x24,LF,EA,60,,,,,,,,,,,,,,,Weyerhaeuser,Microllam,,,,,,,,,,,,,,,,,beam|header|rim_board|structural,R502|R602,N,span|load|bearing_type|end_conditions,,,,,,,ORDER,3,,ESR-1387 rated
LVL-1422,WY-LVL-514-914-20FT,engineered_wood,lvl,microllam,lvl_beam,Microllam LVL 5-1/4x9-1/4x20',,,StructuralNoSub,,,,5.25,,9.25,240,,,5-1/4x9-1/4,LF,EA,20,,,,,,,,,,,,,,,Weyerhaeuser,Microllam,,,,,,,,,,,,,,,,,beam|header|rim_board|structural,R502|R602,N,span|load|bearing_type|end_conditions,,,,,,,ORDER,3,,ESR-1387 rated
LVL-1423,WY-LVL-514-914-24FT,engineered_wood,lvl,microllam,lvl_beam,Microllam LVL 5-1/4x9-1/4x24',,,StructuralNoSub,,,,5.25,,9.25,288,,,5-1/4x9-1/4,LF,EA,24,,,,,,,,,,,,,,,Weyerhaeuser,Microllam,,,,,,,,,,,,,,,,,beam|header|rim_board|structural,R502|R602,N,span|load|bearing_type|end_conditions,,,,,,,ORDER,3,,ESR-1387 rated
LVL-1424,WY-LVL-514-914-28FT,engineered_wood,lvl,microllam,lvl_beam,Microllam LVL 5-1/4x9-1/4x28',,,StructuralNoSub,,,,5.25,,9.25,336,,,5-1/4x9-1/4,LF,EA,28,,,,,,,,,,,,,,,Weyerhaeuser,Microllam,,,,,,,,,,,,,,,,,beam|header|rim_board|structural,R502|R602,N,span|load|bearing_type|end_conditions,,,,,,,ORDER,3,,ESR-1387 rated
LVL-1425,WY-LVL-514-914-32FT,engineered_wood,lvl,microllam,lvl_beam,Microllam LVL 5-1/4x9-1/4x32',,,StructuralNoSub,,,,5.25,,9.25,384,,,5-1/4x9-1/4,LF,EA,32,,,,,,,,,,,,,,,Weyerhaeuser,Microllam,,,,,,,,,,,,,,,,,beam|header|rim_board|structural,R502|R602,N,span|load|bearing_type|end_conditions,,,,,,,ORDER,3,,ESR-1387 rated
LVL-1426,WY-LVL-514-914-36FT,engineered_wood,lvl,microllam,lvl_beam,Microllam LVL 5-1/4x9-1/4x36',,,StructuralNoSub,,,,5.25,,9.25,432,,,5-1/4x9-1/4,LF,EA,36,,,,,,,,,,,,,,,Weyerhaeuser,Microllam,,,,,,,,,,,,,,,,,beam|header|rim_board|structural,R502|R602,N,span|load|bearing_type|end_conditions,,,,,,,ORDER,3,,ESR-1387 rated
LVL-1427,WY-LVL-514-914-40FT,engineered_wood,lvl,microllam,lvl_beam,Microllam LVL 5-1/4x9-1/4x40',,,StructuralNoSub,,,,5.25,,9.25,480,,,5-1/4x9-1/4,LF,EA,40,,,,,,,,,,,,,,,Weyerhaeuser,Microllam,,,,,,,,,,,,,,,,,beam|header|rim_board|structural,R502|R602,N,span|load|bearing_type|end_conditions,,,,,,,ORDER,3,,ESR-1387 rated
LVL-1428,WY-LVL-514-914-44FT,engineered_wood,lvl,microllam,lvl_beam,Microllam LVL 5-1/4x9-1/4x44',,,StructuralNoSub,,,,5.25,,9.25,528,,,5-1/4x9-1/4,LF,EA,44,,,,,,,,,,,,,,,Weyerhaeuser,Microllam,,,,,,,,,,,,,,,,,beam|header|rim_board|structural,R502|R602,N,span|load|bearing_type|end_conditions,,,,,,,ORDER,3,,ESR-1387 rated
LVL-1429,WY-LVL-514-914-48FT,engineered_wood,lvl,microllam,lvl_beam,Microllam LVL 5-1/4x9-1/4x48',,,StructuralNoSub,,,,5.25,,9.25,576,,,5-1/4x9-1/4,LF,EA,48,,,,,,,,,,,,,,,Weyerhaeuser,Microllam,,,,,,,,,,,,,,,,,beam|header|rim_board|structural,R502|R602,N,span|load|bearing_type|end_conditions,,,,,,,ORDER,3,,ESR-1387 rated
LVL-1430,WY-LVL-514-914-52FT,engineered_wood,lvl,microllam,lvl_beam,Microllam LVL 5-1/4x9-1/4x52',,,StructuralNoSub,,,,5.25,,9.25,624,,,5-1/4x9-1/4,LF,EA,52,,,,,,,,,,,,,,,Weyerhaeuser,Microllam,,,,,,,,,,,,,,,,,beam|header|rim_board|structural,R502|R602,N,span|load|bearing_type|end_conditions,,,,,,,ORDER,3,,ESR-1387 rated
LVL-1431,WY-LVL-514-914-56FT,engineered_wood,lvl,microllam,lvl_beam,Microllam LVL 5-1/4x9-1/4x56',,,StructuralNoSub,,,,5.25,,9.25,672,,,5-1/4x9-1/4,LF,EA,56,,,,,,,,,,,,,,,Weyerhaeuser,Microllam,,,,,,,,,,,,,,,,,beam|header|rim_board|structural,R502|R602,N,span|load|bearing_type|end_conditions,,,,,,,ORDER,3,,ESR-1387 rated
LVL-1432,WY-LVL-514-914-60FT,engineered_wood,lvl,microllam,lvl_beam,Microllam LVL 5-1/4x9-1/4x60',,,StructuralNoSub,,,,5.25,,9.25,720,,,5-1/4x9-1/4,LF,EA,60,,,,,,,,,,,,,,,Weyerhaeuser,Microllam,,,,,,,,,,,,,,,,,beam|header|rim_board|structural,R502|R602,N,span|load|bearing_type|end_conditions,,,,,,,ORDER,3,,ESR-1387 rated
LVL-1433,WY-LVL-514-912-20FT,engineered_wood,lvl,microllam,lvl_beam,Microllam LVL 5-1/4x9-1/2x20',,,StructuralNoSub,,,,5.25,,9.5,240,,,5-1/4x9-1/2,LF,EA,20,,,,,,,,,,,,,,,Weyerhaeuser,Microllam,,,,,,,,,,,,,,,,,beam|header|rim_board|structural,R502|R602,N,span|load|bearing_type|end_conditions,,,,,,,ORDER,3,,ESR-1387 rated
LVL-1434,WY-LVL-514-912-24FT,engineered_wood,lvl,microllam,lvl_beam,Microllam LVL 5-1/4x9-1/2x24',,,StructuralNoSub,,,,5.25,,9.5,288,,,5-1/4x9-1/2,LF,EA,24,,,,,,,,,,,,,,,Weyerhaeuser,Microllam,,,,,,,,,,,,,,,,,beam|header|rim_board|structural,R502|R602,N,span|load|bearing_type|end_conditions,,,,,,,ORDER,3,,ESR-1387 rated
LVL-1435,WY-LVL-514-912-28FT,engineered_wood,lvl,microllam,lvl_beam,Microllam LVL 5-1/4x9-1/2x28',,,StructuralNoSub,,,,5.25,,9.5,336,,,5-1/4x9-1/2,LF,EA,28,,,,,,,,,,,,,,,Weyerhaeuser,Microllam,,,,,,,,,,,,,,,,,beam|header|rim_board|structural,R502|R602,N,span|load|bearing_type|end_conditions,,,,,,,ORDER,3,,ESR-1387 rated
LVL-1436,WY-LVL-514-912-32FT,engineered_wood,lvl,microllam,lvl_beam,Microllam LVL 5-1/4x9-1/2x32',,,StructuralNoSub,,,,5.25,,9.5,384,,,5-1/4x9-1/2,LF,EA,32,,,,,,,,,,,,,,,Weyerhaeuser,Microllam,,,,,,,,,,,,,,,,,beam|header|rim_board|structural,R502|R602,N,span|load|bearing_type|end_conditions,,,,,,,ORDER,3,,ESR-1387 rated
LVL-1437,WY-LVL-514-912-36FT,engineered_wood,lvl,microllam,lvl_beam,Microllam LVL 5-1/4x9-1/2x36',,,StructuralNoSub,,,,5.25,,9.5,432,,,5-1/4x9-1/2,LF,EA,36,,,,,,,,,,,,,,,Weyerhaeuser,Microllam,,,,,,,,,,,,,,,,,beam|header|rim_board|structural,R502|R602,N,span|load|bearing_type|end_conditions,,,,,,,ORDER,3,,ESR-1387 rated
LVL-1438,WY-LVL-514-912-40FT,engineered_wood,lvl,microllam,lvl_beam,Microllam LVL 5-1/4x9-1/2x40',,,StructuralNoSub,,,,5.25,,9.5,480,,,5-1/4x9-1/2,LF,EA,40,,,,,,,,,,,,,,,Weyerhaeuser,Microllam,,,,,,,,,,,,,,,,,beam|header|rim_board|structural,R502|R602,N,span|load|bearing_type|end_conditions,,,,,,,ORDER,3,,ESR-1387 rated
LVL-1439,WY-LVL-514-912-44FT,engineered_wood,lvl,microllam,lvl_beam,Microllam LVL 5-1/4x9-1/2x44',,,StructuralNoSub,,,,5.25,,9.5,528,,,5-1/4x9-1/2,LF,EA,44,,,,,,,,,,,,,,,Weyerhaeuser,Microllam,,,,,,,,,,,,,,,,,beam|header|rim_board|structural,R502|R602,N,span|load|bearing_type|end_conditions,,,,,,,ORDER,3,,ESR-1387 rated
LVL-1440,WY-LVL-514-912-48FT,engineered_wood,lvl,microllam,lvl_beam,Microllam LVL 5-1/4x9-1/2x48',,,StructuralNoSub,,,,5.25,,9.5,576,,,5-1/4x9-1/2,LF,EA,48,,,,,,,,,,,,,,,Weyerhaeuser,Microllam,,,,,,,,,,,,,,,,,beam|header|rim_board|structural,R502|R602,N,span|load|bearing_type|end_conditions,,,,,,,ORDER,3,,ESR-1387 rated
LVL-1441,WY-LVL-514-912-52FT,engineered_wood,lvl,microllam,lvl_beam,Microllam LVL 5-1/4x9-1/2x52',,,StructuralNoSub,,,,5.25,,9.5,624,,,5-1/4x9-1/2,LF,EA,52,,,,,,,,,,,,,,,Weyerhaeuser,Microllam,,,,,,,,,,,,,,,,,beam|header|rim_board|structural,R502|R602,N,span|load|bearing_type|end_conditions,,,,,,,ORDER,3,,ESR-1387 rated
LVL-1442,WY-LVL-514-912-56FT,engineered_wood,lvl,microllam,lvl_beam,Microllam LVL 5-1/4x9-1/2x56',,,StructuralNoSub,,,,5.25,,9.5,672,,,5-1/4x9-1/2,LF,EA,56,,,,,,,,,,,,,,,Weyerhaeuser,Microllam,,,,,,,,,,,,,,,,,beam|header|rim_board|structural,R502|R602,N,span|load|bearing_type|end_conditions,,,,,,,ORDER,3,,ESR-1387 rated
LVL-1443,WY-LVL-514-912-60FT,engineered_wood,lvl,microllam,lvl_beam,Microllam LVL 5-1/4x9-1/2x60',,,StructuralNoSub,,,,5.25,,9.5,720,,,5-1/4x9-1/2,LF,EA,60,,,,,,,,,,,,,,,Weyerhaeuser,Microllam,,,,,,,,,,,,,,,,,beam|header|rim_board|structural,R502|R602,N,span|load|bearing_type|end_conditions,,,,,,,ORDER,3,,ESR-1387 rated
LVL-1444,WY-LVL-514-1114-20FT,engineered_wood,lvl,microllam,lvl_beam,Microllam LVL 5-1/4x11-1/4x20',,,StructuralNoSub,,,,5.25,,11.25,240,,,5-1/4x11-1/4,LF,EA,20,,,,,,,,,,,,,,,Weyerhaeuser,Microllam,,,,,,,,,,,,,,,,,beam|header|rim_board|structural,R502|R602,N,span|load|bearing_type|end_conditions,,,,,,,ORDER,3,,ESR-1387 rated
LVL-1445,WY-LVL-514-1114-24FT,engineered_wood,lvl,microllam,lvl_beam,Microllam LVL 5-1/4x11-1/4x24',,,StructuralNoSub,,,,5.25,,11.25,288,,,5-1/4x11-1/4,LF,EA,24,,,,,,,,,,,,,,,Weyerhaeuser,Microllam,,,,,,,,,,,,,,,,,beam|header|rim_board|structural,R502|R602,N,span|load|bearing_type|end_conditions,,,,,,,ORDER,3,,ESR-1387 rated
LVL-1446,WY-LVL-514-1114-28FT,engineered_wood,lvl,microllam,lvl_beam,Microllam LVL 5-1/4x11-1/4x28',,,StructuralNoSub,,,,5.25,,11.25,336,,,5-1/4x11-1/4,LF,EA,28,,,,,,,,,,,,,,,Weyerhaeuser,Microllam,,,,,,,,,,,,,,,,,beam|header|rim_board|structural,R502|R602,N,span|load|bearing_type|end_conditions,,,,,,,ORDER,3,,ESR-1387 rated
LVL-1447,WY-LVL-514-1114-32FT,engineered_wood,lvl,microllam,lvl_beam,Microllam LVL 5-1/4x11-1/4x32',,,StructuralNoSub,,,,5.25,,11.25,384,,,5-1/4x11-1/4,LF,EA,32,,,,,,,,,,,,,,,Weyerhaeuser,Microllam,,,,,,,,,,,,,,,,,beam|header|rim_board|structural,R502|R602,N,span|load|bearing_type|end_conditions,,,,,,,ORDER,3,,ESR-1387 rated
LVL-1448,WY-LVL-514-1114-36FT,engineered_wood,lvl,microllam,lvl_beam,Microllam LVL 5-1/4x11-1/4x36',,,StructuralNoSub,,,,5.25,,11.25,432,,,5-1/4x11-1/4,LF,EA,36,,,,,,,,,,,,,,,Weyerhaeuser,Microllam,,,,,,,,,,,,,,,,,beam|header|rim_board|structural,R502|R602,N,span|load|bearing_type|end_conditions,,,,,,,ORDER,3,,ESR-1387 rated
LVL-1449,WY-LVL-514-1114-40FT,engineered_wood,lvl,microllam,lvl_beam,Microllam LVL 5-1/4x11-1/4x40',,,StructuralNoSub,,,,5.25,,11.25,480,,,5-1/4x11-1/4,LF,EA,40,,,,,,,,,,,,,,,Weyerhaeuser,Microllam,,,,,,,,,,,,,,,,,beam|header|rim_board|structural,R502|R602,N,span|load|bearing_type|end_conditions,,,,,,,ORDER,3,,ESR-1387 rated
LVL-1450,WY-LVL-514-1114-44FT,engineered_wood,lvl,microllam,lvl_beam,Microllam LVL 5-1/4x11-1/4x44',,,StructuralNoSub,,,,5.25,,11.25,528,,,5-1/4x11-1/4,LF,EA,44,,,,,,,,,,,,,,,Weyerhaeuser,Microllam,,,,,,,,,,,,,,,,,beam|header|rim_board|structural,R502|R602,N,span|load|bearing_type|end_conditions,,,,,,,ORDER,3,,ESR-1387 rated
LVL-1451,WY-LVL-514-1114-48FT,engineered_wood,lvl,microllam,lvl_beam,Microllam LVL 5-1/4x11-1/4x48',,,StructuralNoSub,,,,5.25,,11.25,576,,,5-1/4x11-1/4,LF,EA,48,,,,,,,,,,,,,,,Weyerhaeuser,Microllam,,,,,,,,,,,,,,,,,beam|header|rim_board|structural,R502|R602,N,span|load|bearing_type|end_conditions,,,,,,,ORDER,3,,ESR-1387 rated
LVL-1452,WY-LVL-514-1114-52FT,engineered_wood,lvl,microllam,lvl_beam,Microllam LVL 5-1/4x11-1/4x52',,,StructuralNoSub,,,,5.25,,11.25,624,,,5-1/4x11-1/4,LF,EA,52,,,,,,,,,,,,,,,Weyerhaeuser,Microllam,,,,,,,,,,,,,,,,,beam|header|rim_board|structural,R502|R602,N,span|load|bearing_type|end_conditions,,,,,,,ORDER,3,,ESR-1387 rated
LVL-1453,WY-LVL-514-1114-56FT,engineered_wood,lvl,microllam,lvl_beam,Microllam LVL 5-1/4x11-1/4x56',,,StructuralNoSub,,,,5.25,,11.25,672,,,5-1/4x11-1/4,LF,EA,56,,,,,,,,,,,,,,,Weyerhaeuser,Microllam,,,,,,,,,,,,,,,,,beam|header|rim_board|structural,R502|R602,N,span|load|bearing_type|end_conditions,,,,,,,ORDER,3,,ESR-1387 rated
LVL-1454,WY-LVL-514-1114-60FT,engineered_wood,lvl,microllam,lvl_beam,Microllam LVL 5-1/4x11-1/4x60',,,StructuralNoSub,,,,5.25,,11.25,720,,,5-1/4x11-1/4,LF,EA,60,,,,,,,,,,,,,,,Weyerhaeuser,Microllam,,,,,,,,,,,,,,,,,beam|header|rim_board|structural,R502|R602,N,span|load|bearing_type|end_conditions,,,,,,,ORDER,3,,ESR-1387 rated
LVL-1455,WY-LVL-514-1178-20FT,engineered_wood,lvl,microllam,lvl_beam,Microllam LVL 5-1/4x11-7/8x20',,,StructuralNoSub,,,,5.25,,11.875,240,,,5-1/4x11-7/8,LF,EA,20,,,,,,,,,,,,,,,Weyerhaeuser,Microllam,,,,,,,,,,,,,,,,,beam|header|rim_board|structural,R502|R602,N,span|load|bearing_type|end_conditions,,,,,,,ORDER,3,,ESR-1387 rated
LVL-1456,WY-LVL-514-1178-24FT,engineered_wood,lvl,microllam,lvl_beam,Microllam LVL 5-1/4x11-7/8x24',,,StructuralNoSub,,,,5.25,,11.875,288,,,5-1/4x11-7/8,LF,EA,24,,,,,,,,,,,,,,,Weyerhaeuser,Microllam,,,,,,,,,,,,,,,,,beam|header|rim_board|structural,R502|R602,N,span|load|bearing_type|end_conditions,,,,,,,ORDER,3,,ESR-1387 rated
LVL-1457,WY-LVL-514-1178-28FT,engineered_wood,lvl,microllam,lvl_beam,Microllam LVL 5-1/4x11-7/8x28',,,StructuralNoSub,,,,5.25,,11.875,336,,,5-1/4x11-7/8,LF,EA,28,,,,,,,,,,,,,,,Weyerhaeuser,Microllam,,,,,,,,,,,,,,,,,beam|header|rim_board|structural,R502|R602,N,span|load|bearing_type|end_conditions,,,,,,,ORDER,3,,ESR-1387 rated
LVL-1458,WY-LVL-514-1178-32FT,engineered_wood,lvl,microllam,lvl_beam,Microllam LVL 5-1/4x11-7/8x32',,,StructuralNoSub,,,,5.25,,11.875,384,,,5-1/4x11-7/8,LF,EA,32,,,,,,,,,,,,,,,Weyerhaeuser,Microllam,,,,,,,,,,,,,,,,,beam|header|rim_board|structural,R502|R602,N,span|load|bearing_type|end_conditions,,,,,,,ORDER,3,,ESR-1387 rated
LVL-1459,WY-LVL-514-1178-36FT,engineered_wood,lvl,microllam,lvl_beam,Microllam LVL 5-1/4x11-7/8x36',,,StructuralNoSub,,,,5.25,,11.875,432,,,5-1/4x11-7/8,LF,EA,36,,,,,,,,,,,,,,,Weyerhaeuser,Microllam,,,,,,,,,,,,,,,,,beam|header|rim_board|structural,R502|R602,N,span|load|bearing_type|end_conditions,,,,,,,ORDER,3,,ESR-1387 rated
LVL-1460,WY-LVL-514-1178-40FT,engineered_wood,lvl,microllam,lvl_beam,Microllam LVL 5-1/4x11-7/8x40',,,StructuralNoSub,,,,5.25,,11.875,480,,,5-1/4x11-7/8,LF,EA,40,,,,,,,,,,,,,,,Weyerhaeuser,Microllam,,,,,,,,,,,,,,,,,beam|header|rim_board|structural,R502|R602,N,span|load|bearing_type|end_conditions,,,,,,,ORDER,3,,ESR-1387 rated
LVL-1461,WY-LVL-514-1178-44FT,engineered_wood,lvl,microllam,lvl_beam,Microllam LVL 5-1/4x11-7/8x44',,,StructuralNoSub,,,,5.25,,11.875,528,,,5-1/4x11-7/8,LF,EA,44,,,,,,,,,,,,,,,Weyerhaeuser,Microllam,,,,,,,,,,,,,,,,,beam|header|rim_board|structural,R502|R602,N,span|load|bearing_type|end_conditions,,,,,,,ORDER,3,,ESR-1387 rated
LVL-1462,WY-LVL-514-1178-48FT,engineered_wood,lvl,microllam,lvl_beam,Microllam LVL 5-1/4x11-7/8x48',,,StructuralNoSub,,,,5.25,,11.875,576,,,5-1/4x11-7/8,LF,EA,48,,,,,,,,,,,,,,,Weyerhaeuser,Microllam,,,,,,,,,,,,,,,,,beam|header|rim_board|structural,R502|R602,N,span|load|bearing_type|end_conditions,,,,,,,ORDER,3,,ESR-1387 rated
LVL-1463,WY-LVL-514-1178-52FT,engineered_wood,lvl,microllam,lvl_beam,Microllam LVL 5-1/4x11-7/8x52',,,StructuralNoSub,,,,5.25,,11.875,624,,,5-1/4x11-7/8,LF,EA,52,,,,,,,,,,,,,,,Weyerhaeuser,Microllam,,,,,,,,,,,,,,,,,beam|header|rim_board|structural,R502|R602,N,span|load|bearing_type|end_conditions,,,,,,,ORDER,3,,ESR-1387 rated
LVL-1464,WY-LVL-514-1178-56FT,engineered_wood,lvl,microllam,lvl_beam,Microllam LVL 5-1/4x11-7/8x56',,,StructuralNoSub,,,,5.25,,11.875,672,,,5-1/4x11-7/8,LF,EA,56,,,,,,,,,,,,,,,Weyerhaeuser,Microllam,,,,,,,,,,,,,,,,,beam|header|rim_board|structural,R502|R602,N,span|load|bearing_type|end_conditions,,,,,,,ORDER,3,,ESR-1387 rated
LVL-1465,WY-LVL-514-1178-60FT,engineered_wood,lvl,microllam,lvl_beam,Microllam LVL 5-1/4x11-7/8x60',,,StructuralNoSub,,,,5.25,,11.875,720,,,5-1/4x11-7/8,LF,EA,60,,,,,,,,,,,,,,,Weyerhaeuser,Microllam,,,,,,,,,,,,,,,,,beam|header|rim_board|structural,R502|R602,N,span|load|bearing_type|end_conditions,,,,,,,ORDER,3,,ESR-1387 rated
LVL-1466,WY-LVL-514-14-20FT,engineered_wood,lvl,microllam,lvl_beam,Microllam LVL 5-1/4x14x20',,,StructuralNoSub,,,,5.25,,14,240,,,5-1/4x14,LF,EA,20,,,,,,,,,,,,,,,Weyerhaeuser,Microllam,,,,,,,,,,,,,,,,,beam|header|rim_board|structural,R502|R602,N,span|load|bearing_type|end_conditions,,,,,,,ORDER,3,,ESR-1387 rated
LVL-1467,WY-LVL-514-14-24FT,engineered_wood,lvl,microllam,lvl_beam,Microllam LVL 5-1/4x14x24',,,StructuralNoSub,,,,5.25,,14,288,,,5-1/4x14,LF,EA,24,,,,,,,,,,,,,,,Weyerhaeuser,Microllam,,,,,,,,,,,,,,,,,beam|header|rim_board|structural,R502|R602,N,span|load|bearing_type|end_conditions,,,,,,,ORDER,3,,ESR-1387 rated
LVL-1468,WY-LVL-514-14-28FT,engineered_wood,lvl,microllam,lvl_beam,Microllam LVL 5-1/4x14x28',,,StructuralNoSub,,,,5.25,,14,336,,,5-1/4x14,LF,EA,28,,,,,,,,,,,,,,,Weyerhaeuser,Microllam,,,,,,,,,,,,,,,,,beam|header|rim_board|structural,R502|R602,N,span|load|bearing_type|end_conditions,,,,,,,ORDER,3,,ESR-1387 rated
LVL-1469,WY-LVL-514-14-32FT,engineered_wood,lvl,microllam,lvl_beam,Microllam LVL 5-1/4x14x32',,,StructuralNoSub,,,,5.25,,14,384,,,5-1/4x14,LF,EA,32,,,,,,,,,,,,,,,Weyerhaeuser,Microllam,,,,,,,,,,,,,,,,,beam|header|rim_board|structural,R502|R602,N,span|load|bearing_type|end_conditions,,,,,,,ORDER,3,,ESR-1387 rated
LVL-1470,WY-LVL-514-14-36FT,engineered_wood,lvl,microllam,lvl_beam,Microllam LVL 5-1/4x14x36',,,StructuralNoSub,,,,5.25,,14,432,,,5-1/4x14,LF,EA,36,,,,,,,,,,,,,,,Weyerhaeuser,Microllam,,,,,,,,,,,,,,,,,beam|header|rim_board|structural,R502|R602,N,span|load|bearing_type|end_conditions,,,,,,,ORDER,3,,ESR-1387 rated
LVL-1471,WY-LVL-514-14-40FT,engineered_wood,lvl,microllam,lvl_beam,Microllam LVL 5-1/4x14x40',,,StructuralNoSub,,,,5.25,,14,480,,,5-1/4x14,LF,EA,40,,,,,,,,,,,,,,,Weyerhaeuser,Microllam,,,,,,,,,,,,,,,,,beam|header|rim_board|structural,R502|R602,N,span|load|bearing_type|end_conditions,,,,,,,ORDER,3,,ESR-1387 rated
LVL-1472,WY-LVL-514-14-44FT,engineered_wood,lvl,microllam,lvl_beam,Microllam LVL 5-1/4x14x44',,,StructuralNoSub,,,,5.25,,14,528,,,5-1/4x14,LF,EA,44,,,,,,,,,,,,,,,Weyerhaeuser,Microllam,,,,,,,,,,,,,,,,,beam|header|rim_board|structural,R502|R602,N,span|load|bearing_type|end_conditions,,,,,,,ORDER,3,,ESR-1387 rated
LVL-1473,WY-LVL-514-14-48FT,engineered_wood,lvl,microllam,lvl_beam,Microllam LVL 5-1/4x14x48',,,StructuralNoSub,,,,5.25,,14,576,,,5-1/4x14,LF,EA,48,,,,,,,,,,,,,,,Weyerhaeuser,Microllam,,,,,,,,,,,,,,,,,beam|header|rim_board|structural,R502|R602,N,span|load|bearing_type|end_conditions,,,,,,,ORDER,3,,ESR-1387 rated
LVL-1474,WY-LVL-514-14-52FT,engineered_wood,lvl,microllam,lvl_beam,Microllam LVL 5-1/4x14x52',,,StructuralNoSub,,,,5.25,,14,624,,,5-1/4x14,LF,EA,52,,,,,,,,,,,,,,,Weyerhaeuser,Microllam,,,,,,,,,,,,,,,,,beam|header|rim_board|structural,R502|R602,N,span|load|bearing_type|end_conditions,,,,,,,ORDER,3,,ESR-1387 rated
LVL-1475,WY-LVL-514-14-56FT,engineered_wood,lvl,microllam,lvl_beam,Microllam LVL 5-1/4x14x56',,,StructuralNoSub,,,,5.25,,14,672,,,5-1/4x14,LF,EA,56,,,,,,,,,,,,,,,Weyerhaeuser,Microllam,,,,,,,,,,,,,,,,,beam|header|rim_board|structural,R502|R602,N,span|load|bearing_type|end_conditions,,,,,,,ORDER,3,,ESR-1387 rated
LVL-1476,WY-LVL-514-14-60FT,engineered_wood,lvl,microllam,lvl_beam,Microllam LVL 5-1/4x14x60',,,StructuralNoSub,,,,5.25,,14,720,,,5-1/4x14,LF,EA,60,,,,,,,,,,,,,,,Weyerhaeuser,Microllam,,,,,,,,,,,,,,,,,beam|header|rim_board|structural,R502|R602,N,span|load|bearing_type|end_conditions,,,,,,,ORDER,3,,ESR-1387 rated
LVL-1477,WY-LVL-514-16-20FT,engineered_wood,lvl,microllam,lvl_beam,Microllam LVL 5-1/4x16x20',,,StructuralNoSub,,,,5.25,,16,240,,,5-1/4x16,LF,EA,20,,,,,,,,,,,,,,,Weyerhaeuser,Microllam,,,,,,,,,,,,,,,,,beam|header|rim_board|structural,R502|R602,N,span|load|bearing_type|end_conditions,,,,,,,ORDER,3,,ESR-1387 rated
LVL-1478,WY-LVL-514-16-24FT,engineered_wood,lvl,microllam,lvl_beam,Microllam LVL 5-1/4x16x24',,,StructuralNoSub,,,,5.25,,16,288,,,5-1/4x16,LF,EA,24,,,,,,,,,,,,,,,Weyerhaeuser,Microllam,,,,,,,,,,,,,,,,,beam|header|rim_board|structural,R502|R602,N,span|load|bearing_type|end_conditions,,,,,,,ORDER,3,,ESR-1387 rated
LVL-1479,WY-LVL-514-16-28FT,engineered_wood,lvl,microllam,lvl_beam,Microllam LVL 5-1/4x16x28',,,StructuralNoSub,,,,5.25,,16,336,,,5-1/4x16,LF,EA,28,,,,,,,,,,,,,,,Weyerhaeuser,Microllam,,,,,,,,,,,,,,,,,beam|header|rim_board|structural,R502|R602,N,span|load|bearing_type|end_conditions,,,,,,,ORDER,3,,ESR-1387 rated
LVL-1480,WY-LVL-514-16-32FT,engineered_wood,lvl,microllam,lvl_beam,Microllam LVL 5-1/4x16x32',,,StructuralNoSub,,,,5.25,,16,384,,,5-1/4x16,LF,EA,32,,,,,,,,,,,,,,,Weyerhaeuser,Microllam,,,,,,,,,,,,,,,,,beam|header|rim_board|structural,R502|R602,N,span|load|bearing_type|end_conditions,,,,,,,ORDER,3,,ESR-1387 rated
LVL-1481,WY-LVL-514-16-36FT,engineered_wood,lvl,microllam,lvl_beam,Microllam LVL 5-1/4x16x36',,,StructuralNoSub,,,,5.25,,16,432,,,5-1/4x16,LF,EA,36,,,,,,,,,,,,,,,Weyerhaeuser,Microllam,,,,,,,,,,,,,,,,,beam|header|rim_board|structural,R502|R602,N,span|load|bearing_type|end_conditions,,,,,,,ORDER,3,,ESR-1387 rated
LVL-1482,WY-LVL-514-16-40FT,engineered_wood,lvl,microllam,lvl_beam,Microllam LVL 5-1/4x16x40',,,StructuralNoSub,,,,5.25,,16,480,,,5-1/4x16,LF,EA,40,,,,,,,,,,,,,,,Weyerhaeuser,Microllam,,,,,,,,,,,,,,,,,beam|header|rim_board|structural,R502|R602,N,span|load|bearing_type|end_conditions,,,,,,,ORDER,3,,ESR-1387 rated
LVL-1483,WY-LVL-514-16-44FT,engineered_wood,lvl,microllam,lvl_beam,Microllam LVL 5-1/4x16x44',,,StructuralNoSub,,,,5.25,,16,528,,,5-1/4x16,LF,EA,44,,,,,,,,,,,,,,,Weyerhaeuser,Microllam,,,,,,,,,,,,,,,,,beam|header|rim_board|structural,R502|R602,N,span|load|bearing_type|end_conditions,,,,,,,ORDER,3,,ESR-1387 rated
LVL-1484,WY-LVL-514-16-48FT,engineered_wood,lvl,microllam,lvl_beam,Microllam LVL 5-1/4x16x48',,,StructuralNoSub,,,,5.25,,16,576,,,5-1/4x16,LF,EA,48,,,,,,,,,,,,,,,Weyerhaeuser,Microllam,,,,,,,,,,,,,,,,,beam|header|rim_board|structural,R502|R602,N,span|load|bearing_type|end_conditions,,,,,,,ORDER,3,,ESR-1387 rated
LVL-1485,WY-LVL-514-16-52FT,engineered_wood,lvl,microllam,lvl_beam,Microllam LVL 5-1/4x16x52',,,StructuralNoSub,,,,5.25,,16,624,,,5-1/4x16,LF,EA,52,,,,,,,,,,,,,,,Weyerhaeuser,Microllam,,,,,,,,,,,,,,,,,beam|header|rim_board|structural,R502|R602,N,span|load|bearing_type|end_conditions,,,,,,,ORDER,3,,ESR-1387 rated
LVL-1486,WY-LVL-514-16-56FT,engineered_wood,lvl,microllam,lvl_beam,Microllam LVL 5-1/4x16x56',,,StructuralNoSub,,,,5.25,,16,672,,,5-1/4x16,LF,EA,56,,,,,,,,,,,,,,,Weyerhaeuser,Microllam,,,,,,,,,,,,,,,,,beam|header|rim_board|structural,R502|R602,N,span|load|bearing_type|end_conditions,,,,,,,ORDER,3,,ESR-1387 rated
LVL-1487,WY-LVL-514-16-60FT,engineered_wood,lvl,microllam,lvl_beam,Microllam LVL 5-1/4x16x60',,,StructuralNoSub,,,,5.25,,16,720,,,5-1/4x16,LF,EA,60,,,,,,,,,,,,,,,Weyerhaeuser,Microllam,,,,,,,,,,,,,,,,,beam|header|rim_board|structural,R502|R602,N,span|load|bearing_type|end_conditions,,,,,,,ORDER,3,,ESR-1387 rated
LVL-1488,WY-LVL-514-18-20FT,engineered_wood,lvl,microllam,lvl_beam,Microllam LVL 5-1/4x18x20',,,StructuralNoSub,,,,5.25,,18,240,,,5-1/4x18,LF,EA,20,,,,,,,,,,,,,,,Weyerhaeuser,Microllam,,,,,,,,,,,,,,,,,beam|header|rim_board|structural,R502|R602,N,span|load|bearing_type|end_conditions,,,,,,,ORDER,3,,ESR-1387 rated
LVL-1489,WY-LVL-514-18-24FT,engineered_wood,lvl,microllam,lvl_beam,Microllam LVL 5-1/4x18x24',,,StructuralNoSub,,,,5.25,,18,288,,,5-1/4x18,LF,EA,24,,,,,,,,,,,,,,,Weyerhaeuser,Microllam,,,,,,,,,,,,,,,,,beam|header|rim_board|structural,R502|R602,N,span|load|bearing_type|end_conditions,,,,,,,ORDER,3,,ESR-1387 rated
LVL-1490,WY-LVL-514-18-28FT,engineered_wood,lvl,microllam,lvl_beam,Microllam LVL 5-1/4x18x28',,,StructuralNoSub,,,,5.25,,18,336,,,5-1/4x18,LF,EA,28,,,,,,,,,,,,,,,Weyerhaeuser,Microllam,,,,,,,,,,,,,,,,,beam|header|rim_board|structural,R502|R602,N,span|load|bearing_type|end_conditions,,,,,,,ORDER,3,,ESR-1387 rated
LVL-1491,WY-LVL-514-18-32FT,engineered_wood,lvl,microllam,lvl_beam,Microllam LVL 5-1/4x18x32',,,StructuralNoSub,,,,5.25,,18,384,,,5-1/4x18,LF,EA,32,,,,,,,,,,,,,,,Weyerhaeuser,Microllam,,,,,,,,,,,,,,,,,beam|header|rim_board|structural,R502|R602,N,span|load|bearing_type|end_conditions,,,,,,,ORDER,3,,ESR-1387 rated
LVL-1492,WY-LVL-514-18-36FT,engineered_wood,lvl,microllam,lvl_beam,Microllam LVL 5-1/4x18x36',,,StructuralNoSub,,,,5.25,,18,432,,,5-1/4x18,LF,EA,36,,,,,,,,,,,,,,,Weyerhaeuser,Microllam,,,,,,,,,,,,,,,,,beam|header|rim_board|structural,R502|R602,N,span|load|bearing_type|end_conditions,,,,,,,ORDER,3,,ESR-1387 rated
LVL-1493,WY-LVL-514-18-40FT,engineered_wood,lvl,microllam,lvl_beam,Microllam LVL 5-1/4x18x40',,,StructuralNoSub,,,,5.25,,18,480,,,5-1/4x18,LF,EA,40,,,,,,,,,,,,,,,Weyerhaeuser,Microllam,,,,,,,,,,,,,,,,,beam|header|rim_board|structural,R502|R602,N,span|load|bearing_type|end_conditions,,,,,,,ORDER,3,,ESR-1387 rated
LVL-1494,WY-LVL-514-18-44FT,engineered_wood,lvl,microllam,lvl_beam,Microllam LVL 5-1/4x18x44',,,StructuralNoSub,,,,5.25,,18,528,,,5-1/4x18,LF,EA,44,,,,,,,,,,,,,,,Weyerhaeuser,Microllam,,,,,,,,,,,,,,,,,beam|header|rim_board|structural,R502|R602,N,span|load|bearing_type|end_conditions,,,,,,,ORDER,3,,ESR-1387 rated
LVL-1495,WY-LVL-514-18-48FT,engineered_wood,lvl,microllam,lvl_beam,Microllam LVL 5-1/4x18x48',,,StructuralNoSub,,,,5.25,,18,576,,,5-1/4x18,LF,EA,48,,,,,,,,,,,,,,,Weyerhaeuser,Microllam,,,,,,,,,,,,,,,,,beam|header|rim_board|structural,R502|R602,N,span|load|bearing_type|end_conditions,,,,,,,ORDER,3,,ESR-1387 rated
LVL-1496,WY-LVL-514-18-52FT,engineered_wood,lvl,microllam,lvl_beam,Microllam LVL 5-1/4x18x52',,,StructuralNoSub,,,,5.25,,18,624,,,5-1/4x18,LF,EA,52,,,,,,,,,,,,,,,Weyerhaeuser,Microllam,,,,,,,,,,,,,,,,,beam|header|rim_board|structural,R502|R602,N,span|load|bearing_type|end_conditions,,,,,,,ORDER,3,,ESR-1387 rated
LVL-1497,WY-LVL-514-18-56FT,engineered_wood,lvl,microllam,lvl_beam,Microllam LVL 5-1/4x18x56',,,StructuralNoSub,,,,5.25,,18,672,,,5-1/4x18,LF,EA,56,,,,,,,,,,,,,,,Weyerhaeuser,Microllam,,,,,,,,,,,,,,,,,beam|header|rim_board|structural,R502|R602,N,span|load|bearing_type|end_conditions,,,,,,,ORDER,3,,ESR-1387 rated
LVL-1498,WY-LVL-514-18-60FT,engineered_wood,lvl,microllam,lvl_beam,Microllam LVL 5-1/4x18x60',,,StructuralNoSub,,,,5.25,,18,720,,,5-1/4x18,LF,EA,60,,,,,,,,,,,,,,,Weyerhaeuser,Microllam,,,,,,,,,,,,,,,,,beam|header|rim_board|structural,R502|R602,N,span|load|bearing_type|end_conditions,,,,,,,ORDER,3,,ESR-1387 rated
LVL-1499,WY-LVL-514-20-20FT,engineered_wood,lvl,microllam,lvl_beam,Microllam LVL 5-1/4x20x20',,,StructuralNoSub,,,,5.25,,20,240,,,5-1/4x20,LF,EA,20,,,,,,,,,,,,,,,Weyerhaeuser,Microllam,,,,,,,,,,,,,,,,,beam|header|rim_board|structural,R502|R602,N,span|load|bearing_type|end_conditions,,,,,,,ORDER,3,,ESR-1387 rated
LVL-1500,WY-LVL-514-20-24FT,engineered_wood,lvl,microllam,lvl_beam,Microllam LVL 5-1/4x20x24',,,StructuralNoSub,,,,5.25,,20,288,,,5-1/4x20,LF,EA,24,,,,,,,,,,,,,,,Weyerhaeuser,Microllam,,,,,,,,,,,,,,,,,beam|header|rim_board|structural,R502|R602,N,span|load|bearing_type|end_conditions,,,,,,,ORDER,3,,ESR-1387 rated
LVL-1501,WY-LVL-514-20-28FT,engineered_wood,lvl,microllam,lvl_beam,Microllam LVL 5-1/4x20x28',,,StructuralNoSub,,,,5.25,,20,336,,,5-1/4x20,LF,EA,28,,,,,,,,,,,,,,,Weyerhaeuser,Microllam,,,,,,,,,,,,,,,,,beam|header|rim_board|structural,R502|R602,N,span|load|bearing_type|end_conditions,,,,,,,ORDER,3,,ESR-1387 rated
LVL-1502,WY-LVL-514-20-32FT,engineered_wood,lvl,microllam,lvl_beam,Microllam LVL 5-1/4x20x32',,,StructuralNoSub,,,,5.25,,20,384,,,5-1/4x20,LF,EA,32,,,,,,,,,,,,,,,Weyerhaeuser,Microllam,,,,,,,,,,,,,,,,,beam|header|rim_board|structural,R502|R602,N,span|load|bearing_type|end_conditions,,,,,,,ORDER,3,,ESR-1387 rated
LVL-1503,WY-LVL-514-20-36FT,engineered_wood,lvl,microllam,lvl_beam,Microllam LVL 5-1/4x20x36',,,StructuralNoSub,,,,5.25,,20,432,,,5-1/4x20,LF,EA,36,,,,,,,,,,,,,,,Weyerhaeuser,Microllam,,,,,,,,,,,,,,,,,beam|header|rim_board|structural,R502|R602,N,span|load|bearing_type|end_conditions,,,,,,,ORDER,3,,ESR-1387 rated
LVL-1504,WY-LVL-514-20-40FT,engineered_wood,lvl,microllam,lvl_beam,Microllam LVL 5-1/4x20x40',,,StructuralNoSub,,,,5.25,,20,480,,,5-1/4x20,LF,EA,40,,,,,,,,,,,,,,,Weyerhaeuser,Microllam,,,,,,,,,,,,,,,,,beam|header|rim_board|structural,R502|R602,N,span|load|bearing_type|end_conditions,,,,,,,ORDER,3,,ESR-1387 rated
LVL-1505,WY-LVL-514-20-44FT,engineered_wood,lvl,microllam,lvl_beam,Microllam LVL 5-1/4x20x44',,,StructuralNoSub,,,,5.25,,20,528,,,5-1/4x20,LF,EA,44,,,,,,,,,,,,,,,Weyerhaeuser,Microllam,,,,,,,,,,,,,,,,,beam|header|rim_board|structural,R502|R602,N,span|load|bearing_type|end_conditions,,,,,,,ORDER,3,,ESR-1387 rated
LVL-1506,WY-LVL-514-20-48FT,engineered_wood,lvl,microllam,lvl_beam,Microllam LVL 5-1/4x20x48',,,StructuralNoSub,,,,5.25,,20,576,,,5-1/4x20,LF,EA,48,,,,,,,,,,,,,,,Weyerhaeuser,Microllam,,,,,,,,,,,,,,,,,beam|header|rim_board|structural,R502|R602,N,span|load|bearing_type|end_conditions,,,,,,,ORDER,3,,ESR-1387 rated
LVL-1507,WY-LVL-514-20-52FT,engineered_wood,lvl,microllam,lvl_beam,Microllam LVL 5-1/4x20x52',,,StructuralNoSub,,,,5.25,,20,624,,,5-1/4x20,LF,EA,52,,,,,,,,,,,,,,,Weyerhaeuser,Microllam,,,,,,,,,,,,,,,,,beam|header|rim_board|structural,R502|R602,N,span|load|bearing_type|end_conditions,,,,,,,ORDER,3,,ESR-1387 rated
LVL-1508,WY-LVL-514-20-56FT,engineered_wood,lvl,microllam,lvl_beam,Microllam LVL 5-1/4x20x56',,,StructuralNoSub,,,,5.25,,20,672,,,5-1/4x20,LF,EA,56,,,,,,,,,,,,,,,Weyerhaeuser,Microllam,,,,,,,,,,,,,,,,,beam|header|rim_board|structural,R502|R602,N,span|load|bearing_type|end_conditions,,,,,,,ORDER,3,,ESR-1387 rated
LVL-1509,WY-LVL-514-20-60FT,engineered_wood,lvl,microllam,lvl_beam,Microllam LVL 5-1/4x20x60',,,StructuralNoSub,,,,5.25,,20,720,,,5-1/4x20,LF,EA,60,,,,,,,,,,,,,,,Weyerhaeuser,Microllam,,,,,,,,,,,,,,,,,beam|header|rim_board|structural,R502|R602,N,span|load|bearing_type|end_conditions,,,,,,,ORDER,3,,ESR-1387 rated
LVL-1510,WY-LVL-514-24-20FT,engineered_wood,lvl,microllam,lvl_beam,Microllam LVL 5-1/4x24x20',,,StructuralNoSub,,,,5.25,,24,240,,,5-1/4x24,LF,EA,20,,,,,,,,,,,,,,,Weyerhaeuser,Microllam,,,,,,,,,,,,,,,,,beam|header|rim_board|structural,R502|R602,N,span|load|bearing_type|end_conditions,,,,,,,ORDER,3,,ESR-1387 rated
LVL-1511,WY-LVL-514-24-24FT,engineered_wood,lvl,microllam,lvl_beam,Microllam LVL 5-1/4x24x24',,,StructuralNoSub,,,,5.25,,24,288,,,5-1/4x24,LF,EA,24,,,,,,,,,,,,,,,Weyerhaeuser,Microllam,,,,,,,,,,,,,,,,,beam|header|rim_board|structural,R502|R602,N,span|load|bearing_type|end_conditions,,,,,,,ORDER,3,,ESR-1387 rated
LVL-1512,WY-LVL-514-24-28FT,engineered_wood,lvl,microllam,lvl_beam,Microllam LVL 5-1/4x24x28',,,StructuralNoSub,,,,5.25,,24,336,,,5-1/4x24,LF,EA,28,,,,,,,,,,,,,,,Weyerhaeuser,Microllam,,,,,,,,,,,,,,,,,beam|header|rim_board|structural,R502|R602,N,span|load|bearing_type|end_conditions,,,,,,,ORDER,3,,ESR-1387 rated
LVL-1513,WY-LVL-514-24-32FT,engineered_wood,lvl,microllam,lvl_beam,Microllam LVL 5-1/4x24x32',,,StructuralNoSub,,,,5.25,,24,384,,,5-1/4x24,LF,EA,32,,,,,,,,,,,,,,,Weyerhaeuser,Microllam,,,,,,,,,,,,,,,,,beam|header|rim_board|structural,R502|R602,N,span|load|bearing_type|end_conditions,,,,,,,ORDER,3,,ESR-1387 rated
LVL-1514,WY-LVL-514-24-36FT,engineered_wood,lvl,microllam,lvl_beam,Microllam LVL 5-1/4x24x36',,,StructuralNoSub,,,,5.25,,24,432,,,5-1/4x24,LF,EA,36,,,,,,,,,,,,,,,Weyerhaeuser,Microllam,,,,,,,,,,,,,,,,,beam|header|rim_board|structural,R502|R602,N,span|load|bearing_type|end_conditions,,,,,,,ORDER,3,,ESR-1387 rated
LVL-1515,WY-LVL-514-24-40FT,engineered_wood,lvl,microllam,lvl_beam,Microllam LVL 5-1/4x24x40',,,StructuralNoSub,,,,5.25,,24,480,,,5-1/4x24,LF,EA,40,,,,,,,,,,,,,,,Weyerhaeuser,Microllam,,,,,,,,,,,,,,,,,beam|header|rim_board|structural,R502|R602,N,span|load|bearing_type|end_conditions,,,,,,,ORDER,3,,ESR-1387 rated
LVL-1516,WY-LVL-514-24-44FT,engineered_wood,lvl,microllam,lvl_beam,Microllam LVL 5-1/4x24x44',,,StructuralNoSub,,,,5.25,,24,528,,,5-1/4x24,LF,EA,44,,,,,,,,,,,,,,,Weyerhaeuser,Microllam,,,,,,,,,,,,,,,,,beam|header|rim_board|structural,R502|R602,N,span|load|bearing_type|end_conditions,,,,,,,ORDER,3,,ESR-1387 rated
LVL-1517,WY-LVL-514-24-48FT,engineered_wood,lvl,microllam,lvl_beam,Microllam LVL 5-1/4x24x48',,,StructuralNoSub,,,,5.25,,24,576,,,5-1/4x24,LF,EA,48,,,,,,,,,,,,,,,Weyerhaeuser,Microllam,,,,,,,,,,,,,,,,,beam|header|rim_board|structural,R502|R602,N,span|load|bearing_type|end_conditions,,,,,,,ORDER,3,,ESR-1387 rated
LVL-1518,WY-LVL-514-24-52FT,engineered_wood,lvl,microllam,lvl_beam,Microllam LVL 5-1/4x24x52',,,StructuralNoSub,,,,5.25,,24,624,,,5-1/4x24,LF,EA,52,,,,,,,,,,,,,,,Weyerhaeuser,Microllam,,,,,,,,,,,,,,,,,beam|header|rim_board|structural,R502|R602,N,span|load|bearing_type|end_conditions,,,,,,,ORDER,3,,ESR-1387 rated
LVL-1519,WY-LVL-514-24-56FT,engineered_wood,lvl,microllam,lvl_beam,Microllam LVL 5-1/4x24x56',,,StructuralNoSub,,,,5.25,,24,672,,,5-1/4x24,LF,EA,56,,,,,,,,,,,,,,,Weyerhaeuser,Microllam,,,,,,,,,,,,,,,,,beam|header|rim_board|structural,R502|R602,N,span|load|bearing_type|end_conditions,,,,,,,ORDER,3,,ESR-1387 rated
LVL-1520,WY-LVL-514-24-60FT,engineered_wood,lvl,microllam,lvl_beam,Microllam LVL 5-1/4x24x60',,,StructuralNoSub,,,,5.25,,24,720,,,5-1/4x24,LF,EA,60,,,,,,,,,,,,,,,Weyerhaeuser,Microllam,,,,,,,,,,,,,,,,,beam|header|rim_board|structural,R502|R602,N,span|load|bearing_type|end_conditions,,,,,,,ORDER,3,,ESR-1387 rated
LVL-1521,WY-LVL-7-914-20FT,engineered_wood,lvl,microllam,lvl_beam,Microllam LVL 7x9-1/4x20',,,StructuralNoSub,,,,7,,9.25,240,,,7x9-1/4,LF,EA,20,,,,,,,,,,,,,,,Weyerhaeuser,Microllam,,,,,,,,,,,,,,,,,beam|header|rim_board|structural,R502|R602,N,span|load|bearing_type|end_conditions,,,,,,,ORDER,3,,ESR-1387 rated
LVL-1522,WY-LVL-7-914-24FT,engineered_wood,lvl,microllam,lvl_beam,Microllam LVL 7x9-1/4x24',,,StructuralNoSub,,,,7,,9.25,288,,,7x9-1/4,LF,EA,24,,,,,,,,,,,,,,,Weyerhaeuser,Microllam,,,,,,,,,,,,,,,,,beam|header|rim_board|structural,R502|R602,N,span|load|bearing_type|end_conditions,,,,,,,ORDER,3,,ESR-1387 rated
LVL-1523,WY-LVL-7-914-28FT,engineered_wood,lvl,microllam,lvl_beam,Microllam LVL 7x9-1/4x28',,,StructuralNoSub,,,,7,,9.25,336,,,7x9-1/4,LF,EA,28,,,,,,,,,,,,,,,Weyerhaeuser,Microllam,,,,,,,,,,,,,,,,,beam|header|rim_board|structural,R502|R602,N,span|load|bearing_type|end_conditions,,,,,,,ORDER,3,,ESR-1387 rated
LVL-1524,WY-LVL-7-914-32FT,engineered_wood,lvl,microllam,lvl_beam,Microllam LVL 7x9-1/4x32',,,StructuralNoSub,,,,7,,9.25,384,,,7x9-1/4,LF,EA,32,,,,,,,,,,,,,,,Weyerhaeuser,Microllam,,,,,,,,,,,,,,,,,beam|header|rim_board|structural,R502|R602,N,span|load|bearing_type|end_conditions,,,,,,,ORDER,3,,ESR-1387 rated
LVL-1525,WY-LVL-7-914-36FT,engineered_wood,lvl,microllam,lvl_beam,Microllam LVL 7x9-1/4x36',,,StructuralNoSub,,,,7,,9.25,432,,,7x9-1/4,LF,EA,36,,,,,,,,,,,,,,,Weyerhaeuser,Microllam,,,,,,,,,,,,,,,,,beam|header|rim_board|structural,R502|R602,N,span|load|bearing_type|end_conditions,,,,,,,ORDER,3,,ESR-1387 rated
LVL-1526,WY-LVL-7-914-40FT,engineered_wood,lvl,microllam,lvl_beam,Microllam LVL 7x9-1/4x40',,,StructuralNoSub,,,,7,,9.25,480,,,7x9-1/4,LF,EA,40,,,,,,,,,,,,,,,Weyerhaeuser,Microllam,,,,,,,,,,,,,,,,,beam|header|rim_board|structural,R502|R602,N,span|load|bearing_type|end_conditions,,,,,,,ORDER,3,,ESR-1387 rated
LVL-1527,WY-LVL-7-914-44FT,engineered_wood,lvl,microllam,lvl_beam,Microllam LVL 7x9-1/4x44',,,StructuralNoSub,,,,7,,9.25,528,,,7x9-1/4,LF,EA,44,,,,,,,,,,,,,,,Weyerhaeuser,Microllam,,,,,,,,,,,,,,,,,beam|header|rim_board|structural,R502|R602,N,span|load|bearing_type|end_conditions,,,,,,,ORDER,3,,ESR-1387 rated
LVL-1528,WY-LVL-7-914-48FT,engineered_wood,lvl,microllam,lvl_beam,Microllam LVL 7x9-1/4x48',,,StructuralNoSub,,,,7,,9.25,576,,,7x9-1/4,LF,EA,48,,,,,,,,,,,,,,,Weyerhaeuser,Microllam,,,,,,,,,,,,,,,,,beam|header|rim_board|structural,R502|R602,N,span|load|bearing_type|end_conditions,,,,,,,ORDER,3,,ESR-1387 rated
LVL-1529,WY-LVL-7-914-52FT,engineered_wood,lvl,microllam,lvl_beam,Microllam LVL 7x9-1/4x52',,,StructuralNoSub,,,,7,,9.25,624,,,7x9-1/4,LF,EA,52,,,,,,,,,,,,,,,Weyerhaeuser,Microllam,,,,,,,,,,,,,,,,,beam|header|rim_board|structural,R502|R602,N,span|load|bearing_type|end_conditions,,,,,,,ORDER,3,,ESR-1387 rated
LVL-1530,WY-LVL-7-914-56FT,engineered_wood,lvl,microllam,lvl_beam,Microllam LVL 7x9-1/4x56',,,StructuralNoSub,,,,7,,9.25,672,,,7x9-1/4,LF,EA,56,,,,,,,,,,,,,,,Weyerhaeuser,Microllam,,,,,,,,,,,,,,,,,beam|header|rim_board|structural,R502|R602,N,span|load|bearing_type|end_conditions,,,,,,,ORDER,3,,ESR-1387 rated
LVL-1531,WY-LVL-7-914-60FT,engineered_wood,lvl,microllam,lvl_beam,Microllam LVL 7x9-1/4x60',,,StructuralNoSub,,,,7,,9.25,720,,,7x9-1/4,LF,EA,60,,,,,,,,,,,,,,,Weyerhaeuser,Microllam,,,,,,,,,,,,,,,,,beam|header|rim_board|structural,R502|R602,N,span|load|bearing_type|end_conditions,,,,,,,ORDER,3,,ESR-1387 rated
LVL-1532,WY-LVL-7-912-20FT,engineered_wood,lvl,microllam,lvl_beam,Microllam LVL 7x9-1/2x20',,,StructuralNoSub,,,,7,,9.5,240,,,7x9-1/2,LF,EA,20,,,,,,,,,,,,,,,Weyerhaeuser,Microllam,,,,,,,,,,,,,,,,,beam|header|rim_board|structural,R502|R602,N,span|load|bearing_type|end_conditions,,,,,,,ORDER,3,,ESR-1387 rated
LVL-1533,WY-LVL-7-912-24FT,engineered_wood,lvl,microllam,lvl_beam,Microllam LVL 7x9-1/2x24',,,StructuralNoSub,,,,7,,9.5,288,,,7x9-1/2,LF,EA,24,,,,,,,,,,,,,,,Weyerhaeuser,Microllam,,,,,,,,,,,,,,,,,beam|header|rim_board|structural,R502|R602,N,span|load|bearing_type|end_conditions,,,,,,,ORDER,3,,ESR-1387 rated
LVL-1534,WY-LVL-7-912-28FT,engineered_wood,lvl,microllam,lvl_beam,Microllam LVL 7x9-1/2x28',,,StructuralNoSub,,,,7,,9.5,336,,,7x9-1/2,LF,EA,28,,,,,,,,,,,,,,,Weyerhaeuser,Microllam,,,,,,,,,,,,,,,,,beam|header|rim_board|structural,R502|R602,N,span|load|bearing_type|end_conditions,,,,,,,ORDER,3,,ESR-1387 rated
LVL-1535,WY-LVL-7-912-32FT,engineered_wood,lvl,microllam,lvl_beam,Microllam LVL 7x9-1/2x32',,,StructuralNoSub,,,,7,,9.5,384,,,7x9-1/2,LF,EA,32,,,,,,,,,,,,,,,Weyerhaeuser,Microllam,,,,,,,,,,,,,,,,,beam|header|rim_board|structural,R502|R602,N,span|load|bearing_type|end_conditions,,,,,,,ORDER,3,,ESR-1387 rated
LVL-1536,WY-LVL-7-912-36FT,engineered_wood,lvl,microllam,lvl_beam,Microllam LVL 7x9-1/2x36',,,StructuralNoSub,,,,7,,9.5,432,,,7x9-1/2,LF,EA,36,,,,,,,,,,,,,,,Weyerhaeuser,Microllam,,,,,,,,,,,,,,,,,beam|header|rim_board|structural,R502|R602,N,span|load|bearing_type|end_conditions,,,,,,,ORDER,3,,ESR-1387 rated
LVL-1537,WY-LVL-7-912-40FT,engineered_wood,lvl,microllam,lvl_beam,Microllam LVL 7x9-1/2x40',,,StructuralNoSub,,,,7,,9.5,480,,,7x9-1/2,LF,EA,40,,,,,,,,,,,,,,,Weyerhaeuser,Microllam,,,,,,,,,,,,,,,,,beam|header|rim_board|structural,R502|R602,N,span|load|bearing_type|end_conditions,,,,,,,ORDER,3,,ESR-1387 rated
LVL-1538,WY-LVL-7-912-44FT,engineered_wood,lvl,microllam,lvl_beam,Microllam LVL 7x9-1/2x44',,,StructuralNoSub,,,,7,,9.5,528,,,7x9-1/2,LF,EA,44,,,,,,,,,,,,,,,Weyerhaeuser,Microllam,,,,,,,,,,,,,,,,,beam|header|rim_board|structural,R502|R602,N,span|load|bearing_type|end_conditions,,,,,,,ORDER,3,,ESR-1387 rated
LVL-1539,WY-LVL-7-912-48FT,engineered_wood,lvl,microllam,lvl_beam,Microllam LVL 7x9-1/2x48',,,StructuralNoSub,,,,7,,9.5,576,,,7x9-1/2,LF,EA,48,,,,,,,,,,,,,,,Weyerhaeuser,Microllam,,,,,,,,,,,,,,,,,beam|header|rim_board|structural,R502|R602,N,span|load|bearing_type|end_conditions,,,,,,,ORDER,3,,ESR-1387 rated
LVL-1540,WY-LVL-7-912-52FT,engineered_wood,lvl,microllam,lvl_beam,Microllam LVL 7x9-1/2x52',,,StructuralNoSub,,,,7,,9.5,624,,,7x9-1/2,LF,EA,52,,,,,,,,,,,,,,,Weyerhaeuser,Microllam,,,,,,,,,,,,,,,,,beam|header|rim_board|structural,R502|R602,N,span|load|bearing_type|end_conditions,,,,,,,ORDER,3,,ESR-1387 rated
LVL-1541,WY-LVL-7-912-56FT,engineered_wood,lvl,microllam,lvl_beam,Microllam LVL 7x9-1/2x56',,,StructuralNoSub,,,,7,,9.5,672,,,7x9-1/2,LF,EA,56,,,,,,,,,,,,,,,Weyerhaeuser,Microllam,,,,,,,,,,,,,,,,,beam|header|rim_board|structural,R502|R602,N,span|load|bearing_type|end_conditions,,,,,,,ORDER,3,,ESR-1387 rated
LVL-1542,WY-LVL-7-912-60FT,engineered_wood,lvl,microllam,lvl_beam,Microllam LVL 7x9-1/2x60',,,StructuralNoSub,,,,7,,9.5,720,,,7x9-1/2,LF,EA,60,,,,,,,,,,,,,,,Weyerhaeuser,Microllam,,,,,,,,,,,,,,,,,beam|header|rim_board|structural,R502|R602,N,span|load|bearing_type|end_conditions,,,,,,,ORDER,3,,ESR-1387 rated
LVL-1543,WY-LVL-7-1114-20FT,engineered_wood,lvl,microllam,lvl_beam,Microllam LVL 7x11-1/4x20',,,StructuralNoSub,,,,7,,11.25,240,,,7x11-1/4,LF,EA,20,,,,,,,,,,,,,,,Weyerhaeuser,Microllam,,,,,,,,,,,,,,,,,beam|header|rim_board|structural,R502|R602,N,span|load|bearing_type|end_conditions,,,,,,,ORDER,3,,ESR-1387 rated
LVL-1544,WY-LVL-7-1114-24FT,engineered_wood,lvl,microllam,lvl_beam,Microllam LVL 7x11-1/4x24',,,StructuralNoSub,,,,7,,11.25,288,,,7x11-1/4,LF,EA,24,,,,,,,,,,,,,,,Weyerhaeuser,Microllam,,,,,,,,,,,,,,,,,beam|header|rim_board|structural,R502|R602,N,span|load|bearing_type|end_conditions,,,,,,,ORDER,3,,ESR-1387 rated
LVL-1545,WY-LVL-7-1114-28FT,engineered_wood,lvl,microllam,lvl_beam,Microllam LVL 7x11-1/4x28',,,StructuralNoSub,,,,7,,11.25,336,,,7x11-1/4,LF,EA,28,,,,,,,,,,,,,,,Weyerhaeuser,Microllam,,,,,,,,,,,,,,,,,beam|header|rim_board|structural,R502|R602,N,span|load|bearing_type|end_conditions,,,,,,,ORDER,3,,ESR-1387 rated
LVL-1546,WY-LVL-7-1114-32FT,engineered_wood,lvl,microllam,lvl_beam,Microllam LVL 7x11-1/4x32',,,StructuralNoSub,,,,7,,11.25,384,,,7x11-1/4,LF,EA,32,,,,,,,,,,,,,,,Weyerhaeuser,Microllam,,,,,,,,,,,,,,,,,beam|header|rim_board|structural,R502|R602,N,span|load|bearing_type|end_conditions,,,,,,,ORDER,3,,ESR-1387 rated
LVL-1547,WY-LVL-7-1114-36FT,engineered_wood,lvl,microllam,lvl_beam,Microllam LVL 7x11-1/4x36',,,StructuralNoSub,,,,7,,11.25,432,,,7x11-1/4,LF,EA,36,,,,,,,,,,,,,,,Weyerhaeuser,Microllam,,,,,,,,,,,,,,,,,beam|header|rim_board|structural,R502|R602,N,span|load|bearing_type|end_conditions,,,,,,,ORDER,3,,ESR-1387 rated
LVL-1548,WY-LVL-7-1114-40FT,engineered_wood,lvl,microllam,lvl_beam,Microllam LVL 7x11-1/4x40',,,StructuralNoSub,,,,7,,11.25,480,,,7x11-1/4,LF,EA,40,,,,,,,,,,,,,,,Weyerhaeuser,Microllam,,,,,,,,,,,,,,,,,beam|header|rim_board|structural,R502|R602,N,span|load|bearing_type|end_conditions,,,,,,,ORDER,3,,ESR-1387 rated
LVL-1549,WY-LVL-7-1114-44FT,engineered_wood,lvl,microllam,lvl_beam,Microllam LVL 7x11-1/4x44',,,StructuralNoSub,,,,7,,11.25,528,,,7x11-1/4,LF,EA,44,,,,,,,,,,,,,,,Weyerhaeuser,Microllam,,,,,,,,,,,,,,,,,beam|header|rim_board|structural,R502|R602,N,span|load|bearing_type|end_conditions,,,,,,,ORDER,3,,ESR-1387 rated
LVL-1550,WY-LVL-7-1114-48FT,engineered_wood,lvl,microllam,lvl_beam,Microllam LVL 7x11-1/4x48',,,StructuralNoSub,,,,7,,11.25,576,,,7x11-1/4,LF,EA,48,,,,,,,,,,,,,,,Weyerhaeuser,Microllam,,,,,,,,,,,,,,,,,beam|header|rim_board|structural,R502|R602,N,span|load|bearing_type|end_conditions,,,,,,,ORDER,3,,ESR-1387 rated
LVL-1551,WY-LVL-7-1114-52FT,engineered_wood,lvl,microllam,lvl_beam,Microllam LVL 7x11-1/4x52',,,StructuralNoSub,,,,7,,11.25,624,,,7x11-1/4,LF,EA,52,,,,,,,,,,,,,,,Weyerhaeuser,Microllam,,,,,,,,,,,,,,,,,beam|header|rim_board|structural,R502|R602,N,span|load|bearing_type|end_conditions,,,,,,,ORDER,3,,ESR-1387 rated
LVL-1552,WY-LVL-7-1114-56FT,engineered_wood,lvl,microllam,lvl_beam,Microllam LVL 7x11-1/4x56',,,StructuralNoSub,,,,7,,11.25,672,,,7x11-1/4,LF,EA,56,,,,,,,,,,,,,,,Weyerhaeuser,Microllam,,,,,,,,,,,,,,,,,beam|header|rim_board|structural,R502|R602,N,span|load|bearing_type|end_conditions,,,,,,,ORDER,3,,ESR-1387 rated
LVL-1553,WY-LVL-7-1114-60FT,engineered_wood,lvl,microllam,lvl_beam,Microllam LVL 7x11-1/4x60',,,StructuralNoSub,,,,7,,11.25,720,,,7x11-1/4,LF,EA,60,,,,,,,,,,,,,,,Weyerhaeuser,Microllam,,,,,,,,,,,,,,,,,beam|header|rim_board|structural,R502|R602,N,span|load|bearing_type|end_conditions,,,,,,,ORDER,3,,ESR-1387 rated
LVL-1554,WY-LVL-7-1178-20FT,engineered_wood,lvl,microllam,lvl_beam,Microllam LVL 7x11-7/8x20',,,StructuralNoSub,,,,7,,11.875,240,,,7x11-7/8,LF,EA,20,,,,,,,,,,,,,,,Weyerhaeuser,Microllam,,,,,,,,,,,,,,,,,beam|header|rim_board|structural,R502|R602,N,span|load|bearing_type|end_conditions,,,,,,,ORDER,3,,ESR-1387 rated
LVL-1555,WY-LVL-7-1178-24FT,engineered_wood,lvl,microllam,lvl_beam,Microllam LVL 7x11-7/8x24',,,StructuralNoSub,,,,7,,11.875,288,,,7x11-7/8,LF,EA,24,,,,,,,,,,,,,,,Weyerhaeuser,Microllam,,,,,,,,,,,,,,,,,beam|header|rim_board|structural,R502|R602,N,span|load|bearing_type|end_conditions,,,,,,,ORDER,3,,ESR-1387 rated
LVL-1556,WY-LVL-7-1178-28FT,engineered_wood,lvl,microllam,lvl_beam,Microllam LVL 7x11-7/8x28',,,StructuralNoSub,,,,7,,11.875,336,,,7x11-7/8,LF,EA,28,,,,,,,,,,,,,,,Weyerhaeuser,Microllam,,,,,,,,,,,,,,,,,beam|header|rim_board|structural,R502|R602,N,span|load|bearing_type|end_conditions,,,,,,,ORDER,3,,ESR-1387 rated
LVL-1557,WY-LVL-7-1178-32FT,engineered_wood,lvl,microllam,lvl_beam,Microllam LVL 7x11-7/8x32',,,StructuralNoSub,,,,7,,11.875,384,,,7x11-7/8,LF,EA,32,,,,,,,,,,,,,,,Weyerhaeuser,Microllam,,,,,,,,,,,,,,,,,beam|header|rim_board|structural,R502|R602,N,span|load|bearing_type|end_conditions,,,,,,,ORDER,3,,ESR-1387 rated
LVL-1558,WY-LVL-7-1178-36FT,engineered_wood,lvl,microllam,lvl_beam,Microllam LVL 7x11-7/8x36',,,StructuralNoSub,,,,7,,11.875,432,,,7x11-7/8,LF,EA,36,,,,,,,,,,,,,,,Weyerhaeuser,Microllam,,,,,,,,,,,,,,,,,beam|header|rim_board|structural,R502|R602,N,span|load|bearing_type|end_conditions,,,,,,,ORDER,3,,ESR-1387 rated
LVL-1559,WY-LVL-7-1178-40FT,engineered_wood,lvl,microllam,lvl_beam,Microllam LVL 7x11-7/8x40',,,StructuralNoSub,,,,7,,11.875,480,,,7x11-7/8,LF,EA,40,,,,,,,,,,,,,,,Weyerhaeuser,Microllam,,,,,,,,,,,,,,,,,beam|header|rim_board|structural,R502|R602,N,span|load|bearing_type|end_conditions,,,,,,,ORDER,3,,ESR-1387 rated
LVL-1560,WY-LVL-7-1178-44FT,engineered_wood,lvl,microllam,lvl_beam,Microllam LVL 7x11-7/8x44',,,StructuralNoSub,,,,7,,11.875,528,,,7x11-7/8,LF,EA,44,,,,,,,,,,,,,,,Weyerhaeuser,Microllam,,,,,,,,,,,,,,,,,beam|header|rim_board|structural,R502|R602,N,span|load|bearing_type|end_conditions,,,,,,,ORDER,3,,ESR-1387 rated
LVL-1561,WY-LVL-7-1178-48FT,engineered_wood,lvl,microllam,lvl_beam,Microllam LVL 7x11-7/8x48',,,StructuralNoSub,,,,7,,11.875,576,,,7x11-7/8,LF,EA,48,,,,,,,,,,,,,,,Weyerhaeuser,Microllam,,,,,,,,,,,,,,,,,beam|header|rim_board|structural,R502|R602,N,span|load|bearing_type|end_conditions,,,,,,,ORDER,3,,ESR-1387 rated
LVL-1562,WY-LVL-7-1178-52FT,engineered_wood,lvl,microllam,lvl_beam,Microllam LVL 7x11-7/8x52',,,StructuralNoSub,,,,7,,11.875,624,,,7x11-7/8,LF,EA,52,,,,,,,,,,,,,,,Weyerhaeuser,Microllam,,,,,,,,,,,,,,,,,beam|header|rim_board|structural,R502|R602,N,span|load|bearing_type|end_conditions,,,,,,,ORDER,3,,ESR-1387 rated
LVL-1563,WY-LVL-7-1178-56FT,engineered_wood,lvl,microllam,lvl_beam,Microllam LVL 7x11-7/8x56',,,StructuralNoSub,,,,7,,11.875,672,,,7x11-7/8,LF,EA,56,,,,,,,,,,,,,,,Weyerhaeuser,Microllam,,,,,,,,,,,,,,,,,beam|header|rim_board|structural,R502|R602,N,span|load|bearing_type|end_conditions,,,,,,,ORDER,3,,ESR-1387 rated
LVL-1564,WY-LVL-7-1178-60FT,engineered_wood,lvl,microllam,lvl_beam,Microllam LVL 7x11-7/8x60',,,StructuralNoSub,,,,7,,11.875,720,,,7x11-7/8,LF,EA,60,,,,,,,,,,,,,,,Weyerhaeuser,Microllam,,,,,,,,,,,,,,,,,beam|header|rim_board|structural,R502|R602,N,span|load|bearing_type|end_conditions,,,,,,,ORDER,3,,ESR-1387 rated
LVL-1565,WY-LVL-7-14-20FT,engineered_wood,lvl,microllam,lvl_beam,Microllam LVL 7x14x20',,,StructuralNoSub,,,,7,,14,240,,,7x14,LF,EA,20,,,,,,,,,,,,,,,Weyerhaeuser,Microllam,,,,,,,,,,,,,,,,,beam|header|rim_board|structural,R502|R602,N,span|load|bearing_type|end_conditions,,,,,,,ORDER,3,,ESR-1387 rated
LVL-1566,WY-LVL-7-14-24FT,engineered_wood,lvl,microllam,lvl_beam,Microllam LVL 7x14x24',,,StructuralNoSub,,,,7,,14,288,,,7x14,LF,EA,24,,,,,,,,,,,,,,,Weyerhaeuser,Microllam,,,,,,,,,,,,,,,,,beam|header|rim_board|structural,R502|R602,N,span|load|bearing_type|end_conditions,,,,,,,ORDER,3,,ESR-1387 rated
LVL-1567,WY-LVL-7-14-28FT,engineered_wood,lvl,microllam,lvl_beam,Microllam LVL 7x14x28',,,StructuralNoSub,,,,7,,14,336,,,7x14,LF,EA,28,,,,,,,,,,,,,,,Weyerhaeuser,Microllam,,,,,,,,,,,,,,,,,beam|header|rim_board|structural,R502|R602,N,span|load|bearing_type|end_conditions,,,,,,,ORDER,3,,ESR-1387 rated
LVL-1568,WY-LVL-7-14-32FT,engineered_wood,lvl,microllam,lvl_beam,Microllam LVL 7x14x32',,,StructuralNoSub,,,,7,,14,384,,,7x14,LF,EA,32,,,,,,,,,,,,,,,Weyerhaeuser,Microllam,,,,,,,,,,,,,,,,,beam|header|rim_board|structural,R502|R602,N,span|load|bearing_type|end_conditions,,,,,,,ORDER,3,,ESR-1387 rated
LVL-1569,WY-LVL-7-14-36FT,engineered_wood,lvl,microllam,lvl_beam,Microllam LVL 7x14x36',,,StructuralNoSub,,,,7,,14,432,,,7x14,LF,EA,36,,,,,,,,,,,,,,,Weyerhaeuser,Microllam,,,,,,,,,,,,,,,,,beam|header|rim_board|structural,R502|R602,N,span|load|bearing_type|end_conditions,,,,,,,ORDER,3,,ESR-1387 rated
LVL-1570,WY-LVL-7-14-40FT,engineered_wood,lvl,microllam,lvl_beam,Microllam LVL 7x14x40',,,StructuralNoSub,,,,7,,14,480,,,7x14,LF,EA,40,,,,,,,,,,,,,,,Weyerhaeuser,Microllam,,,,,,,,,,,,,,,,,beam|header|rim_board|structural,R502|R602,N,span|load|bearing_type|end_conditions,,,,,,,ORDER,3,,ESR-1387 rated
LVL-1571,WY-LVL-7-14-44FT,engineered_wood,lvl,microllam,lvl_beam,Microllam LVL 7x14x44',,,StructuralNoSub,,,,7,,14,528,,,7x14,LF,EA,44,,,,,,,,,,,,,,,Weyerhaeuser,Microllam,,,,,,,,,,,,,,,,,beam|header|rim_board|structural,R502|R602,N,span|load|bearing_type|end_conditions,,,,,,,ORDER,3,,ESR-1387 rated
LVL-1572,WY-LVL-7-14-48FT,engineered_wood,lvl,microllam,lvl_beam,Microllam LVL 7x14x48',,,StructuralNoSub,,,,7,,14,576,,,7x14,LF,EA,48,,,,,,,,,,,,,,,Weyerhaeuser,Microllam,,,,,,,,,,,,,,,,,beam|header|rim_board|structural,R502|R602,N,span|load|bearing_type|end_conditions,,,,,,,ORDER,3,,ESR-1387 rated
LVL-1573,WY-LVL-7-14-52FT,engineered_wood,lvl,microllam,lvl_beam,Microllam LVL 7x14x52',,,StructuralNoSub,,,,7,,14,624,,,7x14,LF,EA,52,,,,,,,,,,,,,,,Weyerhaeuser,Microllam,,,,,,,,,,,,,,,,,beam|header|rim_board|structural,R502|R602,N,span|load|bearing_type|end_conditions,,,,,,,ORDER,3,,ESR-1387 rated
LVL-1574,WY-LVL-7-14-56FT,engineered_wood,lvl,microllam,lvl_beam,Microllam LVL 7x14x56',,,StructuralNoSub,,,,7,,14,672,,,7x14,LF,EA,56,,,,,,,,,,,,,,,Weyerhaeuser,Microllam,,,,,,,,,,,,,,,,,beam|header|rim_board|structural,R502|R602,N,span|load|bearing_type|end_conditions,,,,,,,ORDER,3,,ESR-1387 rated
LVL-1575,WY-LVL-7-14-60FT,engineered_wood,lvl,microllam,lvl_beam,Microllam LVL 7x14x60',,,StructuralNoSub,,,,7,,14,720,,,7x14,LF,EA,60,,,,,,,,,,,,,,,Weyerhaeuser,Microllam,,,,,,,,,,,,,,,,,beam|header|rim_board|structural,R502|R602,N,span|load|bearing_type|end_conditions,,,,,,,ORDER,3,,ESR-1387 rated
LVL-1576,WY-LVL-7-16-20FT,engineered_wood,lvl,microllam,lvl_beam,Microllam LVL 7x16x20',,,StructuralNoSub,,,,7,,16,240,,,7x16,LF,EA,20,,,,,,,,,,,,,,,Weyerhaeuser,Microllam,,,,,,,,,,,,,,,,,beam|header|rim_board|structural,R502|R602,N,span|load|bearing_type|end_conditions,,,,,,,ORDER,3,,ESR-1387 rated
LVL-1577,WY-LVL-7-16-24FT,engineered_wood,lvl,microllam,lvl_beam,Microllam LVL 7x16x24',,,StructuralNoSub,,,,7,,16,288,,,7x16,LF,EA,24,,,,,,,,,,,,,,,Weyerhaeuser,Microllam,,,,,,,,,,,,,,,,,beam|header|rim_board|structural,R502|R602,N,span|load|bearing_type|end_conditions,,,,,,,ORDER,3,,ESR-1387 rated
LVL-1578,WY-LVL-7-16-28FT,engineered_wood,lvl,microllam,lvl_beam,Microllam LVL 7x16x28',,,StructuralNoSub,,,,7,,16,336,,,7x16,LF,EA,28,,,,,,,,,,,,,,,Weyerhaeuser,Microllam,,,,,,,,,,,,,,,,,beam|header|rim_board|structural,R502|R602,N,span|load|bearing_type|end_conditions,,,,,,,ORDER,3,,ESR-1387 rated
LVL-1579,WY-LVL-7-16-32FT,engineered_wood,lvl,microllam,lvl_beam,Microllam LVL 7x16x32',,,StructuralNoSub,,,,7,,16,384,,,7x16,LF,EA,32,,,,,,,,,,,,,,,Weyerhaeuser,Microllam,,,,,,,,,,,,,,,,,beam|header|rim_board|structural,R502|R602,N,span|load|bearing_type|end_conditions,,,,,,,ORDER,3,,ESR-1387 rated
LVL-1580,WY-LVL-7-16-36FT,engineered_wood,lvl,microllam,lvl_beam,Microllam LVL 7x16x36',,,StructuralNoSub,,,,7,,16,432,,,7x16,LF,EA,36,,,,,,,,,,,,,,,Weyerhaeuser,Microllam,,,,,,,,,,,,,,,,,beam|header|rim_board|structural,R502|R602,N,span|load|bearing_type|end_conditions,,,,,,,ORDER,3,,ESR-1387 rated
LVL-1581,WY-LVL-7-16-40FT,engineered_wood,lvl,microllam,lvl_beam,Microllam LVL 7x16x40',,,StructuralNoSub,,,,7,,16,480,,,7x16,LF,EA,40,,,,,,,,,,,,,,,Weyerhaeuser,Microllam,,,,,,,,,,,,,,,,,beam|header|rim_board|structural,R502|R602,N,span|load|bearing_type|end_conditions,,,,,,,ORDER,3,,ESR-1387 rated
LVL-1582,WY-LVL-7-16-44FT,engineered_wood,lvl,microllam,lvl_beam,Microllam LVL 7x16x44',,,StructuralNoSub,,,,7,,16,528,,,7x16,LF,EA,44,,,,,,,,,,,,,,,Weyerhaeuser,Microllam,,,,,,,,,,,,,,,,,beam|header|rim_board|structural,R502|R602,N,span|load|bearing_type|end_conditions,,,,,,,ORDER,3,,ESR-1387 rated
LVL-1583,WY-LVL-7-16-48FT,engineered_wood,lvl,microllam,lvl_beam,Microllam LVL 7x16x48',,,StructuralNoSub,,,,7,,16,576,,,7x16,LF,EA,48,,,,,,,,,,,,,,,Weyerhaeuser,Microllam,,,,,,,,,,,,,,,,,beam|header|rim_board|structural,R502|R602,N,span|load|bearing_type|end_conditions,,,,,,,ORDER,3,,ESR-1387 rated
LVL-1584,WY-LVL-7-16-52FT,engineered_wood,lvl,microllam,lvl_beam,Microllam LVL 7x16x52',,,StructuralNoSub,,,,7,,16,624,,,7x16,LF,EA,52,,,,,,,,,,,,,,,Weyerhaeuser,Microllam,,,,,,,,,,,,,,,,,beam|header|rim_board|structural,R502|R602,N,span|load|bearing_type|end_conditions,,,,,,,ORDER,3,,ESR-1387 rated
LVL-1585,WY-LVL-7-16-56FT,engineered_wood,lvl,microllam,lvl_beam,Microllam LVL 7x16x56',,,StructuralNoSub,,,,7,,16,672,,,7x16,LF,EA,56,,,,,,,,,,,,,,,Weyerhaeuser,Microllam,,,,,,,,,,,,,,,,,beam|header|rim_board|structural,R502|R602,N,span|load|bearing_type|end_conditions,,,,,,,ORDER,3,,ESR-1387 rated
LVL-1586,WY-LVL-7-16-60FT,engineered_wood,lvl,microllam,lvl_beam,Microllam LVL 7x16x60',,,StructuralNoSub,,,,7,,16,720,,,7x16,LF,EA,60,,,,,,,,,,,,,,,Weyerhaeuser,Microllam,,,,,,,,,,,,,,,,,beam|header|rim_board|structural,R502|R602,N,span|load|bearing_type|end_conditions,,,,,,,ORDER,3,,ESR-1387 rated
LVL-1587,WY-LVL-7-18-20FT,engineered_wood,lvl,microllam,lvl_beam,Microllam LVL 7x18x20',,,StructuralNoSub,,,,7,,18,240,,,7x18,LF,EA,20,,,,,,,,,,,,,,,Weyerhaeuser,Microllam,,,,,,,,,,,,,,,,,beam|header|rim_board|structural,R502|R602,N,span|load|bearing_type|end_conditions,,,,,,,ORDER,3,,ESR-1387 rated
LVL-1588,WY-LVL-7-18-24FT,engineered_wood,lvl,microllam,lvl_beam,Microllam LVL 7x18x24',,,StructuralNoSub,,,,7,,18,288,,,7x18,LF,EA,24,,,,,,,,,,,,,,,Weyerhaeuser,Microllam,,,,,,,,,,,,,,,,,beam|header|rim_board|structural,R502|R602,N,span|load|bearing_type|end_conditions,,,,,,,ORDER,3,,ESR-1387 rated
LVL-1589,WY-LVL-7-18-28FT,engineered_wood,lvl,microllam,lvl_beam,Microllam LVL 7x18x28',,,StructuralNoSub,,,,7,,18,336,,,7x18,LF,EA,28,,,,,,,,,,,,,,,Weyerhaeuser,Microllam,,,,,,,,,,,,,,,,,beam|header|rim_board|structural,R502|R602,N,span|load|bearing_type|end_conditions,,,,,,,ORDER,3,,ESR-1387 rated
LVL-1590,WY-LVL-7-18-32FT,engineered_wood,lvl,microllam,lvl_beam,Microllam LVL 7x18x32',,,StructuralNoSub,,,,7,,18,384,,,7x18,LF,EA,32,,,,,,,,,,,,,,,Weyerhaeuser,Microllam,,,,,,,,,,,,,,,,,beam|header|rim_board|structural,R502|R602,N,span|load|bearing_type|end_conditions,,,,,,,ORDER,3,,ESR-1387 rated
LVL-1591,WY-LVL-7-18-36FT,engineered_wood,lvl,microllam,lvl_beam,Microllam LVL 7x18x36',,,StructuralNoSub,,,,7,,18,432,,,7x18,LF,EA,36,,,,,,,,,,,,,,,Weyerhaeuser,Microllam,,,,,,,,,,,,,,,,,beam|header|rim_board|structural,R502|R602,N,span|load|bearing_type|end_conditions,,,,,,,ORDER,3,,ESR-1387 rated
LVL-1592,WY-LVL-7-18-40FT,engineered_wood,lvl,microllam,lvl_beam,Microllam LVL 7x18x40',,,StructuralNoSub,,,,7,,18,480,,,7x18,LF,EA,40,,,,,,,,,,,,,,,Weyerhaeuser,Microllam,,,,,,,,,,,,,,,,,beam|header|rim_board|structural,R502|R602,N,span|load|bearing_type|end_conditions,,,,,,,ORDER,3,,ESR-1387 rated
LVL-1593,WY-LVL-7-18-44FT,engineered_wood,lvl,microllam,lvl_beam,Microllam LVL 7x18x44',,,StructuralNoSub,,,,7,,18,528,,,7x18,LF,EA,44,,,,,,,,,,,,,,,Weyerhaeuser,Microllam,,,,,,,,,,,,,,,,,beam|header|rim_board|structural,R502|R602,N,span|load|bearing_type|end_conditions,,,,,,,ORDER,3,,ESR-1387 rated
LVL-1594,WY-LVL-7-18-48FT,engineered_wood,lvl,microllam,lvl_beam,Microllam LVL 7x18x48',,,StructuralNoSub,,,,7,,18,576,,,7x18,LF,EA,48,,,,,,,,,,,,,,,Weyerhaeuser,Microllam,,,,,,,,,,,,,,,,,beam|header|rim_board|structural,R502|R602,N,span|load|bearing_type|end_conditions,,,,,,,ORDER,3,,ESR-1387 rated
LVL-1595,WY-LVL-7-18-52FT,engineered_wood,lvl,microllam,lvl_beam,Microllam LVL 7x18x52',,,StructuralNoSub,,,,7,,18,624,,,7x18,LF,EA,52,,,,,,,,,,,,,,,Weyerhaeuser,Microllam,,,,,,,,,,,,,,,,,beam|header|rim_board|structural,R502|R602,N,span|load|bearing_type|end_conditions,,,,,,,ORDER,3,,ESR-1387 rated
LVL-1596,WY-LVL-7-18-56FT,engineered_wood,lvl,microllam,lvl_beam,Microllam LVL 7x18x56',,,StructuralNoSub,,,,7,,18,672,,,7x18,LF,EA,56,,,,,,,,,,,,,,,Weyerhaeuser,Microllam,,,,,,,,,,,,,,,,,beam|header|rim_board|structural,R502|R602,N,span|load|bearing_type|end_conditions,,,,,,,ORDER,3,,ESR-1387 rated
LVL-1597,WY-LVL-7-18-60FT,engineered_wood,lvl,microllam,lvl_beam,Microllam LVL 7x18x60',,,StructuralNoSub,,,,7,,18,720,,,7x18,LF,EA,60,,,,,,,,,,,,,,,Weyerhaeuser,Microllam,,,,,,,,,,,,,,,,,beam|header|rim_board|structural,R502|R602,N,span|load|bearing_type|end_conditions,,,,,,,ORDER,3,,ESR-1387 rated
LVL-1598,WY-LVL-7-20-20FT,engineered_wood,lvl,microllam,lvl_beam,Microllam LVL 7x20x20',,,StructuralNoSub,,,,7,,20,240,,,7x20,LF,EA,20,,,,,,,,,,,,,,,Weyerhaeuser,Microllam,,,,,,,,,,,,,,,,,beam|header|rim_board|structural,R502|R602,N,span|load|bearing_type|end_conditions,,,,,,,ORDER,3,,ESR-1387 rated
LVL-1599,WY-LVL-7-20-24FT,engineered_wood,lvl,microllam,lvl_beam,Microllam LVL 7x20x24',,,StructuralNoSub,,,,7,,20,288,,,7x20,LF,EA,24,,,,,,,,,,,,,,,Weyerhaeuser,Microllam,,,,,,,,,,,,,,,,,beam|header|rim_board|structural,R502|R602,N,span|load|bearing_type|end_conditions,,,,,,,ORDER,3,,ESR-1387 rated
LVL-1600,WY-LVL-7-20-28FT,engineered_wood,lvl,microllam,lvl_beam,Microllam LVL 7x20x28',,,StructuralNoSub,,,,7,,20,336,,,7x20,LF,EA,28,,,,,,,,,,,,,,,Weyerhaeuser,Microllam,,,,,,,,,,,,,,,,,beam|header|rim_board|structural,R502|R602,N,span|load|bearing_type|end_conditions,,,,,,,ORDER,3,,ESR-1387 rated
LVL-1601,WY-LVL-7-20-32FT,engineered_wood,lvl,microllam,lvl_beam,Microllam LVL 7x20x32',,,StructuralNoSub,,,,7,,20,384,,,7x20,LF,EA,32,,,,,,,,,,,,,,,Weyerhaeuser,Microllam,,,,,,,,,,,,,,,,,beam|header|rim_board|structural,R502|R602,N,span|load|bearing_type|end_conditions,,,,,,,ORDER,3,,ESR-1387 rated
LVL-1602,WY-LVL-7-20-36FT,engineered_wood,lvl,microllam,lvl_beam,Microllam LVL 7x20x36',,,StructuralNoSub,,,,7,,20,432,,,7x20,LF,EA,36,,,,,,,,,,,,,,,Weyerhaeuser,Microllam,,,,,,,,,,,,,,,,,beam|header|rim_board|structural,R502|R602,N,span|load|bearing_type|end_conditions,,,,,,,ORDER,3,,ESR-1387 rated
LVL-1603,WY-LVL-7-20-40FT,engineered_wood,lvl,microllam,lvl_beam,Microllam LVL 7x20x40',,,StructuralNoSub,,,,7,,20,480,,,7x20,LF,EA,40,,,,,,,,,,,,,,,Weyerhaeuser,Microllam,,,,,,,,,,,,,,,,,beam|header|rim_board|structural,R502|R602,N,span|load|bearing_type|end_conditions,,,,,,,ORDER,3,,ESR-1387 rated
LVL-1604,WY-LVL-7-20-44FT,engineered_wood,lvl,microllam,lvl_beam,Microllam LVL 7x20x44',,,StructuralNoSub,,,,7,,20,528,,,7x20,LF,EA,44,,,,,,,,,,,,,,,Weyerhaeuser,Microllam,,,,,,,,,,,,,,,,,beam|header|rim_board|structural,R502|R602,N,span|load|bearing_type|end_conditions,,,,,,,ORDER,3,,ESR-1387 rated
LVL-1605,WY-LVL-7-20-48FT,engineered_wood,lvl,microllam,lvl_beam,Microllam LVL 7x20x48',,,StructuralNoSub,,,,7,,20,576,,,7x20,LF,EA,48,,,,,,,,,,,,,,,Weyerhaeuser,Microllam,,,,,,,,,,,,,,,,,beam|header|rim_board|structural,R502|R602,N,span|load|bearing_type|end_conditions,,,,,,,ORDER,3,,ESR-1387 rated
LVL-1606,WY-LVL-7-20-52FT,engineered_wood,lvl,microllam,lvl_beam,Microllam LVL 7x20x52',,,StructuralNoSub,,,,7,,20,624,,,7x20,LF,EA,52,,,,,,,,,,,,,,,Weyerhaeuser,Microllam,,,,,,,,,,,,,,,,,beam|header|rim_board|structural,R502|R602,N,span|load|bearing_type|end_conditions,,,,,,,ORDER,3,,ESR-1387 rated
LVL-1607,WY-LVL-7-20-56FT,engineered_wood,lvl,microllam,lvl_beam,Microllam LVL 7x20x56',,,StructuralNoSub,,,,7,,20,672,,,7x20,LF,EA,56,,,,,,,,,,,,,,,Weyerhaeuser,Microllam,,,,,,,,,,,,,,,,,beam|header|rim_board|structural,R502|R602,N,span|load|bearing_type|end_conditions,,,,,,,ORDER,3,,ESR-1387 rated
LVL-1608,WY-LVL-7-20-60FT,engineered_wood,lvl,microllam,lvl_beam,Microllam LVL 7x20x60',,,StructuralNoSub,,,,7,,20,720,,,7x20,LF,EA,60,,,,,,,,,,,,,,,Weyerhaeuser,Microllam,,,,,,,,,,,,,,,,,beam|header|rim_board|structural,R502|R602,N,span|load|bearing_type|end_conditions,,,,,,,ORDER,3,,ESR-1387 rated
LVL-1609,WY-LVL-7-24-20FT,engineered_wood,lvl,microllam,lvl_beam,Microllam LVL 7x24x20',,,StructuralNoSub,,,,7,,24,240,,,7x24,LF,EA,20,,,,,,,,,,,,,,,Weyerhaeuser,Microllam,,,,,,,,,,,,,,,,,beam|header|rim_board|structural,R502|R602,N,span|load|bearing_type|end_conditions,,,,,,,ORDER,3,,ESR-1387 rated
LVL-1610,WY-LVL-7-24-24FT,engineered_wood,lvl,microllam,lvl_beam,Microllam LVL 7x24x24',,,StructuralNoSub,,,,7,,24,288,,,7x24,LF,EA,24,,,,,,,,,,,,,,,Weyerhaeuser,Microllam,,,,,,,,,,,,,,,,,beam|header|rim_board|structural,R502|R602,N,span|load|bearing_type|end_conditions,,,,,,,ORDER,3,,ESR-1387 rated
LVL-1611,WY-LVL-7-24-28FT,engineered_wood,lvl,microllam,lvl_beam,Microllam LVL 7x24x28',,,StructuralNoSub,,,,7,,24,336,,,7x24,LF,EA,28,,,,,,,,,,,,,,,Weyerhaeuser,Microllam,,,,,,,,,,,,,,,,,beam|header|rim_board|structural,R502|R602,N,span|load|bearing_type|end_conditions,,,,,,,ORDER,3,,ESR-1387 rated
LVL-1612,WY-LVL-7-24-32FT,engineered_wood,lvl,microllam,lvl_beam,Microllam LVL 7x24x32',,,StructuralNoSub,,,,7,,24,384,,,7x24,LF,EA,32,,,,,,,,,,,,,,,Weyerhaeuser,Microllam,,,,,,,,,,,,,,,,,beam|header|rim_board|structural,R502|R602,N,span|load|bearing_type|end_conditions,,,,,,,ORDER,3,,ESR-1387 rated
LVL-1613,WY-LVL-7-24-36FT,engineered_wood,lvl,microllam,lvl_beam,Microllam LVL 7x24x36',,,StructuralNoSub,,,,7,,24,432,,,7x24,LF,EA,36,,,,,,,,,,,,,,,Weyerhaeuser,Microllam,,,,,,,,,,,,,,,,,beam|header|rim_board|structural,R502|R602,N,span|load|bearing_type|end_conditions,,,,,,,ORDER,3,,ESR-1387 rated
LVL-1614,WY-LVL-7-24-40FT,engineered_wood,lvl,microllam,lvl_beam,Microllam LVL 7x24x40',,,StructuralNoSub,,,,7,,24,480,,,7x24,LF,EA,40,,,,,,,,,,,,,,,Weyerhaeuser,Microllam,,,,,,,,,,,,,,,,,beam|header|rim_board|structural,R502|R602,N,span|load|bearing_type|end_conditions,,,,,,,ORDER,3,,ESR-1387 rated
LVL-1615,WY-LVL-7-24-44FT,engineered_wood,lvl,microllam,lvl_beam,Microllam LVL 7x24x44',,,StructuralNoSub,,,,7,,24,528,,,7x24,LF,EA,44,,,,,,,,,,,,,,,Weyerhaeuser,Microllam,,,,,,,,,,,,,,,,,beam|header|rim_board|structural,R502|R602,N,span|load|bearing_type|end_conditions,,,,,,,ORDER,3,,ESR-1387 rated
LVL-1616,WY-LVL-7-24-48FT,engineered_wood,lvl,microllam,lvl_beam,Microllam LVL 7x24x48',,,StructuralNoSub,,,,7,,24,576,,,7x24,LF,EA,48,,,,,,,,,,,,,,,Weyerhaeuser,Microllam,,,,,,,,,,,,,,,,,beam|header|rim_board|structural,R502|R602,N,span|load|bearing_type|end_conditions,,,,,,,ORDER,3,,ESR-1387 rated
LVL-1617,WY-LVL-7-24-52FT,engineered_wood,lvl,microllam,lvl_beam,Microllam LVL 7x24x52',,,StructuralNoSub,,,,7,,24,624,,,7x24,LF,EA,52,,,,,,,,,,,,,,,Weyerhaeuser,Microllam,,,,,,,,,,,,,,,,,beam|header|rim_board|structural,R502|R602,N,span|load|bearing_type|end_conditions,,,,,,,ORDER,3,,ESR-1387 rated
LVL-1618,WY-LVL-7-24-56FT,engineered_wood,lvl,microllam,lvl_beam,Microllam LVL 7x24x56',,,StructuralNoSub,,,,7,,24,672,,,7x24,LF,EA,56,,,,,,,,,,,,,,,Weyerhaeuser,Microllam,,,,,,,,,,,,,,,,,beam|header|rim_board|structural,R502|R602,N,span|load|bearing_type|end_conditions,,,,,,,ORDER,3,,ESR-1387 rated
LVL-1619,WY-LVL-7-24-60FT,engineered_wood,lvl,microllam,lvl_beam,Microllam LVL 7x24x60',,,StructuralNoSub,,,,7,,24,720,,,7x24,LF,EA,60,,,,,,,,,,,,,,,Weyerhaeuser,Microllam,,,,,,,,,,,,,,,,,beam|header|rim_board|structural,R502|R602,N,span|load|bearing_type|end_conditions,,,,,,,ORDER,3,,ESR-1387 rated
SST-CAP-1620,SST-ACHZ44,hardware,post_caps,adjustable,post_cap,Simpson ACHZ44 Heavy Adjustable Post Cap 4x4,,,Allowed,,,,,,,,,,,EA,EA,,,,,,,,,,,,,,,,Simpson Strong-Tie,,ACHZ44,post_cap,ZMAX,,3.5,,4x4,,,,,,,,,,post_cap|adjustable|heavy_duty|deck|pergola,R407,N,,,,,,,,STOCK,,,
SST-CAP-1621,SST-ACHZ46,hardware,post_caps,adjustable,post_cap,Simpson ACHZ46 Heavy Adjustable Post Cap 4x6,,,Allowed,,,,,,,,,,,EA,EA,,,,,,,,,,,,,,,,Simpson Strong-Tie,,ACHZ46,post_cap,ZMAX,,3.5,,4x6,,,,,,,,,,post_cap|adjustable|heavy_duty|deck|pergola,R407,N,,,,,,,,STOCK,,,
SST-CAP-1622,SST-ACHZ66,hardware,post_caps,adjustable,post_cap,Simpson ACHZ66 Heavy Adjustable Post Cap 6x6,,,Allowed,,,,,,,,,,,EA,EA,,,,,,,,,,,,,,,,Simpson Strong-Tie,,ACHZ66,post_cap,ZMAX,,5.5,,6x6,,,,,,,,,,post_cap|adjustable|heavy_duty|deck|pergola,R407,N,,,,,,,,STOCK,,,
SST-FW-1623,SST-DGT2,hardware,joist_hangers,fire_rated,fire_wall_hanger,Simpson DGT2 Fire Wall Hanger 2x,,,EquivalentOnlySameSpec,,,,,,,,,,,EA,EA,,,,,,,,,,,,,,,,Simpson Strong-Tie,,DGT2,fire_wall_hanger,G90,,,,2x,,,,,,,,,,fire_rated|2hr_rating|type_iii|multifamily|code_required,R302,N,,,,,,,,ORDER,3,,"2-hour fire rating, light capacity"
SST-FW-1624,SST-DGT4,hardware,joist_hangers,fire_rated,fire_wall_hanger,Simpson DGT4 Fire Wall Hanger 2x4-2x6,,,EquivalentOnlySameSpec,,,,,,,,,,,EA,EA,,,,,,,,,,,,,,,,Simpson Strong-Tie,,DGT4,fire_wall_hanger,G90,,,,2x4-2x6,,,,,,,,,,fire_rated|2hr_rating|type_iii|multifamily|code_required,R302,N,,,,,,,,ORDER,3,,"2-hour fire rating, standard capacity"
SST-FW-1625,SST-DGT6,hardware,joist_hangers,fire_rated,fire_wall_hanger,Simpson DGT6 Fire Wall Hanger 2x6-2x10,,,EquivalentOnlySameSpec,,,,,,,,,,,EA,EA,,,,,,,,,,,,,,,,Simpson Strong-Tie,,DGT6,fire_wall_hanger,G90,,,,2x6-2x10,,,,,,,,,,fire_rated|2hr_rating|type_iii|multifamily|code_required,R302,N,,,,,,,,ORDER,3,,"2-hour fire rating, standard capacity"
SST-FW-1626,SST-DGHT4,hardware,joist_hangers,fire_rated,fire_wall_hanger,Simpson DGHT4 Fire Wall Hanger 2x4-2x6,,,EquivalentOnlySameSpec,,,,,,,,,,,EA,EA,,,,,,,,,,,,,,,,Simpson Strong-Tie,,DGHT4,fire_wall_hanger,G90,,,,2x4-2x6,,,,,,,,,,fire_rated|2hr_rating|type_iii|multifamily|code_required,R302,N,,,,,,,,ORDER,3,,"2-hour fire rating, heavy capacity"
SST-FW-1627,SST-DGHT6,hardware,joist_hangers,fire_rated,fire_wall_hanger,Simpson DGHT6 Fire Wall Hanger 2x6-2x12,,,EquivalentOnlySameSpec,,,,,,,,,,,EA,EA,,,,,,,,,,,,,,,,Simpson Strong-Tie,,DGHT6,fire_wall_hanger,G90,,,,2x6-2x12,,,,,,,,,,fire_rated|2hr_rating|type_iii|multifamily|code_required,R302,N,,,,,,,,ORDER,3,,"2-hour fire rating, heavy capacity"
SST-CBT-1628,SST-CBTZ44,hardware,post_caps,concealed,concealed_beam_tie,Simpson CBTZ44 Concealed Beam Tie 4x4,,,Allowed,,,,,,,,,,,EA,EA,,,,,,,,,,,,,,,,Simpson Strong-Tie,,CBTZ44,concealed_tie,ZMAX,,,,4x4,,,,,,,,,,concealed|post_beam|architectural|clean_look,R602,N,,,,,,,,ORDER,3,,
SST-CBT-1629,SST-CBTZ46,hardware,post_caps,concealed,concealed_beam_tie,Simpson CBTZ46 Concealed Beam Tie 4x6,,,Allowed,,,,,,,,,,,EA,EA,,,,,,,,,,,,,,,,Simpson Strong-Tie,,CBTZ46,concealed_tie,ZMAX,,,,4x6,,,,,,,,,,concealed|post_beam|architectural|clean_look,R602,N,,,,,,,,ORDER,3,,
SST-CBT-1630,SST-CBTZ66,hardware,post_caps,concealed,concealed_beam_tie,Simpson CBTZ66 Concealed Beam Tie 6x6,,,Allowed,,,,,,,,,,,EA,EA,,,,,,,,,,,,,,,,Simpson Strong-Tie,,CBTZ66,concealed_tie,ZMAX,,,,6x6,,,,,,,,,,concealed|post_beam|architectural|clean_look,R602,N,,,,,,,,ORDER,3,,
SST-ECB-1631,SST-ECB44,hardware,post_bases,elevated,elevated_column_base,Simpson ECB44 Elevated Column Base 4x4,,,EquivalentOnlySameSpec,,,,,,,,,,,EA,EA,,,,,,,,,,,,,,,,Simpson Strong-Tie,,ECB44,column_base,ZMAX,,,,4x4,,,,,,,,,,balcony|stacked_posts|waterproofing|multifamily|standoff,R602,N,,,,,,,,ORDER,3,,"2.0"" standoff for waterproofing"
SST-ECB-1632,SST-ECB46,hardware,post_bases,elevated,elevated_column_base,Simpson ECB46 Elevated Column Base 4x6,,,EquivalentOnlySameSpec,,,,,,,,,,,EA,EA,,,,,,,,,,,,,,,,Simpson Strong-Tie,,ECB46,column_base,ZMAX,,,,4x6,,,,,,,,,,balcony|stacked_posts|waterproofing|multifamily|standoff,R602,N,,,,,,,,ORDER,3,,"2.0"" standoff for waterproofing"
SST-ECB-1633,SST-ECB66,hardware,post_bases,elevated,elevated_column_base,Simpson ECB66 Elevated Column Base 6x6,,,EquivalentOnlySameSpec,,,,,,,,,,,EA,EA,,,,,,,,,,,,,,,,Simpson Strong-Tie,,ECB66,column_base,ZMAX,,,,6x6,,,,,,,,,,balcony|stacked_posts|waterproofing|multifamily|standoff,R602,N,,,,,,,,ORDER,3,,"2.0"" standoff for waterproofing"
SST-MPB-1634,SST-MPBZ44,hardware,post_bases,moment,moment_post_base,Simpson MPBZ44 Moment Post Base 4x4,,,EquivalentOnlySameSpec,,,,,,,,,,,EA,EA,,,,,,,,,,,,,,,,Simpson Strong-Tie,,MPBZ44,moment_base,ZMAX,,,,4x4,,,,,,,,,,moment_resistance|lateral_load|guardrail|deck,R407,N,,,,,,,,ORDER,5,,
SST-MPB-1635,SST-MPBZ66,hardware,post_bases,moment,moment_post_base,Simpson MPBZ66 Moment Post Base 6x6,,,EquivalentOnlySameSpec,,,,,,,,,,,EA,EA,,,,,,,,,,,,,,,,Simpson Strong-Tie,,MPBZ66,moment_base,ZMAX,,,,6x6,,,,,,,,,,moment_resistance|lateral_load|guardrail|deck,R407,N,,,,,,,,ORDER,5,,
SST-MT-1636,SST-ACBH5.5,hardware,joist_hangers,mass_timber,concealed_beam_hanger,"Simpson ACBH5.5 Concealed Beam Hanger 5-1/2"" CLT",,,EquivalentOnlySameSpec,,,,,,,,,,,EA,EA,,,,,,,,,,,,,,,,Simpson Strong-Tie,,ACBH5.5,mass_timber,HDG,,,,"5-1/2"" CLT",,,,,,,,,,mass_timber|clt|glulam|heavy_timber|commercial,R502.6,N,,,,,,,,ORDER,7,,For mass timber construction
SST-MT-1637,SST-ACBH7,hardware,joist_hangers,mass_timber,concealed_beam_hanger,"Simpson ACBH7 Concealed Beam Hanger 7"" CLT",,,EquivalentOnlySameSpec,,,,,,,,,,,EA,EA,,,,,,,,,,,,,,,,Simpson Strong-Tie,,ACBH7,mass_timber,HDG,,,,"7"" CLT",,,,,,,,,,mass_timber|clt|glulam|heavy_timber|commercial,R502.6,N,,,,,,,,ORDER,7,,For mass timber construction
SST-MT-1638,SST-HSKP5.125,hardware,joist_hangers,mass_timber,heavy_seated_knife_plate,"Simpson HSKP5.125 Heavy Seated Knife Plate 5-1/8"" Glulam",,,EquivalentOnlySameSpec,,,,,,,,,,,EA,EA,,,,,,,,,,,,,,,,Simpson Strong-Tie,,HSKP5.125,mass_timber,HDG,,,,"5-1/8"" Glulam",,,,,,,,,,mass_timber|clt|glulam|heavy_timber|commercial,R602,N,,,,,,,,ORDER,7,,For mass timber construction
SST-MT-1639,SST-HSKP6.75,hardware,joist_hangers,mass_timber,heavy_seated_knife_plate,"Simpson HSKP6.75 Heavy Seated Knife Plate 6-3/4"" Glulam",,,EquivalentOnlySameSpec,,,,,,,,,,,EA,EA,,,,,,,,,,,,,,,,Simpson Strong-Tie,,HSKP6.75,mass_timber,HDG,,,,"6-3/4"" Glulam",,,,,,,,,,mass_timber|clt|glulam|heavy_timber|commercial,R602,N,,,,,,,,ORDER,7,,For mass timber construction
SST-LSSJ-1640,SST-LSSJ26,hardware,joist_hangers,adjustable,skewable_hanger,Simpson LSSJ26 Field Adjustable Jack Rafter Hanger 2x6-2x12,,,EquivalentOnlySameSpec,,,,,,,,,,,EA,EA,,,,,,,,,,,,,,,,Simpson Strong-Tie,,LSSJ26,jack_rafter_hanger,G90,face,,Y,2x6-2x12,,,,,,,,,,hip_rafter|valley_rafter|adjustable|field_skew|0-45deg,R502.6,N,,,,,,,,ORDER,3,,"Field adjustable 0-45° skew, 0:12-12:12 slope"
SST-LSSJ-1641,SST-LSSJ210,hardware,joist_hangers,adjustable,skewable_hanger,Simpson LSSJ210 Field Adjustable Jack Rafter Hanger 2x10-2x14,,,EquivalentOnlySameSpec,,,,,,,,,,,EA,EA,,,,,,,,,,,,,,,,Simpson Strong-Tie,,LSSJ210,jack_rafter_hanger,G90,face,,Y,2x10-2x14,,,,,,,,,,hip_rafter|valley_rafter|adjustable|field_skew|0-45deg,R502.6,N,,,,,,,,ORDER,3,,"Field adjustable 0-45° skew, 0:12-12:12 slope"
DW-1642,DW-REG-14-4X8,drywall,gypsum_board,standard,drywall_sheet,"Drywall Regular 1/4"" 4x8'",,,Allowed,,,,0.25,,,,,,,SF,SHT,,,32,32.0,,,,,,48,96,,,SQ,,,,,,,,,,,,,,,,,,,,drywall|standard|interior,R702,N,,,,,,,,STOCK,,,
DW-1643,DW-REG-14-4X10,drywall,gypsum_board,standard,drywall_sheet,"Drywall Regular 1/4"" 4x10'",,,Allowed,,,,0.25,,,,,,,SF,SHT,,,40,40.0,,,,,,48,120,,,SQ,,,,,,,,,,,,,,,,,,,,drywall|standard|interior,R702,N,,,,,,,,STOCK,,,
DW-1644,DW-REG-14-4X12,drywall,gypsum_board,standard,drywall_sheet,"Drywall Regular 1/4"" 4x12'",,,Allowed,,,,0.25,,,,,,,SF,SHT,,,48,48.0,,,,,,48,144,,,SQ,,,,,,,,,,,,,,,,,,,,drywall|standard|interior,R702,N,,,,,,,,STOCK,,,
DW-1645,DW-REG-38-4X8,drywall,gypsum_board,standard,drywall_sheet,"Drywall Regular 3/8"" 4x8'",,,Allowed,,,,0.375,,,,,,,SF,SHT,,,32,32.0,,,,,,48,96,,,SQ,,,,,,,,,,,,,,,,,,,,drywall|standard|interior,R702,N,,,,,,,,STOCK,,,
DW-1646,DW-REG-38-4X10,drywall,gypsum_board,standard,drywall_sheet,"Drywall Regular 3/8"" 4x10'",,,Allowed,,,,0.375,,,,,,,SF,SHT,,,40,40.0,,,,,,48,120,,,SQ,,,,,,,,,,,,,,,,,,,,drywall|standard|interior,R702,N,,,,,,,,STOCK,,,
DW-1647,DW-REG-38-4X12,drywall,gypsum_board,standard,drywall_sheet,"Drywall Regular 3/8"" 4x12'",,,Allowed,,,,0.375,,,,,,,SF,SHT,,,48,48.0,,,,,,48,144,,,SQ,,,,,,,,,,,,,,,,,,,,drywall|standard|interior,R702,N,,,,,,,,STOCK,,,
DW-1648,DW-REG-12-4X8,drywall,gypsum_board,standard,drywall_sheet,"Drywall Regular 1/2"" 4x8'",,,Allowed,,,,0.5,,,,,,,SF,SHT,,,32,32.0,,,,,,48,96,,,SQ,,,,,,,,,,,,,,,,,,,,drywall|standard|interior,R702,N,,,,,,,,STOCK,,,
DW-1649,DW-REG-12-4X10,drywall,gypsum_board,standard,drywall_sheet,"Drywall Regular 1/2"" 4x10'",,,Allowed,,,,0.5,,,,,,,SF,SHT,,,40,40.0,,,,,,48,120,,,SQ,,,,,,,,,,,,,,,,,,,,drywall|standard|interior,R702,N,,,,,,,,STOCK,,,
DW-1650,DW-REG-12-4X12,drywall,gypsum_board,standard,drywall_sheet,"Drywall Regular 1/2"" 4x12'",,,Allowed,,,,0.5,,,,,,,SF,SHT,,,48,48.0,,,,,,48,144,,,SQ,,,,,,,,,,,,,,,,,,,,drywall|standard|interior,R702,N,,,,,,,,STOCK,,,
DW-1651,DW-REG-58-4X8,drywall,gypsum_board,standard,drywall_sheet,"Drywall Regular 5/8"" 4x8'",,,Allowed,,,,0.625,,,,,,,SF,SHT,,,32,32.0,,,,,,48,96,,,SQ,,,,,,,,,,,,,,,,,,,,drywall|standard|interior,R702,N,,,,,,,,STOCK,,,
DW-1652,DW-REG-58-4X10,drywall,gypsum_board,standard,drywall_sheet,"Drywall Regular 5/8"" 4x10'",,,Allowed,,,,0.625,,,,,,,SF,SHT,,,40,40.0,,,,,,48,120,,,SQ,,,,,,,,,,,,,,,,,,,,drywall|standard|interior,R702,N,,,,,,,,STOCK,,,
DW-1653,DW-REG-58-4X12,drywall,gypsum_board,standard,drywall_sheet,"Drywall Regular 5/8"" 4x12'",,,Allowed,,,,0.625,,,,,,,SF,SHT,,,48,48.0,,,,,,48,144,,,SQ,,,,,,,,,,,,,,,,,,,,drywall|standard|interior,R702,N,,,,,,,,STOCK,,,
DW-1654,DW-MR-12-4X8,drywall,gypsum_board,greenboard,drywall_sheet,"Drywall Moisture Resistant 1/2"" 4x8'",,,Allowed,,,,0.5,,,,,,,SF,SHT,,,32,32.0,,,,,,48,96,,,SQ,,,,,,,,,,,,,,,,,,,,drywall|greenboard|interior,R702,N,,,,,,,,STOCK,,,
DW-1655,DW-MR-12-4X10,drywall,gypsum_board,greenboard,drywall_sheet,"Drywall Moisture Resistant 1/2"" 4x10'",,,Allowed,,,,0.5,,,,,,,SF,SHT,,,40,40.0,,,,,,48,120,,,SQ,,,,,,,,,,,,,,,,,,,,drywall|greenboard|interior,R702,N,,,,,,,,STOCK,,,
DW-1656,DW-MR-12-4X12,drywall,gypsum_board,greenboard,drywall_sheet,"Drywall Moisture Resistant 1/2"" 4x12'",,,Allowed,,,,0.5,,,,,,,SF,SHT,,,48,48.0,,,,,,48,144,,,SQ,,,,,,,,,,,,,,,,,,,,drywall|greenboard|interior,R702,N,,,,,,,,STOCK,,,
DW-1657,DW-MR-58-4X8,drywall,gypsum_board,greenboard,drywall_sheet,"Drywall Moisture Resistant 5/8"" 4x8'",,,Allowed,,,,0.625,,,,,,,SF,SHT,,,32,32.0,,,,,,48,96,,,SQ,,,,,,,,,,,,,,,,,,,,drywall|greenboard|interior,R702,N,,,,,,,,STOCK,,,
DW-1658,DW-MR-58-4X10,drywall,gypsum_board,greenboard,drywall_sheet,"Drywall Moisture Resistant 5/8"" 4x10'",,,Allowed,,,,0.625,,,,,,,SF,SHT,,,40,40.0,,,,,,48,120,,,SQ,,,,,,,,,,,,,,,,,,,,drywall|greenboard|interior,R702,N,,,,,,,,STOCK,,,
DW-1659,DW-MR-58-4X12,drywall,gypsum_board,greenboard,drywall_sheet,"Drywall Moisture Resistant 5/8"" 4x12'",,,Allowed,,,,0.625,,,,,,,SF,SHT,,,48,48.0,,,,,,48,144,,,SQ,,,,,,,,,,,,,,,,,,,,drywall|greenboard|interior,R702,N,,,,,,,,STOCK,,,
DW-1660,DW-FR-58-4X8,drywall,gypsum_board,type_x,drywall_sheet,"Drywall Type X Fire Rated 5/8"" 4x8'",,,Allowed,,,,0.625,,,,,,,SF,SHT,,,32,32.0,,,,,,48,96,,,SQ,,,,,,,,,,,,,,,,,,,,drywall|type_x|interior,R302,N,,,,,,,,STOCK,,,
DW-1661,DW-FR-58-4X10,drywall,gypsum_board,type_x,drywall_sheet,"Drywall Type X Fire Rated 5/8"" 4x10'",,,Allowed,,,,0.625,,,,,,,SF,SHT,,,40,40.0,,,,,,48,120,,,SQ,,,,,,,,,,,,,,,,,,,,drywall|type_x|interior,R302,N,,,,,,,,STOCK,,,
DW-1662,DW-FR-58-4X12,drywall,gypsum_board,type_x,drywall_sheet,"Drywall Type X Fire Rated 5/8"" 4x12'",,,Allowed,,,,0.625,,,,,,,SF,SHT,,,48,48.0,,,,,,48,144,,,SQ,,,,,,,,,,,,,,,,,,,,drywall|type_x|interior,R302,N,,,,,,,,STOCK,,,
DW-1663,DW-ABUSE-12-4X8,drywall,gypsum_board,abuse_resistant,drywall_sheet,"Drywall Abuse Resistant 1/2"" 4x8'",,,Allowed,,,,0.5,,,,,,,SF,SHT,,,32,32.0,,,,,,48,96,,,SQ,,,,,,,,,,,,,,,,,,,,drywall|abuse_resistant|interior,R702,N,,,,,,,,STOCK,,,
DW-1664,DW-ABUSE-12-4X10,drywall,gypsum_board,abuse_resistant,drywall_sheet,"Drywall Abuse Resistant 1/2"" 4x10'",,,Allowed,,,,0.5,,,,,,,SF,SHT,,,40,40.0,,,,,,48,120,,,SQ,,,,,,,,,,,,,,,,,,,,drywall|abuse_resistant|interior,R702,N,,,,,,,,STOCK,,,
DW-1665,DW-ABUSE-12-4X12,drywall,gypsum_board,abuse_resistant,drywall_sheet,"Drywall Abuse Resistant 1/2"" 4x12'",,,Allowed,,,,0.5,,,,,,,SF,SHT,,,48,48.0,,,,,,48,144,,,SQ,,,,,,,,,,,,,,,,,,,,drywall|abuse_resistant|interior,R702,N,,,,,,,,STOCK,,,
DW-1666,DW-ABUSE-58-4X8,drywall,gypsum_board,abuse_resistant,drywall_sheet,"Drywall Abuse Resistant 5/8"" 4x8'",,,Allowed,,,,0.625,,,,,,,SF,SHT,,,32,32.0,,,,,,48,96,,,SQ,,,,,,,,,,,,,,,,,,,,drywall|abuse_resistant|interior,R702,N,,,,,,,,STOCK,,,
DW-1667,DW-ABUSE-58-4X10,drywall,gypsum_board,abuse_resistant,drywall_sheet,"Drywall Abuse Resistant 5/8"" 4x10'",,,Allowed,,,,0.625,,,,,,,SF,SHT,,,40,40.0,,,,,,48,120,,,SQ,,,,,,,,,,,,,,,,,,,,drywall|abuse_resistant|interior,R702,N,,,,,,,,STOCK,,,
DW-1668,DW-ABUSE-58-4X12,drywall,gypsum_board,abuse_resistant,drywall_sheet,"Drywall Abuse Resistant 5/8"" 4x12'",,,Allowed,,,,0.625,,,,,,,SF,SHT,,,48,48.0,,,,,,48,144,,,SQ,,,,,,,,,,,,,,,,,,,,drywall|abuse_resistant|interior,R702,N,,,,,,,,STOCK,,,
DWA-1669,DWA-MUD-AP,drywall,accessories,premixed,joint_compound,All Purpose Joint Compound,,,Allowed,,,,,,,,,,,GAL,EA,,,,,,4.5,,,,,,,,,,,,,,,,,,,,,,,,,,,,finishing|taping|drywall,R702,N,,,,,,,,STOCK,,,
DWA-1670,DWA-MUD-TOP,drywall,accessories,premixed,joint_compound,Topping Compound,,,Allowed,,,,,,,,,,,GAL,EA,,,,,,4.5,,,,,,,,,,,,,,,,,,,,,,,,,,,,finishing|taping|drywall,R702,N,,,,,,,,STOCK,,,
DWA-1671,DWA-MUD-20,drywall,accessories,setting,joint_compound,20-Minute Setting Compound,,,Allowed,,,,,,,,,,,GAL,EA,,,,,,18,,,,,,,,,,,,,,,,,,,,,,,,,,,,finishing|taping|drywall,R702,N,,,,,,,,STOCK,,,
DWA-1672,DWA-MUD-45,drywall,accessories,setting,joint_compound,45-Minute Setting Compound,,,Allowed,,,,,,,,,,,GAL,EA,,,,,,18,,,,,,,,,,,,,,,,,,,,,,,,,,,,finishing|taping|drywall,R702,N,,,,,,,,STOCK,,,
DWA-1673,DWA-MUD-90,drywall,accessories,setting,joint_compound,90-Minute Setting Compound,,,Allowed,,,,,,,,,,,GAL,EA,,,,,,18,,,,,,,,,,,,,,,,,,,,,,,,,,,,finishing|taping|drywall,R702,N,,,,,,,,STOCK,,,
DWA-1674,DWA-TAPE-P,drywall,accessories,paper,joint_tape,"Paper Joint Tape 2""x250'",,,Allowed,,,,,,,,,,,LF,RL,,,,,,,,,,,,,,,,,,,,,,,,,,,,,,,250,2,,taping|joints|drywall,R702,N,,,,,,,,STOCK,,,
DWA-1675,DWA-TAPE-M,drywall,accessories,mesh,joint_tape,"Fiberglass Mesh Tape 2""x300'",,,Allowed,,,,,,,,,,,LF,RL,,,,,,,,,,,,,,,,,,,,,,,,,,,,,,,300,2,,taping|joints|drywall,R702,N,,,,,,,,STOCK,,,
DWA-1676,DWA-BEAD-P-8FT,drywall,accessories,paper,corner_bead,Paper Faced Corner Bead 8',,,Allowed,,,,,,,96,,,,LF,EA,8,,,,,,,,,,,,,,,,,,,,,,,,,,,,,,,,,corners|outside_corner|drywall,R702,N,,,,,,,,STOCK,,,
DWA-1677,DWA-BEAD-M-8FT,drywall,accessories,metal,corner_bead,Metal Corner Bead 8',,,Allowed,,,,,,,96,,,,LF,EA,8,,,,,,,,,,,,,,,,,,,,,,,,,,,,,,,,,corners|outside_corner|drywall,R702,N,,,,,,,,STOCK,,,
DWA-1678,DWA-BEAD-V-8FT,drywall,accessories,vinyl,corner_bead,Vinyl Corner Bead 8',,,Allowed,,,,,,,96,,,,LF,EA,8,,,,,,,,,,,,,,,,,,,,,,,,,,,,,,,,,corners|outside_corner|drywall,R702,N,,,,,,,,STOCK,,,
INS-MW-1679,ROCKWOOL-R15-15W,insulation,batt,mineral_wool,batt_insulation,"ROCKWOOL Comfortbatt R-15 3.5""x15""",,batt:fiberglass,EquivalentOnlySameSpec,,,,3.5,15,,,,,,SF,BAG,,,,,,,,,,,,,,,,ROCKWOOL,Comfortbatt,,,,,,,2x4,,,,,,,,,,thermal|acoustical|fire_resistant|non_combustible,N1102,N,,,,,,,,STOCK,,,
INS-MW-1680,ROCKWOOL-R15-23W,insulation,batt,mineral_wool,batt_insulation,"ROCKWOOL Comfortbatt R-15 3.5""x23""",,batt:fiberglass,EquivalentOnlySameSpec,,,,3.5,23,,,,,,SF,BAG,,,,,,,,,,,,,,,,ROCKWOOL,Comfortbatt,,,,,,,2x4,,,,,,,,,,thermal|acoustical|fire_resistant|non_combustible,N1102,N,,,,,,,,STOCK,,,
INS-MW-1681,ROCKWOOL-R23-15W,insulation,batt,mineral_wool,batt_insulation,"ROCKWOOL Comfortbatt R-23 5.5""x15""",,batt:fiberglass,EquivalentOnlySameSpec,,,,5.5,15,,,,,,SF,BAG,,,,,,,,,,,,,,,,ROCKWOOL,Comfortbatt,,,,,,,2x6,,,,,,,,,,thermal|acoustical|fire_resistant|non_combustible,N1102,N,,,,,,,,STOCK,,,
INS-MW-1682,ROCKWOOL-R23-23W,insulation,batt,mineral_wool,batt_insulation,"ROCKWOOL Comfortbatt R-23 5.5""x23""",,batt:fiberglass,EquivalentOnlySameSpec,,,,5.5,23,,,,,,SF,BAG,,,,,,,,,,,,,,,,ROCKWOOL,Comfortbatt,,,,,,,2x6,,,,,,,,,,thermal|acoustical|fire_resistant|non_combustible,N1102,N,,,,,,,,STOCK,,,
INS-MW-1683,ROCKWOOL-R30-15W,insulation,batt,mineral_wool,batt_insulation,"ROCKWOOL Comfortbatt R-30 7.25""x15""",,batt:fiberglass,EquivalentOnlySameSpec,,,,7.25,15,,,,,,SF,BAG,,,,,,,,,,,,,,,,ROCKWOOL,Comfortbatt,,,,,,,2x8/2x10,,,,,,,,,,thermal|acoustical|fire_resistant|non_combustible,N1102,N,,,,,,,,STOCK,,,
INS-MW-1684,ROCKWOOL-R30-23W,insulation,batt,mineral_wool,batt_insulation,"ROCKWOOL Comfortbatt R-30 7.25""x23""",,batt:fiberglass,EquivalentOnlySameSpec,,,,7.25,23,,,,,,SF,BAG,,,,,,,,,,,,,,,,ROCKWOOL,Comfortbatt,,,,,,,2x8/2x10,,,,,,,,,,thermal|acoustical|fire_resistant|non_combustible,N1102,N,,,,,,,,STOCK,,,
INS-RIG-1685,INS-XPS-1-4X8,insulation,rigid,xps,rigid_insulation,"XPS Rigid Foam R-5 1.0"" 4x8",,,EquivalentOnlySameSpec,,,,1,,,,,,,SF,SHT,,,32,,,,,,,48,96,,,,,,,,,,,,,,,,,,,,,,,continuous|exterior|foundation|roof,N1102,N,,,,,,,,STOCK,,,Extruded Polystyrene
INS-RIG-1686,INS-XPS-1.5-4X8,insulation,rigid,xps,rigid_insulation,"XPS Rigid Foam R-7.5 1.5"" 4x8",,,EquivalentOnlySameSpec,,,,1.5,,,,,,,SF,SHT,,,32,,,,,,,48,96,,,,,,,,,,,,,,,,,,,,,,,continuous|exterior|foundation|roof,N1102,N,,,,,,,,STOCK,,,Extruded Polystyrene
INS-RIG-1687,INS-XPS-2-4X8,insulation,rigid,xps,rigid_insulation,"XPS Rigid Foam R-10 2.0"" 4x8",,,EquivalentOnlySameSpec,,,,2,,,,,,,SF,SHT,,,32,,,,,,,48,96,,,,,,,,,,,,,,,,,,,,,,,continuous|exterior|foundation|roof,N1102,N,,,,,,,,STOCK,,,Extruded Polystyrene
INS-RIG-1688,INS-EPS-1-4X8,insulation,rigid,eps,rigid_insulation,"EPS Rigid Foam R-4 1.0"" 4x8",,,EquivalentOnlySameSpec,,,,1,,,,,,,SF,SHT,,,32,,,,,,,48,96,,,,,,,,,,,,,,,,,,,,,,,continuous|exterior|foundation|roof,N1102,N,,,,,,,,STOCK,,,Expanded Polystyrene
INS-RIG-1689,INS-EPS-2-4X8,insulation,rigid,eps,rigid_insulation,"EPS Rigid Foam R-8 2.0"" 4x8",,,EquivalentOnlySameSpec,,,,2,,,,,,,SF,SHT,,,32,,,,,,,48,96,,,,,,,,,,,,,,,,,,,,,,,continuous|exterior|foundation|roof,N1102,N,,,,,,,,STOCK,,,Expanded Polystyrene
INS-RIG-1690,INS-POLY-1-4X8,insulation,rigid,poly,rigid_insulation,"Polyiso Rigid R-6 1.0"" 4x8",,,EquivalentOnlySameSpec,,,,1,,,,,,,SF,SHT,,,32,,,,,,,48,96,,,,,,,,,,,,,,,,,,,,,,,continuous|exterior|foundation|roof,N1102,N,,,,,,,,STOCK,,,Polyisocyanurate
INS-RIG-1691,INS-POLY-2-4X8,insulation,rigid,poly,rigid_insulation,"Polyiso Rigid R-12 2.0"" 4x8",,,EquivalentOnlySameSpec,,,,2,,,,,,,SF,SHT,,,32,,,,,,,48,96,,,,,,,,,,,,,,,,,,,,,,,continuous|exterior|foundation|roof,N1102,N,,,,,,,,STOCK,,,Polyisocyanurate
BP-1692,BP-FELT-15,wrb_flashing,building_paper,asphalt_felt,building_paper,"#15 Asphalt Felt 36""x144' Roll",,,Must_Match,,,,,,,,,,,SF,RL,,,,432,,,,,,,,,,,,,,,,,,,,,,,,,,3,144,,,underlayment|wall|roof|moisture_barrier,R703.2,N,,,,,,,,STOCK,,,
BP-1693,BP-FELT-30,wrb_flashing,building_paper,asphalt_felt,building_paper,"#30 Asphalt Felt 36""x144' Roll",,,Must_Match,,,,,,,,,,,SF,RL,,,,216,,,,,,,,,,,,,,,,,,,,,,,,,,3,144,,,underlayment|wall|roof|moisture_barrier,R703.2,N,,,,,,,,STOCK,,,
BP-1694,FORT-JUMBO,wrb_flashing,building_paper,fortifiber,building_paper,Fortifiber Jumbo Tex Two-Ply Roll,,,Must_Match,,,,,,,,,,,SF,RL,,,,500,,,,,,,,,,,,Fortifiber,,,,,,,,,,,,,,,,,,moisture_barrier|vapor_retarder|commercial,R703.2,N,,,,,,,,ORDER,3,,
BP-1695,FORT-AQUAB,wrb_flashing,building_paper,fortifiber,building_paper,Fortifiber Aquabar B Roll,,,Must_Match,,,,,,,,,,,SF,RL,,,,500,,,,,,,,,,,,Fortifiber,,,,,,,,,,,,,,,,,,moisture_barrier|vapor_retarder|commercial,R703.2,N,,,,,,,,ORDER,3,,
REB-1696,REBAR-3-10FT,hardware,concrete,rebar,reinforcing_bar,"Rebar #3 (0.375"") x 10'",,,Allowed,,Grade 60,,,,,120,0.375,,,LF,EA,10,,,,,,,,,,,,,,,,,,,,,,,,,,,,,,,,,reinforcing|concrete|foundation|slab,R403,N,,,,,,,,STOCK,,,
REB-1697,REBAR-3-20FT,hardware,concrete,rebar,reinforcing_bar,"Rebar #3 (0.375"") x 20'",,,Allowed,,Grade 60,,,,,240,0.375,,,LF,EA,20,,,,,,,,,,,,,,,,,,,,,,,,,,,,,,,,,reinforcing|concrete|foundation|slab,R403,N,,,,,,,,STOCK,,,
REB-1698,REBAR-4-10FT,hardware,concrete,rebar,reinforcing_bar,"Rebar #4 (0.5"") x 10'",,,Allowed,,Grade 60,,,,,120,0.5,,,LF,EA,10,,,,,,,,,,,,,,,,,,,,,,,,,,,,,,,,,reinforcing|concrete|foundation|slab,R403,N,,,,,,,,STOCK,,,
REB-1699,REBAR-4-20FT,hardware,concrete,rebar,reinforcing_bar,"Rebar #4 (0.5"") x 20'",,,Allowed,,Grade 60,,,,,240,0.5,,,LF,EA,20,,,,,,,,,,,,,,,,,,,,,,,,,,,,,,,,,reinforcing|concrete|foundation|slab,R403,N,,,,,,,,STOCK,,,
REB-1700,REBAR-5-10FT,hardware,concrete,rebar,reinforcing_bar,"Rebar #5 (0.625"") x 10'",,,Allowed,,Grade 60,,,,,120,0.625,,,LF,EA,10,,,,,,,,,,,,,,,,,,,,,,,,,,,,,,,,,reinforcing|concrete|foundation|slab,R403,N,,,,,,,,STOCK,,,
REB-1701,REBAR-5-20FT,hardware,concrete,rebar,reinforcing_bar,"Rebar #5 (0.625"") x 20'",,,Allowed,,Grade 60,,,,,240,0.625,,,LF,EA,20,,,,,,,,,,,,,,,,,,,,,,,,,,,,,,,,,reinforcing|concrete|foundation|slab,R403,N,,,,,,,,STOCK,,,
REB-1702,REBAR-6-10FT,hardware,concrete,rebar,reinforcing_bar,"Rebar #6 (0.75"") x 10'",,,Allowed,,Grade 60,,,,,120,0.75,,,LF,EA,10,,,,,,,,,,,,,,,,,,,,,,,,,,,,,,,,,reinforcing|concrete|foundation|slab,R403,N,,,,,,,,STOCK,,,
REB-1703,REBAR-6-20FT,hardware,concrete,rebar,reinforcing_bar,"Rebar #6 (0.75"") x 20'",,,Allowed,,Grade 60,,,,,240,0.75,,,LF,EA,20,,,,,,,,,,,,,,,,,,,,,,,,,,,,,,,,,reinforcing|concrete|foundation|slab,R403,N,,,,,,,,STOCK,,,
ATR-1704,ALLTHREAD-38-12IN,hardware,concrete,threaded_rod,allthread,"Threaded Rod 3/8"" x 12""",,,Allowed,,,,,,,12,0.375,,,LF,EA,1,,,,,,,,,,,,,,,,,,,HDG,,,,,,,,,,,,,,holdown|anchor|threaded|foundation,R602,N,,,,,,,,STOCK,,,
ATR-1705,ALLTHREAD-38-36IN,hardware,concrete,threaded_rod,allthread,"Threaded Rod 3/8"" x 3'",,,Allowed,,,,,,,36,0.375,,,LF,EA,3,,,,,,,,,,,,,,,,,,,HDG,,,,,,,,,,,,,,holdown|anchor|threaded|foundation,R602,N,,,,,,,,STOCK,,,
ATR-1706,ALLTHREAD-38-72IN,hardware,concrete,threaded_rod,allthread,"Threaded Rod 3/8"" x 6'",,,Allowed,,,,,,,72,0.375,,,LF,EA,6,,,,,,,,,,,,,,,,,,,HDG,,,,,,,,,,,,,,holdown|anchor|threaded|foundation,R602,N,,,,,,,,STOCK,,,
ATR-1707,ALLTHREAD-38-120IN,hardware,concrete,threaded_rod,allthread,"Threaded Rod 3/8"" x 10'",,,Allowed,,,,,,,120,0.375,,,LF,EA,10,,,,,,,,,,,,,,,,,,,HDG,,,,,,,,,,,,,,holdown|anchor|threaded|foundation,R602,N,,,,,,,,STOCK,,,
ATR-1708,ALLTHREAD-12-12IN,hardware,concrete,threaded_rod,allthread,"Threaded Rod 1/2"" x 12""",,,Allowed,,,,,,,12,0.5,,,LF,EA,1,,,,,,,,,,,,,,,,,,,HDG,,,,,,,,,,,,,,holdown|anchor|threaded|foundation,R602,N,,,,,,,,STOCK,,,
ATR-1709,ALLTHREAD-12-36IN,hardware,concrete,threaded_rod,allthread,"Threaded Rod 1/2"" x 3'",,,Allowed,,,,,,,36,0.5,,,LF,EA,3,,,,,,,,,,,,,,,,,,,HDG,,,,,,,,,,,,,,holdown|anchor|threaded|foundation,R602,N,,,,,,,,STOCK,,,
ATR-1710,ALLTHREAD-12-72IN,hardware,concrete,threaded_rod,allthread,"Threaded Rod 1/2"" x 6'",,,Allowed,,,,,,,72,0.5,,,LF,EA,6,,,,,,,,,,,,,,,,,,,HDG,,,,,,,,,,,,,,holdown|anchor|threaded|foundation,R602,N,,,,,,,,STOCK,,,
ATR-1711,ALLTHREAD-12-120IN,hardware,concrete,threaded_rod,allthread,"Threaded Rod 1/2"" x 10'",,,Allowed,,,,,,,120,0.5,,,LF,EA,10,,,,,,,,,,,,,,,,,,,HDG,,,,,,,,,,,,,,holdown|anchor|threaded|foundation,R602,N,,,,,,,,STOCK,,,
ATR-1712,ALLTHREAD-58-12IN,hardware,concrete,threaded_rod,allthread,"Threaded Rod 5/8"" x 12""",,,Allowed,,,,,,,12,0.625,,,LF,EA,1,,,,,,,,,,,,,,,,,,,HDG,,,,,,,,,,,,,,holdown|anchor|threaded|foundation,R602,N,,,,,,,,STOCK,,,
ATR-1713,ALLTHREAD-58-36IN,hardware,concrete,threaded_rod,allthread,"Threaded Rod 5/8"" x 3'",,,Allowed,,,,,,,36,0.625,,,LF,EA,3,,,,,,,,,,,,,,,,,,,HDG,,,,,,,,,,,,,,holdown|anchor|threaded|foundation,R602,N,,,,,,,,STOCK,,,
ATR-1714,ALLTHREAD-58-72IN,hardware,concrete,threaded_rod,allthread,"Threaded Rod 5/8"" x 6'",,,Allowed,,,,,,,72,0.625,,,LF,EA,6,,,,,,,,,,,,,,,,,,,HDG,,,,,,,,,,,,,,holdown|anchor|threaded|foundation,R602,N,,,,,,,,STOCK,,,
ATR-1715,ALLTHREAD-58-120IN,hardware,concrete,threaded_rod,allthread,"Threaded Rod 5/8"" x 10'",,,Allowed,,,,,,,120,0.625,,,LF,EA,10,,,,,,,,,,,,,,,,,,,HDG,,,,,,,,,,,,,,holdown|anchor|threaded|foundation,R602,N,,,,,,,,STOCK,,,
ATR-1716,ALLTHREAD-34-12IN,hardware,concrete,threaded_rod,allthread,"Threaded Rod 3/4"" x 12""",,,Allowed,,,,,,,12,0.75,,,LF,EA,1,,,,,,,,,,,,,,,,,,,HDG,,,,,,,,,,,,,,holdown|anchor|threaded|foundation,R602,N,,,,,,,,STOCK,,,
ATR-1717,ALLTHREAD-34-36IN,hardware,concrete,threaded_rod,allthread,"Threaded Rod 3/4"" x 3'",,,Allowed,,,,,,,36,0.75,,,LF,EA,3,,,,,,,,,,,,,,,,,,,HDG,,,,,,,,,,,,,,holdown|anchor|threaded|foundation,R602,N,,,,,,,,STOCK,,,
ATR-1718,ALLTHREAD-34-72IN,hardware,concrete,threaded_rod,allthread,"Threaded Rod 3/4"" x 6'",,,Allowed,,,,,,,72,0.75,,,LF,EA,6,,,,,,,,,,,,,,,,,,,HDG,,,,,,,,,,,,,,holdown|anchor|threaded|foundation,R602,N,,,,,,,,STOCK,,,
ATR-1719,ALLTHREAD-34-120IN,hardware,concrete,threaded_rod,allthread,"Threaded Rod 3/4"" x 10'",,,Allowed,,,,,,,120,0.75,,,LF,EA,10,,,,,,,,,,,,,,,,,,,HDG,,,,,,,,,,,,,,holdown|anchor|threaded|foundation,R602,N,,,,,,,,STOCK,,,
ATR-1720,ALLTHREAD-78-12IN,hardware,concrete,threaded_rod,allthread,"Threaded Rod 7/8"" x 12""",,,Allowed,,,,,,,12,0.875,,,LF,EA,1,,,,,,,,,,,,,,,,,,,HDG,,,,,,,,,,,,,,holdown|anchor|threaded|foundation,R602,N,,,,,,,,STOCK,,,
ATR-1721,ALLTHREAD-78-36IN,hardware,concrete,threaded_rod,allthread,"Threaded Rod 7/8"" x 3'",,,Allowed,,,,,,,36,0.875,,,LF,EA,3,,,,,,,,,,,,,,,,,,,HDG,,,,,,,,,,,,,,holdown|anchor|threaded|foundation,R602,N,,,,,,,,STOCK,,,
ATR-1722,ALLTHREAD-78-72IN,hardware,concrete,threaded_rod,allthread,"Threaded Rod 7/8"" x 6'",,,Allowed,,,,,,,72,0.875,,,LF,EA,6,,,,,,,,,,,,,,,,,,,HDG,,,,,,,,,,,,,,holdown|anchor|threaded|foundation,R602,N,,,,,,,,STOCK,,,
ATR-1723,ALLTHREAD-78-120IN,hardware,concrete,threaded_rod,allthread,"Threaded Rod 7/8"" x 10'",,,Allowed,,,,,,,120,0.875,,,LF,EA,10,,,,,,,,,,,,,,,,,,,HDG,,,,,,,,,,,,,,holdown|anchor|threaded|foundation,R602,N,,,,,,,,STOCK,,,
ATR-1724,ALLTHREAD-1-12IN,hardware,concrete,threaded_rod,allthread,"Threaded Rod 1"" x 12""",,,Allowed,,,,,,,12,1,,,LF,EA,1,,,,,,,,,,,,,,,,,,,HDG,,,,,,,,,,,,,,holdown|anchor|threaded|foundation,R602,N,,,,,,,,STOCK,,,
ATR-1725,ALLTHREAD-1-36IN,hardware,concrete,threaded_rod,allthread,"Threaded Rod 1"" x 3'",,,Allowed,,,,,,,36,1,,,LF,EA,3,,,,,,,,,,,,,,,,,,,HDG,,,,,,,,,,,,,,holdown|anchor|threaded|foundation,R602,N,,,,,,,,STOCK,,,
ATR-1726,ALLTHREAD-1-72IN,hardware,concrete,threaded_rod,allthread,"Threaded Rod 1"" x 6'",,,Allowed,,,,,,,72,1,,,LF,EA,6,,,,,,,,,,,,,,,,,,,HDG,,,,,,,,,,,,,,holdown|anchor|threaded|foundation,R602,N,,,,,,,,STOCK,,,
ATR-1727,ALLTHREAD-1-120IN,hardware,concrete,threaded_rod,allthread,"Threaded Rod 1"" x 10'",,,Allowed,,,,,,,120,1,,,LF,EA,10,,,,,,,,,,,,,,,,,,,HDG,,,,,,,,,,,,,,holdown|anchor|threaded|foundation,R602,N,,,,,,,,STOCK,,,
ANC-1728,ANC-COUP-H,hardware,concrete,anchor_accessories,coupler_nut,"Heavy Hex Coupler Nut 1/2""",,,Allowed,,,,,,,,,,"1/2""",EA,EA,,,,,,,,,,,,,,,,,,,,HDG,,,,,,,,,,,,,,anchor|holdown|foundation,R602,N,,,,,,,,STOCK,,,
ANC-1729,ANC-COUP-S,hardware,concrete,anchor_accessories,coupler_nut,"Heavy Hex Coupler Nut 5/8""",,,Allowed,,,,,,,,,,"5/8""",EA,EA,,,,,,,,,,,,,,,,,,,,HDG,,,,,,,,,,,,,,anchor|holdown|foundation,R602,N,,,,,,,,STOCK,,,
ANC-1730,ANC-COUP-L,hardware,concrete,anchor_accessories,coupler_nut,"Heavy Hex Coupler Nut 3/4""",,,Allowed,,,,,,,,,,"3/4""",EA,EA,,,,,,,,,,,,,,,,,,,,HDG,,,,,,,,,,,,,,anchor|holdown|foundation,R602,N,,,,,,,,STOCK,,,
ANC-1731,ANC-PWASH-H,hardware,concrete,anchor_accessories,plate_washer,"Plate Washer 3x3x1/4"" 1/2"" hole",,,Allowed,,,,,,,,,,"3x3x1/4""",EA,EA,,,,,,,,,,,,,,,,,,,,HDG,,,,,,,,,,,,,,anchor|holdown|foundation,R602,N,,,,,,,,STOCK,,,
ANC-1732,ANC-PWASH-S,hardware,concrete,anchor_accessories,plate_washer,"Plate Washer 3x3x1/4"" 5/8"" hole",,,Allowed,,,,,,,,,,"3x3x1/4""",EA,EA,,,,,,,,,,,,,,,,,,,,HDG,,,,,,,,,,,,,,anchor|holdown|foundation,R602,N,,,,,,,,STOCK,,,
ANC-1733,ANC-PWASH-L,hardware,concrete,anchor_accessories,plate_washer,"Plate Washer 3x3x1/4"" 3/4"" hole",,,Allowed,,,,,,,,,,"3x3x1/4""",EA,EA,,,,,,,,,,,,,,,,,,,,HDG,,,,,,,,,,,,,,anchor|holdown|foundation,R602,N,,,,,,,,STOCK,,,
CBB-1734,CBB-HB-Q,structural_panels,backer_board,cement_board,cement_backer,"Hardie Backer Board 1/4"" 3x5",,,EquivalentOnlySameSpec,,,,0.25,,,,,,,SF,SHT,,,15,15.0,,,,,,36,60,,,SQ,,Hardie,,,,,,,,,,,,,,,,,,tile_substrate|wet_area|shower|floor,R602.3,N,,,,,,,,STOCK,,,
CBB-1735,CBB-HB-H,structural_panels,backer_board,cement_board,cement_backer,"Hardie Backer Board 1/2"" 3x5",,,EquivalentOnlySameSpec,,,,0.5,,,,,,,SF,SHT,,,15,15.0,,,,,,36,60,,,SQ,,Hardie,,,,,,,,,,,,,,,,,,tile_substrate|wet_area|shower|floor,R602.3,N,,,,,,,,STOCK,,,
CBB-1736,CBB-DURA-Q,structural_panels,backer_board,cement_board,cement_backer,"Durock Backer Board 1/4"" 3x5",,,EquivalentOnlySameSpec,,,,0.25,,,,,,,SF,SHT,,,15,15.0,,,,,,36,60,,,SQ,,Durock,,,,,,,,,,,,,,,,,,tile_substrate|wet_area|shower|floor,R602.3,N,,,,,,,,STOCK,,,
CBB-1737,CBB-DURA-H,structural_panels,backer_board,cement_board,cement_backer,"Durock Backer Board 1/2"" 3x5",,,EquivalentOnlySameSpec,,,,0.5,,,,,,,SF,SHT,,,15,15.0,,,,,,36,60,,,SQ,,Durock,,,,,,,,,,,,,,,,,,tile_substrate|wet_area|shower|floor,R602.3,N,,,,,,,,STOCK,,,
CBA-1738,CBA-CBT-2,drywall,accessories,cement_board_tape,cement_board_tape,Fiberglass Mesh Tape for Cement Board,,,EquivalentOnlySameSpec,,,,,,,,,,"2""x50'",EA,EA,,,,,,,,,,,,,,,,,,,,,,,,,,,,,,,,,,cement_board|tile|wet_area,R602.3,N,,,,,,,,STOCK,,,
CBA-1739,CBA-CTS-4,fasteners,screws,cement_board,cement_board_scrite,"Cement Board Screws 1-1/4"" 200ct",,,EquivalentOnlySameSpec,,,,,,,,,,"1-1/4""",EA,EA,,,,,,,,,,,,,,,,,,,,,,,,,,,,,,,,,,cement_board|tile|wet_area,R602.3,N,,,,,,,,STOCK,,,
EGS-1740,DENSGLASS-DG-H-4X8,structural_panels,sheathing,exterior_gypsum,exterior_sheathing,"DensGlass Gold Exterior Sheathing 1/2"" 4x8",,,EquivalentOnlySameSpec,,,,0.5,,,,,,,SF,SHT,,,32,32.0,,,,,,48,96,,,SQ,,Georgia-Pacific,DensGlass Gold,,,,,,,,,,,,,,,,,exterior|commercial|stucco_base|eifs,R602.3,N,,,,,,,,ORDER,3,,
EGS-1741,DENSGLASS-DG-S-4X8,structural_panels,sheathing,exterior_gypsum,exterior_sheathing,"DensGlass Gold Exterior Sheathing 5/8"" 4x8",,,EquivalentOnlySameSpec,,,,0.625,,,,,,,SF,SHT,,,32,32.0,,,,,,48,96,,,SQ,,Georgia-Pacific,DensGlass Gold,,,,,,,,,,,,,,,,,exterior|commercial|stucco_base|eifs,R602.3,N,,,,,,,,ORDER,3,,
COMP-TREX-TRANS-HAVANA-GOLD-12-GRO,COMP-TREX-TRANS-HAVANA-GOLD-12-GRO-V1,composite_decking,trex,transcend,deck_board,Trex Transcend Havana Gold 1x5.5 12' Grooved,,,NotAllowed,,,,1,5.5,,144,,,,LF,EA,12,,,,,,,,,,,,,GROOVED,,Trex,Transcend,,,Havana Gold,,,,,,,,,,,,,,composite|decking|premium|grooved,R507,N,color|grain_pattern|fastening_method,,,,,,,ORDER,5,,25-year fade & stain warranty
COMP-TREX-TRANS-HAVANA-GOLD-12-SOL,COMP-TREX-TRANS-HAVANA-GOLD-12-SOL-V1,composite_decking,trex,transcend,deck_board,Trex Transcend Havana Gold 1x5.5 12' Solid,,,NotAllowed,,,,1,5.5,,144,,,,LF,EA,12,,,,,,,,,,,,,SOLID,,Trex,Transcend,,,Havana Gold,,,,,,,,,,,,,,composite|decking|premium|solid,R507,N,color|grain_pattern|fastening_method,,,,,,,ORDER,5,,25-year fade & stain warranty
COMP-TREX-TRANS-HAVANA-GOLD-16-GRO,COMP-TREX-TRANS-HAVANA-GOLD-16-GRO-V1,composite_decking,trex,transcend,deck_board,Trex Transcend Havana Gold 1x5.5 16' Grooved,,,NotAllowed,,,,1,5.5,,192,,,,LF,EA,16,,,,,,,,,,,,,GROOVED,,Trex,Transcend,,,Havana Gold,,,,,,,,,,,,,,composite|decking|premium|grooved,R507,N,color|grain_pattern|fastening_method,,,,,,,ORDER,5,,25-year fade & stain warranty
COMP-TREX-TRANS-HAVANA-GOLD-16-SOL,COMP-TREX-TRANS-HAVANA-GOLD-16-SOL-V1,composite_decking,trex,transcend,deck_board,Trex Transcend Havana Gold 1x5.5 16' Solid,,,NotAllowed,,,,1,5.5,,192,,,,LF,EA,16,,,,,,,,,,,,,SOLID,,Trex,Transcend,,,Havana Gold,,,,,,,,,,,,,,composite|decking|premium|solid,R507,N,color|grain_pattern|fastening_method,,,,,,,ORDER,5,,25-year fade & stain warranty
COMP-TREX-TRANS-HAVANA-GOLD-20-GRO,COMP-TREX-TRANS-HAVANA-GOLD-20-GRO-V1,composite_decking,trex,transcend,deck_board,Trex Transcend Havana Gold 1x5.5 20' Grooved,,,NotAllowed,,,,1,5.5,,240,,,,LF,EA,20,,,,,,,,,,,,,GROOVED,,Trex,Transcend,,,Havana Gold,,,,,,,,,,,,,,composite|decking|premium|grooved,R507,N,color|grain_pattern|fastening_method,,,,,,,ORDER,5,,25-year fade & stain warranty
COMP-TREX-TRANS-HAVANA-GOLD-20-SOL,COMP-TREX-TRANS-HAVANA-GOLD-20-SOL-V1,composite_decking,trex,transcend,deck_board,Trex Transcend Havana Gold 1x5.5 20' Solid,,,NotAllowed,,,,1,5.5,,240,,,,LF,EA,20,,,,,,,,,,,,,SOLID,,Trex,Transcend,,,Havana Gold,,,,,,,,,,,,,,composite|decking|premium|solid,R507,N,color|grain_pattern|fastening_method,,,,,,,ORDER,5,,25-year fade & stain warranty
COMP-TREX-TRANS-ISLAND-MIST-12-GRO,COMP-TREX-TRANS-ISLAND-MIST-12-GRO-V1,composite_decking,trex,transcend,deck_board,Trex Transcend Island Mist 1x5.5 12' Grooved,,,NotAllowed,,,,1,5.5,,144,,,,LF,EA,12,,,,,,,,,,,,,GROOVED,,Trex,Transcend,,,Island Mist,,,,,,,,,,,,,,composite|decking|premium|grooved,R507,N,color|grain_pattern|fastening_method,,,,,,,ORDER,5,,25-year fade & stain warranty
COMP-TREX-TRANS-ISLAND-MIST-12-SOL,COMP-TREX-TRANS-ISLAND-MIST-12-SOL-V1,composite_decking,trex,transcend,deck_board,Trex Transcend Island Mist 1x5.5 12' Solid,,,NotAllowed,,,,1,5.5,,144,,,,LF,EA,12,,,,,,,,,,,,,SOLID,,Trex,Transcend,,,Island Mist,,,,,,,,,,,,,,composite|decking|premium|solid,R507,N,color|grain_pattern|fastening_method,,,,,,,ORDER,5,,25-year fade & stain warranty
COMP-TREX-TRANS-ISLAND-MIST-16-GRO,COMP-TREX-TRANS-ISLAND-MIST-16-GRO-V1,composite_decking,trex,transcend,deck_board,Trex Transcend Island Mist 1x5.5 16' Grooved,,,NotAllowed,,,,1,5.5,,192,,,,LF,EA,16,,,,,,,,,,,,,GROOVED,,Trex,Transcend,,,Island Mist,,,,,,,,,,,,,,composite|decking|premium|grooved,R507,N,color|grain_pattern|fastening_method,,,,,,,ORDER,5,,25-year fade & stain warranty
COMP-TREX-TRANS-ISLAND-MIST-16-SOL,COMP-TREX-TRANS-ISLAND-MIST-16-SOL-V1,composite_decking,trex,transcend,deck_board,Trex Transcend Island Mist 1x5.5 16' Solid,,,NotAllowed,,,,1,5.5,,192,,,,LF,EA,16,,,,,,,,,,,,,SOLID,,Trex,Transcend,,,Island Mist,,,,,,,,,,,,,,composite|decking|premium|solid,R507,N,color|grain_pattern|fastening_method,,,,,,,ORDER,5,,25-year fade & stain warranty
COMP-TREX-TRANS-ISLAND-MIST-20-GRO,COMP-TREX-TRANS-ISLAND-MIST-20-GRO-V1,composite_decking,trex,transcend,deck_board,Trex Transcend Island Mist 1x5.5 20' Grooved,,,NotAllowed,,,,1,5.5,,240,,,,LF,EA,20,,,,,,,,,,,,,GROOVED,,Trex,Transcend,,,Island Mist,,,,,,,,,,,,,,composite|decking|premium|grooved,R507,N,color|grain_pattern|fastening_method,,,,,,,ORDER,5,,25-year fade & stain warranty
COMP-TREX-TRANS-ISLAND-MIST-20-SOL,COMP-TREX-TRANS-ISLAND-MIST-20-SOL-V1,composite_decking,trex,transcend,deck_board,Trex Transcend Island Mist 1x5.5 20' Solid,,,NotAllowed,,,,1,5.5,,240,,,,LF,EA,20,,,,,,,,,,,,,SOLID,,Trex,Transcend,,,Island Mist,,,,,,,,,,,,,,composite|decking|premium|solid,R507,N,color|grain_pattern|fastening_method,,,,,,,ORDER,5,,25-year fade & stain warranty
COMP-TREX-TRANS-LAVA-ROCK-12-GRO,COMP-TREX-TRANS-LAVA-ROCK-12-GRO-V1,composite_decking,trex,transcend,deck_board,Trex Transcend Lava Rock 1x5.5 12' Grooved,,,NotAllowed,,,,1,5.5,,144,,,,LF,EA,12,,,,,,,,,,,,,GROOVED,,Trex,Transcend,,,Lava Rock,,,,,,,,,,,,,,composite|decking|premium|grooved,R507,N,color|grain_pattern|fastening_method,,,,,,,ORDER,5,,25-year fade & stain warranty
COMP-TREX-TRANS-LAVA-ROCK-12-SOL,COMP-TREX-TRANS-LAVA-ROCK-12-SOL-V1,composite_decking,trex,transcend,deck_board,Trex Transcend Lava Rock 1x5.5 12' Solid,,,NotAllowed,,,,1,5.5,,144,,,,LF,EA,12,,,,,,,,,,,,,SOLID,,Trex,Transcend,,,Lava Rock,,,,,,,,,,,,,,composite|decking|premium|solid,R507,N,color|grain_pattern|fastening_method,,,,,,,ORDER,5,,25-year fade & stain warranty
COMP-TREX-TRANS-LAVA-ROCK-16-GRO,COMP-TREX-TRANS-LAVA-ROCK-16-GRO-V1,composite_decking,trex,transcend,deck_board,Trex Transcend Lava Rock 1x5.5 16' Grooved,,,NotAllowed,,,,1,5.5,,192,,,,LF,EA,16,,,,,,,,,,,,,GROOVED,,Trex,Transcend,,,Lava Rock,,,,,,,,,,,,,,composite|decking|premium|grooved,R507,N,color|grain_pattern|fastening_method,,,,,,,ORDER,5,,25-year fade & stain warranty
COMP-TREX-TRANS-LAVA-ROCK-16-SOL,COMP-TREX-TRANS-LAVA-ROCK-16-SOL-V1,composite_decking,trex,transcend,deck_board,Trex Transcend Lava Rock 1x5.5 16' Solid,,,NotAllowed,,,,1,5.5,,192,,,,LF,EA,16,,,,,,,,,,,,,SOLID,,Trex,Transcend,,,Lava Rock,,,,,,,,,,,,,,composite|decking|premium|solid,R507,N,color|grain_pattern|fastening_method,,,,,,,ORDER,5,,25-year fade & stain warranty
COMP-TREX-TRANS-LAVA-ROCK-20-GRO,COMP-TREX-TRANS-LAVA-ROCK-20-GRO-V1,composite_decking,trex,transcend,deck_board,Trex Transcend Lava Rock 1x5.5 20' Grooved,,,NotAllowed,,,,1,5.5,,240,,,,LF,EA,20,,,,,,,,,,,,,GROOVED,,Trex,Transcend,,,Lava Rock,,,,,,,,,,,,,,composite|decking|premium|grooved,R507,N,color|grain_pattern|fastening_method,,,,,,,ORDER,5,,25-year fade & stain warranty
COMP-TREX-TRANS-LAVA-ROCK-20-SOL,COMP-TREX-TRANS-LAVA-ROCK-20-SOL-V1,composite_decking,trex,transcend,deck_board,Trex Transcend Lava Rock 1x5.5 20' Solid,,,NotAllowed,,,,1,5.5,,240,,,,LF,EA,20,,,,,,,,,,,,,SOLID,,Trex,Transcend,,,Lava Rock,,,,,,,,,,,,,,composite|decking|premium|solid,R507,N,color|grain_pattern|fastening_method,,,,,,,ORDER,5,,25-year fade & stain warranty
COMP-TREX-TRANS-SPICED-RUM-12-GRO,COMP-TREX-TRANS-SPICED-RUM-12-GRO-V1,composite_decking,trex,transcend,deck_board,Trex Transcend Spiced Rum 1x5.5 12' Grooved,,,NotAllowed,,,,1,5.5,,144,,,,LF,EA,12,,,,,,,,,,,,,GROOVED,,Trex,Transcend,,,Spiced Rum,,,,,,,,,,,,,,composite|decking|premium|grooved,R507,N,color|grain_pattern|fastening_method,,,,,,,ORDER,5,,25-year fade & stain warranty
COMP-TREX-TRANS-SPICED-RUM-12-SOL,COMP-TREX-TRANS-SPICED-RUM-12-SOL-V1,composite_decking,trex,transcend,deck_board,Trex Transcend Spiced Rum 1x5.5 12' Solid,,,NotAllowed,,,,1,5.5,,144,,,,LF,EA,12,,,,,,,,,,,,,SOLID,,Trex,Transcend,,,Spiced Rum,,,,,,,,,,,,,,composite|decking|premium|solid,R507,N,color|grain_pattern|fastening_method,,,,,,,ORDER,5,,25-year fade & stain warranty
COMP-TREX-TRANS-SPICED-RUM-16-GRO,COMP-TREX-TRANS-SPICED-RUM-16-GRO-V1,composite_decking,trex,transcend,deck_board,Trex Transcend Spiced Rum 1x5.5 16' Grooved,,,NotAllowed,,,,1,5.5,,192,,,,LF,EA,16,,,,,,,,,,,,,GROOVED,,Trex,Transcend,,,Spiced Rum,,,,,,,,,,,,,,composite|decking|premium|grooved,R507,N,color|grain_pattern|fastening_method,,,,,,,ORDER,5,,25-year fade & stain warranty
COMP-TREX-TRANS-SPICED-RUM-16-SOL,COMP-TREX-TRANS-SPICED-RUM-16-SOL-V1,composite_decking,trex,transcend,deck_board,Trex Transcend Spiced Rum 1x5.5 16' Solid,,,NotAllowed,,,,1,5.5,,192,,,,LF,EA,16,,,,,,,,,,,,,SOLID,,Trex,Transcend,,,Spiced Rum,,,,,,,,,,,,,,composite|decking|premium|solid,R507,N,color|grain_pattern|fastening_method,,,,,,,ORDER,5,,25-year fade & stain warranty
COMP-TREX-TRANS-SPICED-RUM-20-GRO,COMP-TREX-TRANS-SPICED-RUM-20-GRO-V1,composite_decking,trex,transcend,deck_board,Trex Transcend Spiced Rum 1x5.5 20' Grooved,,,NotAllowed,,,,1,5.5,,240,,,,LF,EA,20,,,,,,,,,,,,,GROOVED,,Trex,Transcend,,,Spiced Rum,,,,,,,,,,,,,,composite|decking|premium|grooved,R507,N,color|grain_pattern|fastening_method,,,,,,,ORDER,5,,25-year fade & stain warranty
COMP-TREX-TRANS-SPICED-RUM-20-SOL,COMP-TREX-TRANS-SPICED-RUM-20-SOL-V1,composite_decking,trex,transcend,deck_board,Trex Transcend Spiced Rum 1x5.5 20' Solid,,,NotAllowed,,,,1,5.5,,240,,,,LF,EA,20,,,,,,,,,,,,,SOLID,,Trex,Transcend,,,Spiced Rum,,,,,,,,,,,,,,composite|decking|premium|solid,R507,N,color|grain_pattern|fastening_method,,,,,,,ORDER,5,,25-year fade & stain warranty
COMP-TREX-TRANS-TIKI-TORCH-12-GRO,COMP-TREX-TRANS-TIKI-TORCH-12-GRO-V1,composite_decking,trex,transcend,deck_board,Trex Transcend Tiki Torch 1x5.5 12' Grooved,,,NotAllowed,,,,1,5.5,,144,,,,LF,EA,12,,,,,,,,,,,,,GROOVED,,Trex,Transcend,,,Tiki Torch,,,,,,,,,,,,,,composite|decking|premium|grooved,R507,N,color|grain_pattern|fastening_method,,,,,,,ORDER,5,,25-year fade & stain warranty
COMP-TREX-TRANS-TIKI-TORCH-12-SOL,COMP-TREX-TRANS-TIKI-TORCH-12-SOL-V1,composite_decking,trex,transcend,deck_board,Trex Transcend Tiki Torch 1x5.5 12' Solid,,,NotAllowed,,,,1,5.5,,144,,,,LF,EA,12,,,,,,,,,,,,,SOLID,,Trex,Transcend,,,Tiki Torch,,,,,,,,,,,,,,composite|decking|premium|solid,R507,N,color|grain_pattern|fastening_method,,,,,,,ORDER,5,,25-year fade & stain warranty
COMP-TREX-TRANS-TIKI-TORCH-16-GRO,COMP-TREX-TRANS-TIKI-TORCH-16-GRO-V1,composite_decking,trex,transcend,deck_board,Trex Transcend Tiki Torch 1x5.5 16' Grooved,,,NotAllowed,,,,1,5.5,,192,,,,LF,EA,16,,,,,,,,,,,,,GROOVED,,Trex,Transcend,,,Tiki Torch,,,,,,,,,,,,,,composite|decking|premium|grooved,R507,N,color|grain_pattern|fastening_method,,,,,,,ORDER,5,,25-year fade & stain warranty
COMP-TREX-TRANS-TIKI-TORCH-16-SOL,COMP-TREX-TRANS-TIKI-TORCH-16-SOL-V1,composite_decking,trex,transcend,deck_board,Trex Transcend Tiki Torch 1x5.5 16' Solid,,,NotAllowed,,,,1,5.5,,192,,,,LF,EA,16,,,,,,,,,,,,,SOLID,,Trex,Transcend,,,Tiki Torch,,,,,,,,,,,,,,composite|decking|premium|solid,R507,N,color|grain_pattern|fastening_method,,,,,,,ORDER,5,,25-year fade & stain warranty
COMP-TREX-TRANS-TIKI-TORCH-20-GRO,COMP-TREX-TRANS-TIKI-TORCH-20-GRO-V1,composite_decking,trex,transcend,deck_board,Trex Transcend Tiki Torch 1x5.5 20' Grooved,,,NotAllowed,,,,1,5.5,,240,,,,LF,EA,20,,,,,,,,,,,,,GROOVED,,Trex,Transcend,,,Tiki Torch,,,,,,,,,,,,,,composite|decking|premium|grooved,R507,N,color|grain_pattern|fastening_method,,,,,,,ORDER,5,,25-year fade & stain warranty
COMP-TREX-TRANS-TIKI-TORCH-20-SOL,COMP-TREX-TRANS-TIKI-TORCH-20-SOL-V1,composite_decking,trex,transcend,deck_board,Trex Transcend Tiki Torch 1x5.5 20' Solid,,,NotAllowed,,,,1,5.5,,240,,,,LF,EA,20,,,,,,,,,,,,,SOLID,,Trex,Transcend,,,Tiki Torch,,,,,,,,,,,,,,composite|decking|premium|solid,R507,N,color|grain_pattern|fastening_method,,,,,,,ORDER,5,,25-year fade & stain warranty
COMP-TREX-TRANS-ROPE-SWING-12-GRO,COMP-TREX-TRANS-ROPE-SWING-12-GRO-V1,composite_decking,trex,transcend,deck_board,Trex Transcend Rope Swing 1x5.5 12' Grooved,,,NotAllowed,,,,1,5.5,,144,,,,LF,EA,12,,,,,,,,,,,,,GROOVED,,Trex,Transcend,,,Rope Swing,,,,,,,,,,,,,,composite|decking|premium|grooved,R507,N,color|grain_pattern|fastening_method,,,,,,,ORDER,5,,25-year fade & stain warranty
COMP-TREX-TRANS-ROPE-SWING-12-SOL,COMP-TREX-TRANS-ROPE-SWING-12-SOL-V1,composite_decking,trex,transcend,deck_board,Trex Transcend Rope Swing 1x5.5 12' Solid,,,NotAllowed,,,,1,5.5,,144,,,,LF,EA,12,,,,,,,,,,,,,SOLID,,Trex,Transcend,,,Rope Swing,,,,,,,,,,,,,,composite|decking|premium|solid,R507,N,color|grain_pattern|fastening_method,,,,,,,ORDER,5,,25-year fade & stain warranty
COMP-TREX-TRANS-ROPE-SWING-16-GRO,COMP-TREX-TRANS-ROPE-SWING-16-GRO-V1,composite_decking,trex,transcend,deck_board,Trex Transcend Rope Swing 1x5.5 16' Grooved,,,NotAllowed,,,,1,5.5,,192,,,,LF,EA,16,,,,,,,,,,,,,GROOVED,,Trex,Transcend,,,Rope Swing,,,,,,,,,,,,,,composite|decking|premium|grooved,R507,N,color|grain_pattern|fastening_method,,,,,,,ORDER,5,,25-year fade & stain warranty
COMP-TREX-TRANS-ROPE-SWING-16-SOL,COMP-TREX-TRANS-ROPE-SWING-16-SOL-V1,composite_decking,trex,transcend,deck_board,Trex Transcend Rope Swing 1x5.5 16' Solid,,,NotAllowed,,,,1,5.5,,192,,,,LF,EA,16,,,,,,,,,,,,,SOLID,,Trex,Transcend,,,Rope Swing,,,,,,,,,,,,,,composite|decking|premium|solid,R507,N,color|grain_pattern|fastening_method,,,,,,,ORDER,5,,25-year fade & stain warranty
COMP-TREX-TRANS-ROPE-SWING-20-GRO,COMP-TREX-TRANS-ROPE-SWING-20-GRO-V1,composite_decking,trex,transcend,deck_board,Trex Transcend Rope Swing 1x5.5 20' Grooved,,,NotAllowed,,,,1,5.5,,240,,,,LF,EA,20,,,,,,,,,,,,,GROOVED,,Trex,Transcend,,,Rope Swing,,,,,,,,,,,,,,composite|decking|premium|grooved,R507,N,color|grain_pattern|fastening_method,,,,,,,ORDER,5,,25-year fade & stain warranty
COMP-TREX-TRANS-ROPE-SWING-20-SOL,COMP-TREX-TRANS-ROPE-SWING-20-SOL-V1,composite_decking,trex,transcend,deck_board,Trex Transcend Rope Swing 1x5.5 20' Solid,,,NotAllowed,,,,1,5.5,,240,,,,LF,EA,20,,,,,,,,,,,,,SOLID,,Trex,Transcend,,,Rope Swing,,,,,,,,,,,,,,composite|decking|premium|solid,R507,N,color|grain_pattern|fastening_method,,,,,,,ORDER,5,,25-year fade & stain warranty
COMP-TREX-SEL-PEBBLE-GREY-12,COMP-TREX-SEL-PEBBLE-GREY-12-V1,composite_decking,trex,select,deck_board,Trex Select Pebble Grey 1x5.5 12',,,NotAllowed,,,,1,5.5,,144,,,,LF,EA,12,,,,,,,,,,,,,GROOVED,,Trex,Select,,,Pebble Grey,,,,,,,,,,,,,,composite|decking|mid_tier,R507,N,color|grain_pattern|fastening_method,,,,,,,ORDER,5,,
COMP-TREX-SEL-PEBBLE-GREY-16,COMP-TREX-SEL-PEBBLE-GREY-16-V1,composite_decking,trex,select,deck_board,Trex Select Pebble Grey 1x5.5 16',,,NotAllowed,,,,1,5.5,,192,,,,LF,EA,16,,,,,,,,,,,,,GROOVED,,Trex,Select,,,Pebble Grey,,,,,,,,,,,,,,composite|decking|mid_tier,R507,N,color|grain_pattern|fastening_method,,,,,,,ORDER,5,,
COMP-TREX-SEL-PEBBLE-GREY-20,COMP-TREX-SEL-PEBBLE-GREY-20-V1,composite_decking,trex,select,deck_board,Trex Select Pebble Grey 1x5.5 20',,,NotAllowed,,,,1,5.5,,240,,,,LF,EA,20,,,,,,,,,,,,,GROOVED,,Trex,Select,,,Pebble Grey,,,,,,,,,,,,,,composite|decking|mid_tier,R507,N,color|grain_pattern|fastening_method,,,,,,,ORDER,5,,
COMP-TREX-SEL-SADDLE-12,COMP-TREX-SEL-SADDLE-12-V1,composite_decking,trex,select,deck_board,Trex Select Saddle 1x5.5 12',,,NotAllowed,,,,1,5.5,,144,,,,LF,EA,12,,,,,,,,,,,,,GROOVED,,Trex,Select,,,Saddle,,,,,,,,,,,,,,composite|decking|mid_tier,R507,N,color|grain_pattern|fastening_method,,,,,,,ORDER,5,,
COMP-TREX-SEL-SADDLE-16,COMP-TREX-SEL-SADDLE-16-V1,composite_decking,trex,select,deck_board,Trex Select Saddle 1x5.5 16',,,NotAllowed,,,,1,5.5,,192,,,,LF,EA,16,,,,,,,,,,,,,GROOVED,,Trex,Select,,,Saddle,,,,,,,,,,,,,,composite|decking|mid_tier,R507,N,color|grain_pattern|fastening_method,,,,,,,ORDER,5,,
COMP-TREX-SEL-SADDLE-20,COMP-TREX-SEL-SADDLE-20-V1,composite_decking,trex,select,deck_board,Trex Select Saddle 1x5.5 20',,,NotAllowed,,,,1,5.5,,240,,,,LF,EA,20,,,,,,,,,,,,,GROOVED,,Trex,Select,,,Saddle,,,,,,,,,,,,,,composite|decking|mid_tier,R507,N,color|grain_pattern|fastening_method,,,,,,,ORDER,5,,
COMP-TREX-SEL-WOODLAND-BROWN-12,COMP-TREX-SEL-WOODLAND-BROWN-12-V1,composite_decking,trex,select,deck_board,Trex Select Woodland Brown 1x5.5 12',,,NotAllowed,,,,1,5.5,,144,,,,LF,EA,12,,,,,,,,,,,,,GROOVED,,Trex,Select,,,Woodland Brown,,,,,,,,,,,,,,composite|decking|mid_tier,R507,N,color|grain_pattern|fastening_method,,,,,,,ORDER,5,,
COMP-TREX-SEL-WOODLAND-BROWN-16,COMP-TREX-SEL-WOODLAND-BROWN-16-V1,composite_decking,trex,select,deck_board,Trex Select Woodland Brown 1x5.5 16',,,NotAllowed,,,,1,5.5,,192,,,,LF,EA,16,,,,,,,,,,,,,GROOVED,,Trex,Select,,,Woodland Brown,,,,,,,,,,,,,,composite|decking|mid_tier,R507,N,color|grain_pattern|fastening_method,,,,,,,ORDER,5,,
COMP-TREX-SEL-WOODLAND-BROWN-20,COMP-TREX-SEL-WOODLAND-BROWN-20-V1,composite_decking,trex,select,deck_board,Trex Select Woodland Brown 1x5.5 20',,,NotAllowed,,,,1,5.5,,240,,,,LF,EA,20,,,,,,,,,,,,,GROOVED,,Trex,Select,,,Woodland Brown,,,,,,,,,,,,,,composite|decking|mid_tier,R507,N,color|grain_pattern|fastening_method,,,,,,,ORDER,5,,
COMP-TREX-SEL-WINCHESTER-GREY-12,COMP-TREX-SEL-WINCHESTER-GREY-12-V1,composite_decking,trex,select,deck_board,Trex Select Winchester Grey 1x5.5 12',,,NotAllowed,,,,1,5.5,,144,,,,LF,EA,12,,,,,,,,,,,,,GROOVED,,Trex,Select,,,Winchester Grey,,,,,,,,,,,,,,composite|decking|mid_tier,R507,N,color|grain_pattern|fastening_method,,,,,,,ORDER,5,,
COMP-TREX-SEL-WINCHESTER-GREY-16,COMP-TREX-SEL-WINCHESTER-GREY-16-V1,composite_decking,trex,select,deck_board,Trex Select Winchester Grey 1x5.5 16',,,NotAllowed,,,,1,5.5,,192,,,,LF,EA,16,,,,,,,,,,,,,GROOVED,,Trex,Select,,,Winchester Grey,,,,,,,,,,,,,,composite|decking|mid_tier,R507,N,color|grain_pattern|fastening_method,,,,,,,ORDER,5,,
COMP-TREX-SEL-WINCHESTER-GREY-20,COMP-TREX-SEL-WINCHESTER-GREY-20-V1,composite_decking,trex,select,deck_board,Trex Select Winchester Grey 1x5.5 20',,,NotAllowed,,,,1,5.5,,240,,,,LF,EA,20,,,,,,,,,,,,,GROOVED,,Trex,Select,,,Winchester Grey,,,,,,,,,,,,,,composite|decking|mid_tier,R507,N,color|grain_pattern|fastening_method,,,,,,,ORDER,5,,
COMP-TREX-ENH-BEACH-DUNE-12,COMP-TREX-ENH-BEACH-DUNE-12-V1,composite_decking,trex,enhance,deck_board,Trex Enhance Beach Dune 1x5.5 12',,,NotAllowed,,,,1,5.5,,144,,,,LF,EA,12,,,,,,,,,,,,,GROOVED,,Trex,Enhance Naturals,,,Beach Dune,,,,,,,,,,,,,,composite|decking|entry,R507,N,color|grain_pattern|fastening_method,,,,,,,STOCK,,,
COMP-TREX-ENH-BEACH-DUNE-16,COMP-TREX-ENH-BEACH-DUNE-16-V1,composite_decking,trex,enhance,deck_board,Trex Enhance Beach Dune 1x5.5 16',,,NotAllowed,,,,1,5.5,,192,,,,LF,EA,16,,,,,,,,,,,,,GROOVED,,Trex,Enhance Naturals,,,Beach Dune,,,,,,,,,,,,,,composite|decking|entry,R507,N,color|grain_pattern|fastening_method,,,,,,,STOCK,,,
COMP-TREX-ENH-BEACH-DUNE-20,COMP-TREX-ENH-BEACH-DUNE-20-V1,composite_decking,trex,enhance,deck_board,Trex Enhance Beach Dune 1x5.5 20',,,NotAllowed,,,,1,5.5,,240,,,,LF,EA,20,,,,,,,,,,,,,GROOVED,,Trex,Enhance Naturals,,,Beach Dune,,,,,,,,,,,,,,composite|decking|entry,R507,N,color|grain_pattern|fastening_method,,,,,,,STOCK,,,
COMP-TREX-ENH-CLAM-SHELL-12,COMP-TREX-ENH-CLAM-SHELL-12-V1,composite_decking,trex,enhance,deck_board,Trex Enhance Clam Shell 1x5.5 12',,,NotAllowed,,,,1,5.5,,144,,,,LF,EA,12,,,,,,,,,,,,,GROOVED,,Trex,Enhance Naturals,,,Clam Shell,,,,,,,,,,,,,,composite|decking|entry,R507,N,color|grain_pattern|fastening_method,,,,,,,STOCK,,,
COMP-TREX-ENH-CLAM-SHELL-16,COMP-TREX-ENH-CLAM-SHELL-16-V1,composite_decking,trex,enhance,deck_board,Trex Enhance Clam Shell 1x5.5 16',,,NotAllowed,,,,1,5.5,,192,,,,LF,EA,16,,,,,,,,,,,,,GROOVED,,Trex,Enhance Naturals,,,Clam Shell,,,,,,,,,,,,,,composite|decking|entry,R507,N,color|grain_pattern|fastening_method,,,,,,,STOCK,,,
COMP-TREX-ENH-CLAM-SHELL-20,COMP-TREX-ENH-CLAM-SHELL-20-V1,composite_decking,trex,enhance,deck_board,Trex Enhance Clam Shell 1x5.5 20',,,NotAllowed,,,,1,5.5,,240,,,,LF,EA,20,,,,,,,,,,,,,GROOVED,,Trex,Enhance Naturals,,,Clam Shell,,,,,,,,,,,,,,composite|decking|entry,R507,N,color|grain_pattern|fastening_method,,,,,,,STOCK,,,
COMP-TREX-ENH-COASTAL-BLUFF-12,COMP-TREX-ENH-COASTAL-BLUFF-12-V1,composite_decking,trex,enhance,deck_board,Trex Enhance Coastal Bluff 1x5.5 12',,,NotAllowed,,,,1,5.5,,144,,,,LF,EA,12,,,,,,,,,,,,,GROOVED,,Trex,Enhance Naturals,,,Coastal Bluff,,,,,,,,,,,,,,composite|decking|entry,R507,N,color|grain_pattern|fastening_method,,,,,,,STOCK,,,
COMP-TREX-ENH-COASTAL-BLUFF-16,COMP-TREX-ENH-COASTAL-BLUFF-16-V1,composite_decking,trex,enhance,deck_board,Trex Enhance Coastal Bluff 1x5.5 16',,,NotAllowed,,,,1,5.5,,192,,,,LF,EA,16,,,,,,,,,,,,,GROOVED,,Trex,Enhance Naturals,,,Coastal Bluff,,,,,,,,,,,,,,composite|decking|entry,R507,N,color|grain_pattern|fastening_method,,,,,,,STOCK,,,
COMP-TREX-ENH-COASTAL-BLUFF-20,COMP-TREX-ENH-COASTAL-BLUFF-20-V1,composite_decking,trex,enhance,deck_board,Trex Enhance Coastal Bluff 1x5.5 20',,,NotAllowed,,,,1,5.5,,240,,,,LF,EA,20,,,,,,,,,,,,,GROOVED,,Trex,Enhance Naturals,,,Coastal Bluff,,,,,,,,,,,,,,composite|decking|entry,R507,N,color|grain_pattern|fastening_method,,,,,,,STOCK,,,
COMP-TREX-ENH-FOGGY-WHARF-12,COMP-TREX-ENH-FOGGY-WHARF-12-V1,composite_decking,trex,enhance,deck_board,Trex Enhance Foggy Wharf 1x5.5 12',,,NotAllowed,,,,1,5.5,,144,,,,LF,EA,12,,,,,,,,,,,,,GROOVED,,Trex,Enhance Naturals,,,Foggy Wharf,,,,,,,,,,,,,,composite|decking|entry,R507,N,color|grain_pattern|fastening_method,,,,,,,STOCK,,,
COMP-TREX-ENH-FOGGY-WHARF-16,COMP-TREX-ENH-FOGGY-WHARF-16-V1,composite_decking,trex,enhance,deck_board,Trex Enhance Foggy Wharf 1x5.5 16',,,NotAllowed,,,,1,5.5,,192,,,,LF,EA,16,,,,,,,,,,,,,GROOVED,,Trex,Enhance Naturals,,,Foggy Wharf,,,,,,,,,,,,,,composite|decking|entry,R507,N,color|grain_pattern|fastening_method,,,,,,,STOCK,,,
COMP-TREX-ENH-FOGGY-WHARF-20,COMP-TREX-ENH-FOGGY-WHARF-20-V1,composite_decking,trex,enhance,deck_board,Trex Enhance Foggy Wharf 1x5.5 20',,,NotAllowed,,,,1,5.5,,240,,,,LF,EA,20,,,,,,,,,,,,,GROOVED,,Trex,Enhance Naturals,,,Foggy Wharf,,,,,,,,,,,,,,composite|decking|entry,R507,N,color|grain_pattern|fastening_method,,,,,,,STOCK,,,
COMP-TREX-ENH-TOASTED-SAND-12,COMP-TREX-ENH-TOASTED-SAND-12-V1,composite_decking,trex,enhance,deck_board,Trex Enhance Toasted Sand 1x5.5 12',,,NotAllowed,,,,1,5.5,,144,,,,LF,EA,12,,,,,,,,,,,,,GROOVED,,Trex,Enhance Naturals,,,Toasted Sand,,,,,,,,,,,,,,composite|decking|entry,R507,N,color|grain_pattern|fastening_method,,,,,,,STOCK,,,
COMP-TREX-ENH-TOASTED-SAND-16,COMP-TREX-ENH-TOASTED-SAND-16-V1,composite_decking,trex,enhance,deck_board,Trex Enhance Toasted Sand 1x5.5 16',,,NotAllowed,,,,1,5.5,,192,,,,LF,EA,16,,,,,,,,,,,,,GROOVED,,Trex,Enhance Naturals,,,Toasted Sand,,,,,,,,,,,,,,composite|decking|entry,R507,N,color|grain_pattern|fastening_method,,,,,,,STOCK,,,
COMP-TREX-ENH-TOASTED-SAND-20,COMP-TREX-ENH-TOASTED-SAND-20-V1,composite_decking,trex,enhance,deck_board,Trex Enhance Toasted Sand 1x5.5 20',,,NotAllowed,,,,1,5.5,,240,,,,LF,EA,20,,,,,,,,,,,,,GROOVED,,Trex,Enhance Naturals,,,Toasted Sand,,,,,,,,,,,,,,composite|decking|entry,R507,N,color|grain_pattern|fastening_method,,,,,,,STOCK,,,
COMP-AZEK-VIN-COASTLINE-STD-12,COMP-AZEK-VIN-COASTLINE-STD-12-V1,composite_decking,timbertech,azek_vintage,deck_board,TimberTech AZEK Vintage Coastline 1x5.5 12',,,NotAllowed,,,,1,5.5,,144,,,,LF,EA,12,,,,,,,,,,,,,GROOVED,,TimberTech,AZEK Vintage,,,Coastline,,,,,,,,,,,,,,pvc|decking|premium|moisture_resistant,R507,N,color|grain_pattern|fastening_method,,,,,,,ORDER,7,,"50-year fade & stain warranty, Class A fire rating"
COMP-AZEK-VIN-COASTLINE-WIDE-12,COMP-AZEK-VIN-COASTLINE-WIDE-12-V1,composite_decking,timbertech,azek_vintage,deck_board,TimberTech AZEK Vintage Coastline 1x7.25 12',,,NotAllowed,,,,1,7.25,,144,,,,LF,EA,12,,,,,,,,,,,,,GROOVED,,TimberTech,AZEK Vintage,,,Coastline,,,,,,,,,,,,,,pvc|decking|premium|moisture_resistant,R507,N,color|grain_pattern|fastening_method,,,,,,,ORDER,7,,"50-year fade & stain warranty, Class A fire rating"
COMP-AZEK-VIN-COASTLINE-STD-16,COMP-AZEK-VIN-COASTLINE-STD-16-V1,composite_decking,timbertech,azek_vintage,deck_board,TimberTech AZEK Vintage Coastline 1x5.5 16',,,NotAllowed,,,,1,5.5,,192,,,,LF,EA,16,,,,,,,,,,,,,GROOVED,,TimberTech,AZEK Vintage,,,Coastline,,,,,,,,,,,,,,pvc|decking|premium|moisture_resistant,R507,N,color|grain_pattern|fastening_method,,,,,,,ORDER,7,,"50-year fade & stain warranty, Class A fire rating"
COMP-AZEK-VIN-COASTLINE-WIDE-16,COMP-AZEK-VIN-COASTLINE-WIDE-16-V1,composite_decking,timbertech,azek_vintage,deck_board,TimberTech AZEK Vintage Coastline 1x7.25 16',,,NotAllowed,,,,1,7.25,,192,,,,LF,EA,16,,,,,,,,,,,,,GROOVED,,TimberTech,AZEK Vintage,,,Coastline,,,,,,,,,,,,,,pvc|decking|premium|moisture_resistant,R507,N,color|grain_pattern|fastening_method,,,,,,,ORDER,7,,"50-year fade & stain warranty, Class A fire rating"
COMP-AZEK-VIN-COASTLINE-STD-20,COMP-AZEK-VIN-COASTLINE-STD-20-V1,composite_decking,timbertech,azek_vintage,deck_board,TimberTech AZEK Vintage Coastline 1x5.5 20',,,NotAllowed,,,,1,5.5,,240,,,,LF,EA,20,,,,,,,,,,,,,GROOVED,,TimberTech,AZEK Vintage,,,Coastline,,,,,,,,,,,,,,pvc|decking|premium|moisture_resistant,R507,N,color|grain_pattern|fastening_method,,,,,,,ORDER,7,,"50-year fade & stain warranty, Class A fire rating"
COMP-AZEK-VIN-COASTLINE-WIDE-20,COMP-AZEK-VIN-COASTLINE-WIDE-20-V1,composite_decking,timbertech,azek_vintage,deck_board,TimberTech AZEK Vintage Coastline 1x7.25 20',,,NotAllowed,,,,1,7.25,,240,,,,LF,EA,20,,,,,,,,,,,,,GROOVED,,TimberTech,AZEK Vintage,,,Coastline,,,,,,,,,,,,,,pvc|decking|premium|moisture_resistant,R507,N,color|grain_pattern|fastening_method,,,,,,,ORDER,7,,"50-year fade & stain warranty, Class A fire rating"
COMP-AZEK-VIN-DARK-HICKORY-STD-12,COMP-AZEK-VIN-DARK-HICKORY-STD-12-V1,composite_decking,timbertech,azek_vintage,deck_board,TimberTech AZEK Vintage Dark Hickory 1x5.5 12',,,NotAllowed,,,,1,5.5,,144,,,,LF,EA,12,,,,,,,,,,,,,GROOVED,,TimberTech,AZEK Vintage,,,Dark Hickory,,,,,,,,,,,,,,pvc|decking|premium|moisture_resistant,R507,N,color|grain_pattern|fastening_method,,,,,,,ORDER,7,,"50-year fade & stain warranty, Class A fire rating"
COMP-AZEK-VIN-DARK-HICKORY-WIDE-12,COMP-AZEK-VIN-DARK-HICKORY-WIDE-12-V1,composite_decking,timbertech,azek_vintage,deck_board,TimberTech AZEK Vintage Dark Hickory 1x7.25 12',,,NotAllowed,,,,1,7.25,,144,,,,LF,EA,12,,,,,,,,,,,,,GROOVED,,TimberTech,AZEK Vintage,,,Dark Hickory,,,,,,,,,,,,,,pvc|decking|premium|moisture_resistant,R507,N,color|grain_pattern|fastening_method,,,,,,,ORDER,7,,"50-year fade & stain warranty, Class A fire rating"
COMP-AZEK-VIN-DARK-HICKORY-STD-16,COMP-AZEK-VIN-DARK-HICKORY-STD-16-V1,composite_decking,timbertech,azek_vintage,deck_board,TimberTech AZEK Vintage Dark Hickory 1x5.5 16',,,NotAllowed,,,,1,5.5,,192,,,,LF,EA,16,,,,,,,,,,,,,GROOVED,,TimberTech,AZEK Vintage,,,Dark Hickory,,,,,,,,,,,,,,pvc|decking|premium|moisture_resistant,R507,N,color|grain_pattern|fastening_method,,,,,,,ORDER,7,,"50-year fade & stain warranty, Class A fire rating"
COMP-AZEK-VIN-DARK-HICKORY-WIDE-16,COMP-AZEK-VIN-DARK-HICKORY-WIDE-16-V1,composite_decking,timbertech,azek_vintage,deck_board,TimberTech AZEK Vintage Dark Hickory 1x7.25 16',,,NotAllowed,,,,1,7.25,,192,,,,LF,EA,16,,,,,,,,,,,,,GROOVED,,TimberTech,AZEK Vintage,,,Dark Hickory,,,,,,,,,,,,,,pvc|decking|premium|moisture_resistant,R507,N,color|grain_pattern|fastening_method,,,,,,,ORDER,7,,"50-year fade & stain warranty, Class A fire rating"
COMP-AZEK-VIN-DARK-HICKORY-STD-20,COMP-AZEK-VIN-DARK-HICKORY-STD-20-V1,composite_decking,timbertech,azek_vintage,deck_board,TimberTech AZEK Vintage Dark Hickory 1x5.5 20',,,NotAllowed,,,,1,5.5,,240,,,,LF,EA,20,,,,,,,,,,,,,GROOVED,,TimberTech,AZEK Vintage,,,Dark Hickory,,,,,,,,,,,,,,pvc|decking|premium|moisture_resistant,R507,N,color|grain_pattern|fastening_method,,,,,,,ORDER,7,,"50-year fade & stain warranty, Class A fire rating"
COMP-AZEK-VIN-DARK-HICKORY-WIDE-20,COMP-AZEK-VIN-DARK-HICKORY-WIDE-20-V1,composite_decking,timbertech,azek_vintage,deck_board,TimberTech AZEK Vintage Dark Hickory 1x7.25 20',,,NotAllowed,,,,1,7.25,,240,,,,LF,EA,20,,,,,,,,,,,,,GROOVED,,TimberTech,AZEK Vintage,,,Dark Hickory,,,,,,,,,,,,,,pvc|decking|premium|moisture_resistant,R507,N,color|grain_pattern|fastening_method,,,,,,,ORDER,7,,"50-year fade & stain warranty, Class A fire rating"
COMP-AZEK-VIN-MAHOGANY-STD-12,COMP-AZEK-VIN-MAHOGANY-STD-12-V1,composite_decking,timbertech,azek_vintage,deck_board,TimberTech AZEK Vintage Mahogany 1x5.5 12',,,NotAllowed,,,,1,5.5,,144,,,,LF,EA,12,,,,,,,,,,,,,GROOVED,,TimberTech,AZEK Vintage,,,Mahogany,,,,,,,,,,,,,,pvc|decking|premium|moisture_resistant,R507,N,color|grain_pattern|fastening_method,,,,,,,ORDER,7,,"50-year fade & stain warranty, Class A fire rating"
COMP-AZEK-VIN-MAHOGANY-WIDE-12,COMP-AZEK-VIN-MAHOGANY-WIDE-12-V1,composite_decking,timbertech,azek_vintage,deck_board,TimberTech AZEK Vintage Mahogany 1x7.25 12',,,NotAllowed,,,,1,7.25,,144,,,,LF,EA,12,,,,,,,,,,,,,GROOVED,,TimberTech,AZEK Vintage,,,Mahogany,,,,,,,,,,,,,,pvc|decking|premium|moisture_resistant,R507,N,color|grain_pattern|fastening_method,,,,,,,ORDER,7,,"50-year fade & stain warranty, Class A fire rating"
COMP-AZEK-VIN-MAHOGANY-STD-16,COMP-AZEK-VIN-MAHOGANY-STD-16-V1,composite_decking,timbertech,azek_vintage,deck_board,TimberTech AZEK Vintage Mahogany 1x5.5 16',,,NotAllowed,,,,1,5.5,,192,,,,LF,EA,16,,,,,,,,,,,,,GROOVED,,TimberTech,AZEK Vintage,,,Mahogany,,,,,,,,,,,,,,pvc|decking|premium|moisture_resistant,R507,N,color|grain_pattern|fastening_method,,,,,,,ORDER,7,,"50-year fade & stain warranty, Class A fire rating"
COMP-AZEK-VIN-MAHOGANY-WIDE-16,COMP-AZEK-VIN-MAHOGANY-WIDE-16-V1,composite_decking,timbertech,azek_vintage,deck_board,TimberTech AZEK Vintage Mahogany 1x7.25 16',,,NotAllowed,,,,1,7.25,,192,,,,LF,EA,16,,,,,,,,,,,,,GROOVED,,TimberTech,AZEK Vintage,,,Mahogany,,,,,,,,,,,,,,pvc|decking|premium|moisture_resistant,R507,N,color|grain_pattern|fastening_method,,,,,,,ORDER,7,,"50-year fade & stain warranty, Class A fire rating"
COMP-AZEK-VIN-MAHOGANY-STD-20,COMP-AZEK-VIN-MAHOGANY-STD-20-V1,composite_decking,timbertech,azek_vintage,deck_board,TimberTech AZEK Vintage Mahogany 1x5.5 20',,,NotAllowed,,,,1,5.5,,240,,,,LF,EA,20,,,,,,,,,,,,,GROOVED,,TimberTech,AZEK Vintage,,,Mahogany,,,,,,,,,,,,,,pvc|decking|premium|moisture_resistant,R507,N,color|grain_pattern|fastening_method,,,,,,,ORDER,7,,"50-year fade & stain warranty, Class A fire rating"
COMP-AZEK-VIN-MAHOGANY-WIDE-20,COMP-AZEK-VIN-MAHOGANY-WIDE-20-V1,composite_decking,timbertech,azek_vintage,deck_board,TimberTech AZEK Vintage Mahogany 1x7.25 20',,,NotAllowed,,,,1,7.25,,240,,,,LF,EA,20,,,,,,,,,,,,,GROOVED,,TimberTech,AZEK Vintage,,,Mahogany,,,,,,,,,,,,,,pvc|decking|premium|moisture_resistant,R507,N,color|grain_pattern|fastening_method,,,,,,,ORDER,7,,"50-year fade & stain warranty, Class A fire rating"
COMP-AZEK-VIN-SLATE-GRAY-STD-12,COMP-AZEK-VIN-SLATE-GRAY-STD-12-V1,composite_decking,timbertech,azek_vintage,deck_board,TimberTech AZEK Vintage Slate Gray 1x5.5 12',,,NotAllowed,,,,1,5.5,,144,,,,LF,EA,12,,,,,,,,,,,,,GROOVED,,TimberTech,AZEK Vintage,,,Slate Gray,,,,,,,,,,,,,,pvc|decking|premium|moisture_resistant,R507,N,color|grain_pattern|fastening_method,,,,,,,ORDER,7,,"50-year fade & stain warranty, Class A fire rating"
COMP-AZEK-VIN-SLATE-GRAY-WIDE-12,COMP-AZEK-VIN-SLATE-GRAY-WIDE-12-V1,composite_decking,timbertech,azek_vintage,deck_board,TimberTech AZEK Vintage Slate Gray 1x7.25 12',,,NotAllowed,,,,1,7.25,,144,,,,LF,EA,12,,,,,,,,,,,,,GROOVED,,TimberTech,AZEK Vintage,,,Slate Gray,,,,,,,,,,,,,,pvc|decking|premium|moisture_resistant,R507,N,color|grain_pattern|fastening_method,,,,,,,ORDER,7,,"50-year fade & stain warranty, Class A fire rating"
COMP-AZEK-VIN-SLATE-GRAY-STD-16,COMP-AZEK-VIN-SLATE-GRAY-STD-16-V1,composite_decking,timbertech,azek_vintage,deck_board,TimberTech AZEK Vintage Slate Gray 1x5.5 16',,,NotAllowed,,,,1,5.5,,192,,,,LF,EA,16,,,,,,,,,,,,,GROOVED,,TimberTech,AZEK Vintage,,,Slate Gray,,,,,,,,,,,,,,pvc|decking|premium|moisture_resistant,R507,N,color|grain_pattern|fastening_method,,,,,,,ORDER,7,,"50-year fade & stain warranty, Class A fire rating"
COMP-AZEK-VIN-SLATE-GRAY-WIDE-16,COMP-AZEK-VIN-SLATE-GRAY-WIDE-16-V1,composite_decking,timbertech,azek_vintage,deck_board,TimberTech AZEK Vintage Slate Gray 1x7.25 16',,,NotAllowed,,,,1,7.25,,192,,,,LF,EA,16,,,,,,,,,,,,,GROOVED,,TimberTech,AZEK Vintage,,,Slate Gray,,,,,,,,,,,,,,pvc|decking|premium|moisture_resistant,R507,N,color|grain_pattern|fastening_method,,,,,,,ORDER,7,,"50-year fade & stain warranty, Class A fire rating"
COMP-AZEK-VIN-SLATE-GRAY-STD-20,COMP-AZEK-VIN-SLATE-GRAY-STD-20-V1,composite_decking,timbertech,azek_vintage,deck_board,TimberTech AZEK Vintage Slate Gray 1x5.5 20',,,NotAllowed,,,,1,5.5,,240,,,,LF,EA,20,,,,,,,,,,,,,GROOVED,,TimberTech,AZEK Vintage,,,Slate Gray,,,,,,,,,,,,,,pvc|decking|premium|moisture_resistant,R507,N,color|grain_pattern|fastening_method,,,,,,,ORDER,7,,"50-year fade & stain warranty, Class A fire rating"
COMP-AZEK-VIN-SLATE-GRAY-WIDE-20,COMP-AZEK-VIN-SLATE-GRAY-WIDE-20-V1,composite_decking,timbertech,azek_vintage,deck_board,TimberTech AZEK Vintage Slate Gray 1x7.25 20',,,NotAllowed,,,,1,7.25,,240,,,,LF,EA,20,,,,,,,,,,,,,GROOVED,,TimberTech,AZEK Vintage,,,Slate Gray,,,,,,,,,,,,,,pvc|decking|premium|moisture_resistant,R507,N,color|grain_pattern|fastening_method,,,,,,,ORDER,7,,"50-year fade & stain warranty, Class A fire rating"
COMP-AZEK-VIN-WEATHERED-TEAK-STD-12,COMP-AZEK-VIN-WEATHERED-TEAK-STD-12-V1,composite_decking,timbertech,azek_vintage,deck_board,TimberTech AZEK Vintage Weathered Teak 1x5.5 12',,,NotAllowed,,,,1,5.5,,144,,,,LF,EA,12,,,,,,,,,,,,,GROOVED,,TimberTech,AZEK Vintage,,,Weathered Teak,,,,,,,,,,,,,,pvc|decking|premium|moisture_resistant,R507,N,color|grain_pattern|fastening_method,,,,,,,ORDER,7,,"50-year fade & stain warranty, Class A fire rating"
COMP-AZEK-VIN-WEATHERED-TEAK-WIDE-12,COMP-AZEK-VIN-WEATHERED-TEAK-WIDE-12-V1,composite_decking,timbertech,azek_vintage,deck_board,TimberTech AZEK Vintage Weathered Teak 1x7.25 12',,,NotAllowed,,,,1,7.25,,144,,,,LF,EA,12,,,,,,,,,,,,,GROOVED,,TimberTech,AZEK Vintage,,,Weathered Teak,,,,,,,,,,,,,,pvc|decking|premium|moisture_resistant,R507,N,color|grain_pattern|fastening_method,,,,,,,ORDER,7,,"50-year fade & stain warranty, Class A fire rating"
COMP-AZEK-VIN-WEATHERED-TEAK-STD-16,COMP-AZEK-VIN-WEATHERED-TEAK-STD-16-V1,composite_decking,timbertech,azek_vintage,deck_board,TimberTech AZEK Vintage Weathered Teak 1x5.5 16',,,NotAllowed,,,,1,5.5,,192,,,,LF,EA,16,,,,,,,,,,,,,GROOVED,,TimberTech,AZEK Vintage,,,Weathered Teak,,,,,,,,,,,,,,pvc|decking|premium|moisture_resistant,R507,N,color|grain_pattern|fastening_method,,,,,,,ORDER,7,,"50-year fade & stain warranty, Class A fire rating"
COMP-AZEK-VIN-WEATHERED-TEAK-WIDE-16,COMP-AZEK-VIN-WEATHERED-TEAK-WIDE-16-V1,composite_decking,timbertech,azek_vintage,deck_board,TimberTech AZEK Vintage Weathered Teak 1x7.25 16',,,NotAllowed,,,,1,7.25,,192,,,,LF,EA,16,,,,,,,,,,,,,GROOVED,,TimberTech,AZEK Vintage,,,Weathered Teak,,,,,,,,,,,,,,pvc|decking|premium|moisture_resistant,R507,N,color|grain_pattern|fastening_method,,,,,,,ORDER,7,,"50-year fade & stain warranty, Class A fire rating"
COMP-AZEK-VIN-WEATHERED-TEAK-STD-20,COMP-AZEK-VIN-WEATHERED-TEAK-STD-20-V1,composite_decking,timbertech,azek_vintage,deck_board,TimberTech AZEK Vintage Weathered Teak 1x5.5 20',,,NotAllowed,,,,1,5.5,,240,,,,LF,EA,20,,,,,,,,,,,,,GROOVED,,TimberTech,AZEK Vintage,,,Weathered Teak,,,,,,,,,,,,,,pvc|decking|premium|moisture_resistant,R507,N,color|grain_pattern|fastening_method,,,,,,,ORDER,7,,"50-year fade & stain warranty, Class A fire rating"
COMP-AZEK-VIN-WEATHERED-TEAK-WIDE-20,COMP-AZEK-VIN-WEATHERED-TEAK-WIDE-20-V1,composite_decking,timbertech,azek_vintage,deck_board,TimberTech AZEK Vintage Weathered Teak 1x7.25 20',,,NotAllowed,,,,1,7.25,,240,,,,LF,EA,20,,,,,,,,,,,,,GROOVED,,TimberTech,AZEK Vintage,,,Weathered Teak,,,,,,,,,,,,,,pvc|decking|premium|moisture_resistant,R507,N,color|grain_pattern|fastening_method,,,,,,,ORDER,7,,"50-year fade & stain warranty, Class A fire rating"
COMP-AZEK-VIN-FRENCH-WHITE-OAK-STD-12,COMP-AZEK-VIN-FRENCH-WHITE-OAK-STD-12-V1,composite_decking,timbertech,azek_vintage,deck_board,TimberTech AZEK Vintage French White Oak 1x5.5 12',,,NotAllowed,,,,1,5.5,,144,,,,LF,EA,12,,,,,,,,,,,,,GROOVED,,TimberTech,AZEK Vintage,,,French White Oak,,,,,,,,,,,,,,pvc|decking|premium|moisture_resistant,R507,N,color|grain_pattern|fastening_method,,,,,,,ORDER,7,,"50-year fade & stain warranty, Class A fire rating"
COMP-AZEK-VIN-FRENCH-WHITE-OAK-WIDE-12,COMP-AZEK-VIN-FRENCH-WHITE-OAK-WIDE-12-V1,composite_decking,timbertech,azek_vintage,deck_board,TimberTech AZEK Vintage French White Oak 1x7.25 12',,,NotAllowed,,,,1,7.25,,144,,,,LF,EA,12,,,,,,,,,,,,,GROOVED,,TimberTech,AZEK Vintage,,,French White Oak,,,,,,,,,,,,,,pvc|decking|premium|moisture_resistant,R507,N,color|grain_pattern|fastening_method,,,,,,,ORDER,7,,"50-year fade & stain warranty, Class A fire rating"
COMP-AZEK-VIN-FRENCH-WHITE-OAK-STD-16,COMP-AZEK-VIN-FRENCH-WHITE-OAK-STD-16-V1,composite_decking,timbertech,azek_vintage,deck_board,TimberTech AZEK Vintage French White Oak 1x5.5 16',,,NotAllowed,,,,1,5.5,,192,,,,LF,EA,16,,,,,,,,,,,,,GROOVED,,TimberTech,AZEK Vintage,,,French White Oak,,,,,,,,,,,,,,pvc|decking|premium|moisture_resistant,R507,N,color|grain_pattern|fastening_method,,,,,,,ORDER,7,,"50-year fade & stain warranty, Class A fire rating"
COMP-AZEK-VIN-FRENCH-WHITE-OAK-WIDE-16,COMP-AZEK-VIN-FRENCH-WHITE-OAK-WIDE-16-V1,composite_decking,timbertech,azek_vintage,deck_board,TimberTech AZEK Vintage French White Oak 1x7.25 16',,,NotAllowed,,,,1,7.25,,192,,,,LF,EA,16,,,,,,,,,,,,,GROOVED,,TimberTech,AZEK Vintage,,,French White Oak,,,,,,,,,,,,,,pvc|decking|premium|moisture_resistant,R507,N,color|grain_pattern|fastening_method,,,,,,,ORDER,7,,"50-year fade & stain warranty, Class A fire rating"
COMP-AZEK-VIN-FRENCH-WHITE-OAK-STD-20,COMP-AZEK-VIN-FRENCH-WHITE-OAK-STD-20-V1,composite_decking,timbertech,azek_vintage,deck_board,TimberTech AZEK Vintage French White Oak 1x5.5 20',,,NotAllowed,,,,1,5.5,,240,,,,LF,EA,20,,,,,,,,,,,,,GROOVED,,TimberTech,AZEK Vintage,,,French White Oak,,,,,,,,,,,,,,pvc|decking|premium|moisture_resistant,R507,N,color|grain_pattern|fastening_method,,,,,,,ORDER,7,,"50-year fade & stain warranty, Class A fire rating"
COMP-AZEK-VIN-FRENCH-WHITE-OAK-WIDE-20,COMP-AZEK-VIN-FRENCH-WHITE-OAK-WIDE-20-V1,composite_decking,timbertech,azek_vintage,deck_board,TimberTech AZEK Vintage French White Oak 1x7.25 20',,,NotAllowed,,,,1,7.25,,240,,,,LF,EA,20,,,,,,,,,,,,,GROOVED,,TimberTech,AZEK Vintage,,,French White Oak,,,,,,,,,,,,,,pvc|decking|premium|moisture_resistant,R507,N,color|grain_pattern|fastening_method,,,,,,,ORDER,7,,"50-year fade & stain warranty, Class A fire rating"
COMP-TREX-FASCIA-12,COMP-TREX-FASCIA-12-V1,composite_decking,trex,fascia,fascia_board,Trex Transcend Fascia 0.5x12 12',,,NotAllowed,,,,0.5,12,,144,,,,LF,EA,12,,,,,,,,,,,,,,,Trex,Transcend,,,,,,,,,,,,,,,,,composite|fascia|trim,,N,color|grain_pattern|fastening_method,,,,,,,ORDER,5,,
COMP-TREX-RISER-12,COMP-TREX-RISER-12-V1,composite_decking,trex,riser,stair_riser,Trex Transcend Riser 0.5x7.25 12',,,NotAllowed,,,,0.5,7.25,,144,,,,LF,EA,12,,,,,,,,,,,,,,,Trex,Transcend,,,,,,,,,,,,,,,,,composite|riser|stair,,N,color|grain_pattern|fastening_method,,,,,,,ORDER,5,,
COMP-TIMBERTECH-FASCIA-12,COMP-TIMBERTECH-FASCIA-12-V1,composite_decking,timbertech,fascia,fascia_board,TimberTech AZEK Fascia 0.5x12 12',,,NotAllowed,,,,0.5,12,,144,,,,LF,EA,12,,,,,,,,,,,,,,,TimberTech,AZEK,,,,,,,,,,,,,,,,,composite|fascia|trim,,N,color|grain_pattern|fastening_method,,,,,,,ORDER,5,,
COMP-TIMBERTECH-RISER-12,COMP-TIMBERTECH-RISER-12-V1,composite_decking,timbertech,riser,stair_riser,TimberTech AZEK Riser 0.5x7.25 12',,,NotAllowed,,,,0.5,7.25,,144,,,,LF,EA,12,,,,,,,,,,,,,,,TimberTech,AZEK,,,,,,,,,,,,,,,,,composite|riser|stair,,N,color|grain_pattern|fastening_method,,,,,,,ORDER,5,,
SIDING-HP-525-CEDA-PRIMED-12,SIDING-HP-525-CEDA-PRIMED-12-V1,fiber_cement_siding,hardie,lap_siding,lap_siding,"HardiePlank Cedarmill 5-1/4"" Primed 12'",,,EquivalentOnlySameSpec,,,,0.312,5.25,,144,,,,LF,EA,12,,,4,,,,,,,,,,,,James Hardie,HardiePlank HZ10,,,Primed,,,,,,,,,,,,,,siding|fiber_cement|lap|cedarmill,R703.11,N,,,,,,,,STOCK,,,"30-year non-prorated warranty, noncombustible"
SIDING-HP-525-CEDA-ARCTIC-WHITE-12,SIDING-HP-525-CEDA-ARCTIC-WHITE-12-V1,fiber_cement_siding,hardie,lap_siding,lap_siding,"HardiePlank Cedarmill 5-1/4"" Arctic White 12'",,,EquivalentOnlySameSpec,,,,0.312,5.25,,144,,,,LF,EA,12,,,4,,,,,,,,,,,,James Hardie,HardiePlank HZ10,,,Arctic White,,,,,,,,,,,,,,siding|fiber_cement|lap|cedarmill,R703.11,N,,,,,,,,ORDER,7,,"30-year non-prorated warranty, noncombustible"
SIDING-HP-525-CEDA-PEARL-GRAY-12,SIDING-HP-525-CEDA-PEARL-GRAY-12-V1,fiber_cement_siding,hardie,lap_siding,lap_siding,"HardiePlank Cedarmill 5-1/4"" Pearl Gray 12'",,,EquivalentOnlySameSpec,,,,0.312,5.25,,144,,,,LF,EA,12,,,4,,,,,,,,,,,,James Hardie,HardiePlank HZ10,,,Pearl Gray,,,,,,,,,,,,,,siding|fiber_cement|lap|cedarmill,R703.11,N,,,,,,,,ORDER,7,,"30-year non-prorated warranty, noncombustible"
SIDING-HP-525-SMOO-PRIMED-12,SIDING-HP-525-SMOO-PRIMED-12-V1,fiber_cement_siding,hardie,lap_siding,lap_siding,"HardiePlank Smooth 5-1/4"" Primed 12'",,,EquivalentOnlySameSpec,,,,0.312,5.25,,144,,,,LF,EA,12,,,4,,,,,,,,,,,,James Hardie,HardiePlank HZ10,,,Primed,,,,,,,,,,,,,,siding|fiber_cement|lap|smooth,R703.11,N,,,,,,,,STOCK,,,"30-year non-prorated warranty, noncombustible"
SIDING-HP-525-SMOO-ARCTIC-WHITE-12,SIDING-HP-525-SMOO-ARCTIC-WHITE-12-V1,fiber_cement_siding,hardie,lap_siding,lap_siding,"HardiePlank Smooth 5-1/4"" Arctic White 12'",,,EquivalentOnlySameSpec,,,,0.312,5.25,,144,,,,LF,EA,12,,,4,,,,,,,,,,,,James Hardie,HardiePlank HZ10,,,Arctic White,,,,,,,,,,,,,,siding|fiber_cement|lap|smooth,R703.11,N,,,,,,,,ORDER,7,,"30-year non-prorated warranty, noncombustible"
SIDING-HP-525-SMOO-PEARL-GRAY-12,SIDING-HP-525-SMOO-PEARL-GRAY-12-V1,fiber_cement_siding,hardie,lap_siding,lap_siding,"HardiePlank Smooth 5-1/4"" Pearl Gray 12'",,,EquivalentOnlySameSpec,,,,0.312,5.25,,144,,,,LF,EA,12,,,4,,,,,,,,,,,,James Hardie,HardiePlank HZ10,,,Pearl Gray,,,,,,,,,,,,,,siding|fiber_cement|lap|smooth,R703.11,N,,,,,,,,ORDER,7,,"30-year non-prorated warranty, noncombustible"
SIDING-HP-625-CEDA-PRIMED-12,SIDING-HP-625-CEDA-PRIMED-12-V1,fiber_cement_siding,hardie,lap_siding,lap_siding,"HardiePlank Cedarmill 6-1/4"" Primed 12'",,,EquivalentOnlySameSpec,,,,0.312,6.25,,144,,,,LF,EA,12,,,5,,,,,,,,,,,,James Hardie,HardiePlank HZ10,,,Primed,,,,,,,,,,,,,,siding|fiber_cement|lap|cedarmill,R703.11,N,,,,,,,,STOCK,,,"30-year non-prorated warranty, noncombustible"
SIDING-HP-625-CEDA-ARCTIC-WHITE-12,SIDING-HP-625-CEDA-ARCTIC-WHITE-12-V1,fiber_cement_siding,hardie,lap_siding,lap_siding,"HardiePlank Cedarmill 6-1/4"" Arctic White 12'",,,EquivalentOnlySameSpec,,,,0.312,6.25,,144,,,,LF,EA,12,,,5,,,,,,,,,,,,James Hardie,HardiePlank HZ10,,,Arctic White,,,,,,,,,,,,,,siding|fiber_cement|lap|cedarmill,R703.11,N,,,,,,,,ORDER,7,,"30-year non-prorated warranty, noncombustible"
SIDING-HP-625-CEDA-PEARL-GRAY-12,SIDING-HP-625-CEDA-PEARL-GRAY-12-V1,fiber_cement_siding,hardie,lap_siding,lap_siding,"HardiePlank Cedarmill 6-1/4"" Pearl Gray 12'",,,EquivalentOnlySameSpec,,,,0.312,6.25,,144,,,,LF,EA,12,,,5,,,,,,,,,,,,James Hardie,HardiePlank HZ10,,,Pearl Gray,,,,,,,,,,,,,,siding|fiber_cement|lap|cedarmill,R703.11,N,,,,,,,,ORDER,7,,"30-year non-prorated warranty, noncombustible"
SIDING-HP-625-SMOO-PRIMED-12,SIDING-HP-625-SMOO-PRIMED-12-V1,fiber_cement_siding,hardie,lap_siding,lap_siding,"HardiePlank Smooth 6-1/4"" Primed 12'",,,EquivalentOnlySameSpec,,,,0.312,6.25,,144,,,,LF,EA,12,,,5,,,,,,,,,,,,James Hardie,HardiePlank HZ10,,,Primed,,,,,,,,,,,,,,siding|fiber_cement|lap|smooth,R703.11,N,,,,,,,,STOCK,,,"30-year non-prorated warranty, noncombustible"
SIDING-HP-625-SMOO-ARCTIC-WHITE-12,SIDING-HP-625-SMOO-ARCTIC-WHITE-12-V1,fiber_cement_siding,hardie,lap_siding,lap_siding,"HardiePlank Smooth 6-1/4"" Arctic White 12'",,,EquivalentOnlySameSpec,,,,0.312,6.25,,144,,,,LF,EA,12,,,5,,,,,,,,,,,,James Hardie,HardiePlank HZ10,,,Arctic White,,,,,,,,,,,,,,siding|fiber_cement|lap|smooth,R703.11,N,,,,,,,,ORDER,7,,"30-year non-prorated warranty, noncombustible"
SIDING-HP-625-SMOO-PEARL-GRAY-12,SIDING-HP-625-SMOO-PEARL-GRAY-12-V1,fiber_cement_siding,hardie,lap_siding,lap_siding,"HardiePlank Smooth 6-1/4"" Pearl Gray 12'",,,EquivalentOnlySameSpec,,,,0.312,6.25,,144,,,,LF,EA,12,,,5,,,,,,,,,,,,James Hardie,HardiePlank HZ10,,,Pearl Gray,,,,,,,,,,,,,,siding|fiber_cement|lap|smooth,R703.11,N,,,,,,,,ORDER,7,,"30-year non-prorated warranty, noncombustible"
SIDING-HP-725-CEDA-PRIMED-12,SIDING-HP-725-CEDA-PRIMED-12-V1,fiber_cement_siding,hardie,lap_siding,lap_siding,"HardiePlank Cedarmill 7-1/4"" Primed 12'",,,EquivalentOnlySameSpec,,,,0.312,7.25,,144,,,,LF,EA,12,,,6,,,,,,,,,,,,James Hardie,HardiePlank HZ10,,,Primed,,,,,,,,,,,,,,siding|fiber_cement|lap|cedarmill,R703.11,N,,,,,,,,STOCK,,,"30-year non-prorated warranty, noncombustible"
SIDING-HP-725-CEDA-ARCTIC-WHITE-12,SIDING-HP-725-CEDA-ARCTIC-WHITE-12-V1,fiber_cement_siding,hardie,lap_siding,lap_siding,"HardiePlank Cedarmill 7-1/4"" Arctic White 12'",,,EquivalentOnlySameSpec,,,,0.312,7.25,,144,,,,LF,EA,12,,,6,,,,,,,,,,,,James Hardie,HardiePlank HZ10,,,Arctic White,,,,,,,,,,,,,,siding|fiber_cement|lap|cedarmill,R703.11,N,,,,,,,,ORDER,7,,"30-year non-prorated warranty, noncombustible"
SIDING-HP-725-CEDA-PEARL-GRAY-12,SIDING-HP-725-CEDA-PEARL-GRAY-12-V1,fiber_cement_siding,hardie,lap_siding,lap_siding,"HardiePlank Cedarmill 7-1/4"" Pearl Gray 12'",,,EquivalentOnlySameSpec,,,,0.312,7.25,,144,,,,LF,EA,12,,,6,,,,,,,,,,,,James Hardie,HardiePlank HZ10,,,Pearl Gray,,,,,,,,,,,,,,siding|fiber_cement|lap|cedarmill,R703.11,N,,,,,,,,ORDER,7,,"30-year non-prorated warranty, noncombustible"
SIDING-HP-725-SMOO-PRIMED-12,SIDING-HP-725-SMOO-PRIMED-12-V1,fiber_cement_siding,hardie,lap_siding,lap_siding,"HardiePlank Smooth 7-1/4"" Primed 12'",,,EquivalentOnlySameSpec,,,,0.312,7.25,,144,,,,LF,EA,12,,,6,,,,,,,,,,,,James Hardie,HardiePlank HZ10,,,Primed,,,,,,,,,,,,,,siding|fiber_cement|lap|smooth,R703.11,N,,,,,,,,STOCK,,,"30-year non-prorated warranty, noncombustible"
SIDING-HP-725-SMOO-ARCTIC-WHITE-12,SIDING-HP-725-SMOO-ARCTIC-WHITE-12-V1,fiber_cement_siding,hardie,lap_siding,lap_siding,"HardiePlank Smooth 7-1/4"" Arctic White 12'",,,EquivalentOnlySameSpec,,,,0.312,7.25,,144,,,,LF,EA,12,,,6,,,,,,,,,,,,James Hardie,HardiePlank HZ10,,,Arctic White,,,,,,,,,,,,,,siding|fiber_cement|lap|smooth,R703.11,N,,,,,,,,ORDER,7,,"30-year non-prorated warranty, noncombustible"
SIDING-HP-725-SMOO-PEARL-GRAY-12,SIDING-HP-725-SMOO-PEARL-GRAY-12-V1,fiber_cement_siding,hardie,lap_siding,lap_siding,"HardiePlank Smooth 7-1/4"" Pearl Gray 12'",,,EquivalentOnlySameSpec,,,,0.312,7.25,,144,,,,LF,EA,12,,,6,,,,,,,,,,,,James Hardie,HardiePlank HZ10,,,Pearl Gray,,,,,,,,,,,,,,siding|fiber_cement|lap|smooth,R703.11,N,,,,,,,,ORDER,7,,"30-year non-prorated warranty, noncombustible"
SIDING-HP-825-CEDA-PRIMED-12,SIDING-HP-825-CEDA-PRIMED-12-V1,fiber_cement_siding,hardie,lap_siding,lap_siding,"HardiePlank Cedarmill 8-1/4"" Primed 12'",,,EquivalentOnlySameSpec,,,,0.312,8.25,,144,,,,LF,EA,12,,,7,,,,,,,,,,,,James Hardie,HardiePlank HZ10,,,Primed,,,,,,,,,,,,,,siding|fiber_cement|lap|cedarmill,R703.11,N,,,,,,,,STOCK,,,"30-year non-prorated warranty, noncombustible"
SIDING-HP-825-CEDA-ARCTIC-WHITE-12,SIDING-HP-825-CEDA-ARCTIC-WHITE-12-V1,fiber_cement_siding,hardie,lap_siding,lap_siding,"HardiePlank Cedarmill 8-1/4"" Arctic White 12'",,,EquivalentOnlySameSpec,,,,0.312,8.25,,144,,,,LF,EA,12,,,7,,,,,,,,,,,,James Hardie,HardiePlank HZ10,,,Arctic White,,,,,,,,,,,,,,siding|fiber_cement|lap|cedarmill,R703.11,N,,,,,,,,ORDER,7,,"30-year non-prorated warranty, noncombustible"
SIDING-HP-825-CEDA-PEARL-GRAY-12,SIDING-HP-825-CEDA-PEARL-GRAY-12-V1,fiber_cement_siding,hardie,lap_siding,lap_siding,"HardiePlank Cedarmill 8-1/4"" Pearl Gray 12'",,,EquivalentOnlySameSpec,,,,0.312,8.25,,144,,,,LF,EA,12,,,7,,,,,,,,,,,,James Hardie,HardiePlank HZ10,,,Pearl Gray,,,,,,,,,,,,,,siding|fiber_cement|lap|cedarmill,R703.11,N,,,,,,,,ORDER,7,,"30-year non-prorated warranty, noncombustible"
SIDING-HP-825-SMOO-PRIMED-12,SIDING-HP-825-SMOO-PRIMED-12-V1,fiber_cement_siding,hardie,lap_siding,lap_siding,"HardiePlank Smooth 8-1/4"" Primed 12'",,,EquivalentOnlySameSpec,,,,0.312,8.25,,144,,,,LF,EA,12,,,7,,,,,,,,,,,,James Hardie,HardiePlank HZ10,,,Primed,,,,,,,,,,,,,,siding|fiber_cement|lap|smooth,R703.11,N,,,,,,,,STOCK,,,"30-year non-prorated warranty, noncombustible"
SIDING-HP-825-SMOO-ARCTIC-WHITE-12,SIDING-HP-825-SMOO-ARCTIC-WHITE-12-V1,fiber_cement_siding,hardie,lap_siding,lap_siding,"HardiePlank Smooth 8-1/4"" Arctic White 12'",,,EquivalentOnlySameSpec,,,,0.312,8.25,,144,,,,LF,EA,12,,,7,,,,,,,,,,,,James Hardie,HardiePlank HZ10,,,Arctic White,,,,,,,,,,,,,,siding|fiber_cement|lap|smooth,R703.11,N,,,,,,,,ORDER,7,,"30-year non-prorated warranty, noncombustible"
SIDING-HP-825-SMOO-PEARL-GRAY-12,SIDING-HP-825-SMOO-PEARL-GRAY-12-V1,fiber_cement_siding,hardie,lap_siding,lap_siding,"HardiePlank Smooth 8-1/4"" Pearl Gray 12'",,,EquivalentOnlySameSpec,,,,0.312,8.25,,144,,,,LF,EA,12,,,7,,,,,,,,,,,,James Hardie,HardiePlank HZ10,,,Pearl Gray,,,,,,,,,,,,,,siding|fiber_cement|lap|smooth,R703.11,N,,,,,,,,ORDER,7,,"30-year non-prorated warranty, noncombustible"
SIDING-HPANEL-4X8-CEDA-PRIMED,SIDING-HPANEL-4X8-CEDA-PRIMED-V1,fiber_cement_siding,hardie,panel_siding,panel_siding,HardiePanel Cedarmill 4x8 Primed,,,EquivalentOnlySameSpec,,,,0.312,,,,,,,SF,SHT,,,32.0,,,,,,,48,96,,,,,James Hardie,HardiePanel HZ10,,,Primed,,,,,,,,,,,,,,siding|fiber_cement|panel|vertical|cedarmill,R703.11,N,,,,,,,,STOCK,,,30-year warranty
SIDING-HPANEL-4X8-SMOO-PRIMED,SIDING-HPANEL-4X8-SMOO-PRIMED-V1,fiber_cement_siding,hardie,panel_siding,panel_siding,HardiePanel Smooth 4x8 Primed,,,EquivalentOnlySameSpec,,,,0.312,,,,,,,SF,SHT,,,32.0,,,,,,,48,96,,,,,James Hardie,HardiePanel HZ10,,,Primed,,,,,,,,,,,,,,siding|fiber_cement|panel|vertical|smooth,R703.11,N,,,,,,,,STOCK,,,30-year warranty
SIDING-HPANEL-4X8-STUC-PRIMED,SIDING-HPANEL-4X8-STUC-PRIMED-V1,fiber_cement_siding,hardie,panel_siding,panel_siding,HardiePanel Stucco 4x8 Primed,,,EquivalentOnlySameSpec,,,,0.312,,,,,,,SF,SHT,,,32.0,,,,,,,48,96,,,,,James Hardie,HardiePanel HZ10,,,Primed,,,,,,,,,,,,,,siding|fiber_cement|panel|vertical|stucco,R703.11,N,,,,,,,,STOCK,,,30-year warranty
SIDING-HPANEL-4X9-CEDA-PRIMED,SIDING-HPANEL-4X9-CEDA-PRIMED-V1,fiber_cement_siding,hardie,panel_siding,panel_siding,HardiePanel Cedarmill 4x9 Primed,,,EquivalentOnlySameSpec,,,,0.312,,,,,,,SF,SHT,,,36.0,,,,,,,48,108,,,,,James Hardie,HardiePanel HZ10,,,Primed,,,,,,,,,,,,,,siding|fiber_cement|panel|vertical|cedarmill,R703.11,N,,,,,,,,STOCK,,,30-year warranty
SIDING-HPANEL-4X9-SMOO-PRIMED,SIDING-HPANEL-4X9-SMOO-PRIMED-V1,fiber_cement_siding,hardie,panel_siding,panel_siding,HardiePanel Smooth 4x9 Primed,,,EquivalentOnlySameSpec,,,,0.312,,,,,,,SF,SHT,,,36.0,,,,,,,48,108,,,,,James Hardie,HardiePanel HZ10,,,Primed,,,,,,,,,,,,,,siding|fiber_cement|panel|vertical|smooth,R703.11,N,,,,,,,,STOCK,,,30-year warranty
SIDING-HPANEL-4X9-STUC-PRIMED,SIDING-HPANEL-4X9-STUC-PRIMED-V1,fiber_cement_siding,hardie,panel_siding,panel_siding,HardiePanel Stucco 4x9 Primed,,,EquivalentOnlySameSpec,,,,0.312,,,,,,,SF,SHT,,,36.0,,,,,,,48,108,,,,,James Hardie,HardiePanel HZ10,,,Primed,,,,,,,,,,,,,,siding|fiber_cement|panel|vertical|stucco,R703.11,N,,,,,,,,STOCK,,,30-year warranty
SIDING-HPANEL-4X10-CEDA-PRIMED,SIDING-HPANEL-4X10-CEDA-PRIMED-V1,fiber_cement_siding,hardie,panel_siding,panel_siding,HardiePanel Cedarmill 4x10 Primed,,,EquivalentOnlySameSpec,,,,0.312,,,,,,,SF,SHT,,,40.0,,,,,,,48,120,,,,,James Hardie,HardiePanel HZ10,,,Primed,,,,,,,,,,,,,,siding|fiber_cement|panel|vertical|cedarmill,R703.11,N,,,,,,,,STOCK,,,30-year warranty
SIDING-HPANEL-4X10-SMOO-PRIMED,SIDING-HPANEL-4X10-SMOO-PRIMED-V1,fiber_cement_siding,hardie,panel_siding,panel_siding,HardiePanel Smooth 4x10 Primed,,,EquivalentOnlySameSpec,,,,0.312,,,,,,,SF,SHT,,,40.0,,,,,,,48,120,,,,,James Hardie,HardiePanel HZ10,,,Primed,,,,,,,,,,,,,,siding|fiber_cement|panel|vertical|smooth,R703.11,N,,,,,,,,STOCK,,,30-year warranty
SIDING-HPANEL-4X10-STUC-PRIMED,SIDING-HPANEL-4X10-STUC-PRIMED-V1,fiber_cement_siding,hardie,panel_siding,panel_siding,HardiePanel Stucco 4x10 Primed,,,EquivalentOnlySameSpec,,,,0.312,,,,,,,SF,SHT,,,40.0,,,,,,,48,120,,,,,James Hardie,HardiePanel HZ10,,,Primed,,,,,,,,,,,,,,siding|fiber_cement|panel|vertical|stucco,R703.11,N,,,,,,,,STOCK,,,30-year warranty
SIDING-HTRIM-35-12,SIDING-HTRIM-35-12-V1,fiber_cement_siding,hardie,trim,trim_board,"HardieTrim 3.5"" 12' Primed",,,EquivalentOnlySameSpec,,,,0.75,3.5,,144,,,,LF,EA,12,,,,,,,,,,,,,,,James Hardie,HardieTrim HZ10,,,Primed,,,,,,,,,,,,,,trim|fiber_cement|exterior,,N,,,,,,,,STOCK,,,
SIDING-HTRIM-4-12,SIDING-HTRIM-4-12-V1,fiber_cement_siding,hardie,trim,trim_board,"HardieTrim 4"" 12' Primed",,,EquivalentOnlySameSpec,,,,0.75,4,,144,,,,LF,EA,12,,,,,,,,,,,,,,,James Hardie,HardieTrim HZ10,,,Primed,,,,,,,,,,,,,,trim|fiber_cement|exterior,,N,,,,,,,,STOCK,,,
SIDING-HTRIM-55-12,SIDING-HTRIM-55-12-V1,fiber_cement_siding,hardie,trim,trim_board,"HardieTrim 5.5"" 12' Primed",,,EquivalentOnlySameSpec,,,,0.75,5.5,,144,,,,LF,EA,12,,,,,,,,,,,,,,,James Hardie,HardieTrim HZ10,,,Primed,,,,,,,,,,,,,,trim|fiber_cement|exterior,,N,,,,,,,,STOCK,,,
SIDING-HTRIM-6-12,SIDING-HTRIM-6-12-V1,fiber_cement_siding,hardie,trim,trim_board,"HardieTrim 6"" 12' Primed",,,EquivalentOnlySameSpec,,,,0.75,6,,144,,,,LF,EA,12,,,,,,,,,,,,,,,James Hardie,HardieTrim HZ10,,,Primed,,,,,,,,,,,,,,trim|fiber_cement|exterior,,N,,,,,,,,STOCK,,,
SIDING-HTRIM-8-12,SIDING-HTRIM-8-12-V1,fiber_cement_siding,hardie,trim,trim_board,"HardieTrim 8"" 12' Primed",,,EquivalentOnlySameSpec,,,,0.75,8,,144,,,,LF,EA,12,,,,,,,,,,,,,,,James Hardie,HardieTrim HZ10,,,Primed,,,,,,,,,,,,,,trim|fiber_cement|exterior,,N,,,,,,,,STOCK,,,
SIDING-HTRIM-10-12,SIDING-HTRIM-10-12-V1,fiber_cement_siding,hardie,trim,trim_board,"HardieTrim 10"" 12' Primed",,,EquivalentOnlySameSpec,,,,0.75,10,,144,,,,LF,EA,12,,,,,,,,,,,,,,,James Hardie,HardieTrim HZ10,,,Primed,,,,,,,,,,,,,,trim|fiber_cement|exterior,,N,,,,,,,,STOCK,,,
SIDING-HTRIM-12-12,SIDING-HTRIM-12-12-V1,fiber_cement_siding,hardie,trim,trim_board,"HardieTrim 12"" 12' Primed",,,EquivalentOnlySameSpec,,,,0.75,12,,144,,,,LF,EA,12,,,,,,,,,,,,,,,James Hardie,HardieTrim HZ10,,,Primed,,,,,,,,,,,,,,trim|fiber_cement|exterior,,N,,,,,,,,STOCK,,,
SIDING-HSOFFIT-VENTED-12,SIDING-HSOFFIT-VENTED-12-V1,fiber_cement_siding,hardie,soffit,soffit_panel,"HardieSoffit Vented 12""x12' Primed",,,EquivalentOnlySameSpec,,,,0.25,12,,144,,,,SF,EA,,,12,,,,,,,,,,,,,James Hardie,HardieSoffit,,,Primed,,,,,,,,,,,,,,soffit|fiber_cement|vented,,N,,,,,,,,STOCK,,,
SIDING-HSOFFIT-NONVENTED-12,SIDING-HSOFFIT-NONVENTED-12-V1,fiber_cement_siding,hardie,soffit,soffit_panel,"HardieSoffit Non Vented 12""x12' Primed",,,EquivalentOnlySameSpec,,,,0.25,12,,144,,,,SF,EA,,,12,,,,,,,,,,,,,James Hardie,HardieSoffit,,,Primed,,,,,,,,,,,,,,soffit|fiber_cement|non_vented,,N,,,,,,,,STOCK,,,
ROOF-SYN-GAF-FELTBUSTER,ROOF-SYN-GAF-FELTBUSTER-V1,roofing,underlayment,synthetic,synthetic_underlayment,"GAF FeltBuster Synthetic Underlayment 48""x250'",,,EquivalentOnlySameSpec,,,,,48,,,,,,SF,RL,,,1000,1000,,,,,,,,,,,,GAF,FeltBuster,,,,,,,,,,,,,,250,,,roofing|underlayment|synthetic|water_resistant,R905.1,N,,,,,,,,STOCK,,,Class A fire rated
ROOF-SYN-GAF-TIGERPAW,ROOF-SYN-GAF-TIGERPAW-V1,roofing,underlayment,synthetic,synthetic_underlayment,"GAF Tiger Paw Synthetic Underlayment 48""x250'",,,EquivalentOnlySameSpec,,,,,48,,,,,,SF,RL,,,1000,1000,,,,,,,,,,,,GAF,Tiger Paw,,,,,,,,,,,,,,250,,,roofing|underlayment|synthetic|water_resistant,R905.1,N,,,,,,,,STOCK,,,Class A fire rated
ROOF-SYN-OC-PROARMOR,ROOF-SYN-OC-PROARMOR-V1,roofing,underlayment,synthetic,synthetic_underlayment,"Owens Corning ProArmor Synthetic Underlayment 48""x286'",,,EquivalentOnlySameSpec,,,,,48,,,,,,SF,RL,,,1000,1000,,,,,,,,,,,,Owens Corning,ProArmor,,,,,,,,,,,,,,286,,,roofing|underlayment|synthetic|water_resistant,R905.1,N,,,,,,,,STOCK,,,Class A fire rated
ROOF-SYN-OC-DECKDEFENSE,ROOF-SYN-OC-DECKDEFENSE-V1,roofing,underlayment,synthetic,synthetic_underlayment,"Owens Corning Deck Defense Synthetic Underlayment 42""x286'",,,EquivalentOnlySameSpec,,,,,42,,,,,,SF,RL,,,1001,1001,,,,,,,,,,,,Owens Corning,Deck Defense,,,,,,,,,,,,,,286,,,roofing|underlayment|synthetic|water_resistant,R905.1,N,,,,,,,,STOCK,,,Class A fire rated
ROOF-SYN-CT-DIAMONDDECK,ROOF-SYN-CT-DIAMONDDECK-V1,roofing,underlayment,synthetic,synthetic_underlayment,"CertainTeed Diamond Deck Synthetic Underlayment 48""x250'",,,EquivalentOnlySameSpec,,,,,48,,,,,,SF,RL,,,1000,1000,,,,,,,,,,,,CertainTeed,Diamond Deck,,,,,,,,,,,,,,250,,,roofing|underlayment|synthetic|water_resistant,R905.1,N,,,,,,,,ORDER,3,,Class A fire rated
ROOF-FELT-15LB,ROOF-FELT-15LB-V1,roofing,underlayment,felt,felt_underlayment,"Asphalt Saturated Felt 15# 36""x144'",,,EquivalentOnlySameSpec,,,,0.15,36,,,,,,SF,RL,,,432,400,,,,,,,,,,,,,,,,,,,,,,,,,,,144,,,roofing|underlayment|felt|15lb,R905.1,N,,,,,,,,STOCK,,,ASTM D226 Type I
ROOF-FELT-30LB,ROOF-FELT-30LB-V1,roofing,underlayment,felt,felt_underlayment,"Asphalt Saturated Felt 30# 36""x144'",,,EquivalentOnlySameSpec,,,,0.3,36,,,,,,SF,RL,,,216,200,,,,,,,,,,,,,,,,,,,,,,,,,,,72,,,roofing|underlayment|felt|30lb,R905.1,N,,,,,,,,STOCK,,,ASTM D226 Type II
ROOF-IWS-GRACE-IWS,ROOF-IWS-GRACE-IWS-V1,roofing,underlayment,ice_water_shield,self_adhered_underlayment,"Grace Ice & Water Shield 36""x75'",,,EquivalentOnlySameSpec,,,,,36,,,,,,SF,RL,,,225,225,,,,,,,,,,,,Grace,Ice & Water Shield,,,,,,,,,,,,,,75,,rubberized_asphalt,roofing|ice_dam|eaves|valleys|penetrations,R905.1.1,N,,,,,,,,STOCK,,,"Self-adhering, waterproof membrane"
ROOF-IWS-GAF-WEATHERWATCH,ROOF-IWS-GAF-WEATHERWATCH-V1,roofing,underlayment,ice_water_shield,self_adhered_underlayment,"GAF WeatherWatch 36""x50'",,,EquivalentOnlySameSpec,,,,,36,,,,,,SF,RL,,,150,150,,,,,,,,,,,,GAF,WeatherWatch,,,,,,,,,,,,,,50,,rubberized_asphalt,roofing|ice_dam|eaves|valleys|penetrations,R905.1.1,N,,,,,,,,STOCK,,,"Self-adhering, waterproof membrane"
ROOF-IWS-GAF-STORMGUARD,ROOF-IWS-GAF-STORMGUARD-V1,roofing,underlayment,ice_water_shield,self_adhered_underlayment,"GAF Storm Guard 36""x66'",,,EquivalentOnlySameSpec,,,,,36,,,,,,SF,RL,,,198,198,,,,,,,,,,,,GAF,Storm Guard,,,,,,,,,,,,,,66,,rubberized_asphalt,roofing|ice_dam|eaves|valleys|penetrations,R905.1.1,N,,,,,,,,STOCK,,,"Self-adhering, waterproof membrane"
ROOF-IWS-OC-WEATHERLOCK,ROOF-IWS-OC-WEATHERLOCK-V1,roofing,underlayment,ice_water_shield,self_adhered_underlayment,"Owens Corning WeatherLock 36""x66.7'",,,EquivalentOnlySameSpec,,,,,36,,,,,,SF,RL,,,200,200,,,,,,,,,,,,Owens Corning,WeatherLock,,,,,,,,,,,,,,66.7,,rubberized_asphalt,roofing|ice_dam|eaves|valleys|penetrations,R905.1.1,N,,,,,,,,STOCK,,,"Self-adhering, waterproof membrane"
CONC-REBAR-3-20,CONC-REBAR-3-20-V1,concrete,reinforcement,rebar,reinforcing_bar,Rebar #3 Grade 60 20',,,Allowed,,,,,,,240,0.375,#3,,LF,EA,20,,,,,,,,,,,,,,,,,,,,,,,,,,,,,,,,,concrete|reinforcement|structural,R403|R404,N,,,,,,,,STOCK,,,"ASTM A615 Grade 60, 0.376 lb/ft"
CONC-REBAR-4-20,CONC-REBAR-4-20-V1,concrete,reinforcement,rebar,reinforcing_bar,Rebar #4 Grade 60 20',,,Allowed,,,,,,,240,0.5,#4,,LF,EA,20,,,,,,,,,,,,,,,,,,,,,,,,,,,,,,,,,concrete|reinforcement|structural,R403|R404,N,,,,,,,,STOCK,,,"ASTM A615 Grade 60, 0.668 lb/ft"
CONC-REBAR-5-20,CONC-REBAR-5-20-V1,concrete,reinforcement,rebar,reinforcing_bar,Rebar #5 Grade 60 20',,,Allowed,,,,,,,240,0.625,#5,,LF,EA,20,,,,,,,,,,,,,,,,,,,,,,,,,,,,,,,,,concrete|reinforcement|structural,R403|R404,N,,,,,,,,STOCK,,,"ASTM A615 Grade 60, 1.043 lb/ft"
CONC-REBAR-6-20,CONC-REBAR-6-20-V1,concrete,reinforcement,rebar,reinforcing_bar,Rebar #6 Grade 60 20',,,Allowed,,,,,,,240,0.75,#6,,LF,EA,20,,,,,,,,,,,,,,,,,,,,,,,,,,,,,,,,,concrete|reinforcement|structural,R403|R404,N,,,,,,,,STOCK,,,"ASTM A615 Grade 60, 1.502 lb/ft"
CONC-MESH-6X6-W14,CONC-MESH-6X6-W14-V1,concrete,reinforcement,wire_mesh,welded_wire_mesh,Welded Wire Mesh 6x6 W1.4/W1.4 5'x150',,,Allowed,,,,,,,,,6x6 W1.4/W1.4,,SF,SHT,,,750,750,,,,,,,,,,,,,,,,,,,,,,,,,,5,150,,,concrete|reinforcement|slab|flatwork,R403|R506,N,,,,,,,,STOCK,,,10 gauge wire
CONC-MESH-6X6-W29,CONC-MESH-6X6-W29-V1,concrete,reinforcement,wire_mesh,welded_wire_mesh,Welded Wire Mesh 6x6 W2.9/W2.9 5'x150',,,Allowed,,,,,,,,,6x6 W2.9/W2.9,,SF,SHT,,,750,750,,,,,,,,,,,,,,,,,,,,,,,,,,5,150,,,concrete|reinforcement|slab|flatwork,R403|R506,N,,,,,,,,STOCK,,,6 gauge wire
CONC-MESH-4X4-W14,CONC-MESH-4X4-W14-V1,concrete,reinforcement,wire_mesh,welded_wire_mesh,Welded Wire Mesh 4x4 W1.4/W1.4 5'x150',,,Allowed,,,,,,,,,4x4 W1.4/W1.4,,SF,SHT,,,750,750,,,,,,,,,,,,,,,,,,,,,,,,,,5,150,,,concrete|reinforcement|slab|flatwork,R403|R506,N,,,,,,,,STOCK,,,10 gauge wire
CONC-MESH-4X4-W29,CONC-MESH-4X4-W29-V1,concrete,reinforcement,wire_mesh,welded_wire_mesh,Welded Wire Mesh 4x4 W2.9/W2.9 5'x150',,,Allowed,,,,,,,,,4x4 W2.9/W2.9,,SF,SHT,,,750,750,,,,,,,,,,,,,,,,,,,,,,,,,,5,150,,,concrete|reinforcement|slab|flatwork,R403|R506,N,,,,,,,,STOCK,,,6 gauge wire
CONC-ANCHOR-J-05-8,CONC-ANCHOR-J-05-8-V1,concrete,anchors,foundation_bolts,j_bolt,"J-Bolt 0.5""x8"" HDG",,,Allowed,,,,,,,8,0.5,,,EA,BX,,,,,50,,,,,,,,,,,,,,,HDG,,,,,,,,,,,,,,anchor|foundation|mudsill|concrete,R403.1.6,N,,,,,,,,STOCK,,,Hot-dipped galvanized with nut and washer
CONC-ANCHOR-L-05-8,CONC-ANCHOR-L-05-8-V1,concrete,anchors,foundation_bolts,l_bolt,"L-Bolt 0.5""x8"" HDG",,,Allowed,,,,,,,8,0.5,,,EA,BX,,,,,50,,,,,,,,,,,,,,,HDG,,,,,,,,,,,,,,anchor|foundation|mudsill|concrete,R403.1.6,N,,,,,,,,STOCK,,,Hot-dipped galvanized with nut and washer
CONC-ANCHOR-J-05-10,CONC-ANCHOR-J-05-10-V1,concrete,anchors,foundation_bolts,j_bolt,"J-Bolt 0.5""x10"" HDG",,,Allowed,,,,,,,10,0.5,,,EA,BX,,,,,50,,,,,,,,,,,,,,,HDG,,,,,,,,,,,,,,anchor|foundation|mudsill|concrete,R403.1.6,N,,,,,,,,STOCK,,,Hot-dipped galvanized with nut and washer
CONC-ANCHOR-L-05-10,CONC-ANCHOR-L-05-10-V1,concrete,anchors,foundation_bolts,l_bolt,"L-Bolt 0.5""x10"" HDG",,,Allowed,,,,,,,10,0.5,,,EA,BX,,,,,50,,,,,,,,,,,,,,,HDG,,,,,,,,,,,,,,anchor|foundation|mudsill|concrete,R403.1.6,N,,,,,,,,STOCK,,,Hot-dipped galvanized with nut and washer
CONC-ANCHOR-J-0625-8,CONC-ANCHOR-J-0625-8-V1,concrete,anchors,foundation_bolts,j_bolt,"J-Bolt 0.625""x8"" HDG",,,Allowed,,,,,,,8,0.625,,,EA,BX,,,,,25,,,,,,,,,,,,,,,HDG,,,,,,,,,,,,,,anchor|foundation|mudsill|concrete,R403.1.6,N,,,,,,,,STOCK,,,Hot-dipped galvanized with nut and washer
CONC-ANCHOR-L-0625-8,CONC-ANCHOR-L-0625-8-V1,concrete,anchors,foundation_bolts,l_bolt,"L-Bolt 0.625""x8"" HDG",,,Allowed,,,,,,,8,0.625,,,EA,BX,,,,,25,,,,,,,,,,,,,,,HDG,,,,,,,,,,,,,,anchor|foundation|mudsill|concrete,R403.1.6,N,,,,,,,,STOCK,,,Hot-dipped galvanized with nut and washer
CONC-ANCHOR-J-0625-10,CONC-ANCHOR-J-0625-10-V1,concrete,anchors,foundation_bolts,j_bolt,"J-Bolt 0.625""x10"" HDG",,,Allowed,,,,,,,10,0.625,,,EA,BX,,,,,25,,,,,,,,,,,,,,,HDG,,,,,,,,,,,,,,anchor|foundation|mudsill|concrete,R403.1.6,N,,,,,,,,STOCK,,,Hot-dipped galvanized with nut and washer
CONC-ANCHOR-L-0625-10,CONC-ANCHOR-L-0625-10-V1,concrete,anchors,foundation_bolts,l_bolt,"L-Bolt 0.625""x10"" HDG",,,Allowed,,,,,,,10,0.625,,,EA,BX,,,,,25,,,,,,,,,,,,,,,HDG,,,,,,,,,,,,,,anchor|foundation|mudsill|concrete,R403.1.6,N,,,,,,,,STOCK,,,Hot-dipped galvanized with nut and washer
CONC-ANCHOR-J-0625-12,CONC-ANCHOR-J-0625-12-V1,concrete,anchors,foundation_bolts,j_bolt,"J-Bolt 0.625""x12"" HDG",,,Allowed,,,,,,,12,0.625,,,EA,BX,,,,,25,,,,,,,,,,,,,,,HDG,,,,,,,,,,,,,,anchor|foundation|mudsill|concrete,R403.1.6,N,,,,,,,,STOCK,,,Hot-dipped galvanized with nut and washer
CONC-ANCHOR-L-0625-12,CONC-ANCHOR-L-0625-12-V1,concrete,anchors,foundation_bolts,l_bolt,"L-Bolt 0.625""x12"" HDG",,,Allowed,,,,,,,12,0.625,,,EA,BX,,,,,25,,,,,,,,,,,,,,,HDG,,,,,,,,,,,,,,anchor|foundation|mudsill|concrete,R403.1.6,N,,,,,,,,STOCK,,,Hot-dipped galvanized with nut and washer
CONC-STAKE-18,CONC-STAKE-18-V1,concrete,forming,stakes,form_stake,"Steel Form Stake 3/4""x18""",,,Allowed,,,,,0.75,,18,,,,EA,BDL,,,,,10,,,,,,,,,,,,,,,,,,,,,,,,,,,,,concrete|forming|stakes,,N,,,,,,,,STOCK,,,
CONC-STAKE-24,CONC-STAKE-24-V1,concrete,forming,stakes,form_stake,"Steel Form Stake 3/4""x24""",,,Allowed,,,,,0.75,,24,,,,EA,BDL,,,,,10,,,,,,,,,,,,,,,,,,,,,,,,,,,,,concrete|forming|stakes,,N,,,,,,,,STOCK,,,
CONC-STAKE-30,CONC-STAKE-30-V1,concrete,forming,stakes,form_stake,"Steel Form Stake 3/4""x30""",,,Allowed,,,,,0.75,,30,,,,EA,BDL,,,,,10,,,,,,,,,,,,,,,,,,,,,,,,,,,,,concrete|forming|stakes,,N,,,,,,,,STOCK,,,
CONC-STAKE-36,CONC-STAKE-36-V1,concrete,forming,stakes,form_stake,"Steel Form Stake 3/4""x36""",,,Allowed,,,,,0.75,,36,,,,EA,BDL,,,,,10,,,,,,,,,,,,,,,,,,,,,,,,,,,,,concrete|forming|stakes,,N,,,,,,,,STOCK,,,
CONC-CHAIR-SB-3,CONC-CHAIR-SB-3-V1,concrete,reinforcement,rebar_support,rebar_chair,"Slab Bolster 3"" (50/bundle)",,,Allowed,,,,,,3,,,,,EA,BDL,,,,,50,,,,,,,,,,,,,,,,,,,,,,,,,,,,,rebar_support|slab|flatwork,,N,,,,,,,,STOCK,,,
CONC-CHAIR-SB-4,CONC-CHAIR-SB-4-V1,concrete,reinforcement,rebar_support,rebar_chair,"Slab Bolster 4"" (50/bundle)",,,Allowed,,,,,,4,,,,,EA,BDL,,,,,50,,,,,,,,,,,,,,,,,,,,,,,,,,,,,rebar_support|slab|flatwork,,N,,,,,,,,STOCK,,,
CONC-CHAIR-HC-3,CONC-CHAIR-HC-3-V1,concrete,reinforcement,rebar_support,rebar_chair,"High Chair 3"" (50/bundle)",,,Allowed,,,,,,3,,,,,EA,BDL,,,,,50,,,,,,,,,,,,,,,,,,,,,,,,,,,,,rebar_support|beam|footing,,N,,,,,,,,STOCK,,,
CONC-CHAIR-HC-4,CONC-CHAIR-HC-4-V1,concrete,reinforcement,rebar_support,rebar_chair,"High Chair 4"" (50/bundle)",,,Allowed,,,,,,4,,,,,EA,BDL,,,,,50,,,,,,,,,,,,,,,,,,,,,,,,,,,,,rebar_support|beam|footing,,N,,,,,,,,STOCK,,,
CONC-CHAIR-HC-5,CONC-CHAIR-HC-5-V1,concrete,reinforcement,rebar_support,rebar_chair,"High Chair 5"" (50/bundle)",,,Allowed,,,,,,5,,,,,EA,BDL,,,,,50,,,,,,,,,,,,,,,,,,,,,,,,,,,,,rebar_support|beam|footing,,N,,,,,,,,STOCK,,,
CONC-TUBE-8-12,CONC-TUBE-8-12-V1,concrete,forming,column_forms,form_tube,"Sonotube 8"" Dia x 12'",,,Allowed,,,,,,,144,8,,,LF,EA,12,,,,,,,,,,,,,,,Sonotube,,,,,,,,,,,,,,,,,,concrete|forming|pier|column|footing,R403,N,,,,,,,,STOCK,,,
CONC-TUBE-10-12,CONC-TUBE-10-12-V1,concrete,forming,column_forms,form_tube,"Sonotube 10"" Dia x 12'",,,Allowed,,,,,,,144,10,,,LF,EA,12,,,,,,,,,,,,,,,Sonotube,,,,,,,,,,,,,,,,,,concrete|forming|pier|column|footing,R403,N,,,,,,,,STOCK,,,
CONC-TUBE-12-12,CONC-TUBE-12-12-V1,concrete,forming,column_forms,form_tube,"Sonotube 12"" Dia x 12'",,,Allowed,,,,,,,144,12,,,LF,EA,12,,,,,,,,,,,,,,,Sonotube,,,,,,,,,,,,,,,,,,concrete|forming|pier|column|footing,R403,N,,,,,,,,STOCK,,,
CONC-TUBE-14-12,CONC-TUBE-14-12-V1,concrete,forming,column_forms,form_tube,"Sonotube 14"" Dia x 12'",,,Allowed,,,,,,,144,14,,,LF,EA,12,,,,,,,,,,,,,,,Sonotube,,,,,,,,,,,,,,,,,,concrete|forming|pier|column|footing,R403,N,,,,,,,,STOCK,,,
CONC-TUBE-16-12,CONC-TUBE-16-12-V1,concrete,forming,column_forms,form_tube,"Sonotube 16"" Dia x 12'",,,Allowed,,,,,,,144,16,,,LF,EA,12,,,,,,,,,,,,,,,Sonotube,,,,,,,,,,,,,,,,,,concrete|forming|pier|column|footing,R403,N,,,,,,,,STOCK,,,
CONC-TUBE-18-12,CONC-TUBE-18-12-V1,concrete,forming,column_forms,form_tube,"Sonotube 18"" Dia x 12'",,,Allowed,,,,,,,144,18,,,LF,EA,12,,,,,,,,,,,,,,,Sonotube,,,,,,,,,,,,,,,,,,concrete|forming|pier|column|footing,R403,N,,,,,,,,ORDER,3,,
CONC-TUBE-24-12,CONC-TUBE-24-12-V1,concrete,forming,column_forms,form_tube,"Sonotube 24"" Dia x 12'",,,Allowed,,,,,,,144,24,,,LF,EA,12,,,,,,,,,,,,,,,Sonotube,,,,,,,,,,,,,,,,,,concrete|forming|pier|column|footing,R403,N,,,,,,,,ORDER,3,,
MOULD-CROWN-234-MDF-16,MOULD-CROWN-234-MDF-16-V1,moulding,crown,mdf_primed,crown_moulding,"Crown COLONIAL 2-3/4"" MDF PRIMED 16'",MDF,,Allowed,,,,,2.75,,192,,2-3/4,,LF,EA,16,,,,,,,,,,,,,,,,,,,Primed,,,,,,,,,,,,,,moulding|crown|colonial|interior,,N,,,,,,,,STOCK,,,
MOULD-CROWN-234-FJ-16,MOULD-CROWN-234-FJ-16-V1,moulding,crown,fj_pine_primed,crown_moulding,"Crown COLONIAL 2-3/4"" FJ PINE PRIMED 16'",FJ,,Allowed,,,,,2.75,,192,,2-3/4,,LF,EA,16,,,,,,,,,,,,,,,,,,,Primed,,,,,,,,,,,,,,moulding|crown|colonial|interior,,N,,,,,,,,STOCK,,,
MOULD-CROWN-234-POPLAR-16,MOULD-CROWN-234-POPLAR-16-V1,moulding,crown,poplar,crown_moulding,"Crown COLONIAL 2-3/4"" POPLAR 16'",POPLAR,,Allowed,,,,,2.75,,192,,2-3/4,,LF,EA,16,,,,,,,,,,,,,,,,,,,Unfinished,,,,,,,,,,,,,,moulding|crown|colonial|interior,,N,,,,,,,,ORDER,3,,
MOULD-CROWN-234-OAK-16,MOULD-CROWN-234-OAK-16-V1,moulding,crown,oak,crown_moulding,"Crown COLONIAL 2-3/4"" OAK 16'",OAK,,Allowed,,,,,2.75,,192,,2-3/4,,LF,EA,16,,,,,,,,,,,,,,,,,,,Unfinished,,,,,,,,,,,,,,moulding|crown|colonial|interior,,N,,,,,,,,ORDER,3,,
MOULD-CROWN-358-MDF-16,MOULD-CROWN-358-MDF-16-V1,moulding,crown,mdf_primed,crown_moulding,"Crown COLONIAL 3-5/8"" MDF PRIMED 16'",MDF,,Allowed,,,,,3.625,,192,,3-5/8,,LF,EA,16,,,,,,,,,,,,,,,,,,,Primed,,,,,,,,,,,,,,moulding|crown|colonial|interior,,N,,,,,,,,STOCK,,,
MOULD-CROWN-358-FJ-16,MOULD-CROWN-358-FJ-16-V1,moulding,crown,fj_pine_primed,crown_moulding,"Crown COLONIAL 3-5/8"" FJ PINE PRIMED 16'",FJ,,Allowed,,,,,3.625,,192,,3-5/8,,LF,EA,16,,,,,,,,,,,,,,,,,,,Primed,,,,,,,,,,,,,,moulding|crown|colonial|interior,,N,,,,,,,,STOCK,,,
MOULD-CROWN-358-POPLAR-16,MOULD-CROWN-358-POPLAR-16-V1,moulding,crown,poplar,crown_moulding,"Crown COLONIAL 3-5/8"" POPLAR 16'",POPLAR,,Allowed,,,,,3.625,,192,,3-5/8,,LF,EA,16,,,,,,,,,,,,,,,,,,,Unfinished,,,,,,,,,,,,,,moulding|crown|colonial|interior,,N,,,,,,,,ORDER,3,,
MOULD-CROWN-358-OAK-16,MOULD-CROWN-358-OAK-16-V1,moulding,crown,oak,crown_moulding,"Crown COLONIAL 3-5/8"" OAK 16'",OAK,,Allowed,,,,,3.625,,192,,3-5/8,,LF,EA,16,,,,,,,,,,,,,,,,,,,Unfinished,,,,,,,,,,,,,,moulding|crown|colonial|interior,,N,,,,,,,,ORDER,3,,
MOULD-CROWN-458-MDF-16,MOULD-CROWN-458-MDF-16-V1,moulding,crown,mdf_primed,crown_moulding,"Crown COLONIAL 4-5/8"" MDF PRIMED 16'",MDF,,Allowed,,,,,4.625,,192,,4-5/8,,LF,EA,16,,,,,,,,,,,,,,,,,,,Primed,,,,,,,,,,,,,,moulding|crown|colonial|interior,,N,,,,,,,,STOCK,,,
MOULD-CROWN-458-FJ-16,MOULD-CROWN-458-FJ-16-V1,moulding,crown,fj_pine_primed,crown_moulding,"Crown COLONIAL 4-5/8"" FJ PINE PRIMED 16'",FJ,,Allowed,,,,,4.625,,192,,4-5/8,,LF,EA,16,,,,,,,,,,,,,,,,,,,Primed,,,,,,,,,,,,,,moulding|crown|colonial|interior,,N,,,,,,,,STOCK,,,
MOULD-CROWN-458-POPLAR-16,MOULD-CROWN-458-POPLAR-16-V1,moulding,crown,poplar,crown_moulding,"Crown COLONIAL 4-5/8"" POPLAR 16'",POPLAR,,Allowed,,,,,4.625,,192,,4-5/8,,LF,EA,16,,,,,,,,,,,,,,,,,,,Unfinished,,,,,,,,,,,,,,moulding|crown|colonial|interior,,N,,,,,,,,ORDER,3,,
MOULD-CROWN-458-OAK-16,MOULD-CROWN-458-OAK-16-V1,moulding,crown,oak,crown_moulding,"Crown COLONIAL 4-5/8"" OAK 16'",OAK,,Allowed,,,,,4.625,,192,,4-5/8,,LF,EA,16,,,,,,,,,,,,,,,,,,,Unfinished,,,,,,,,,,,,,,moulding|crown|colonial|interior,,N,,,,,,,,ORDER,3,,
MOULD-CROWN-514-MDF-16,MOULD-CROWN-514-MDF-16-V1,moulding,crown,mdf_primed,crown_moulding,"Crown CLASSIC 5-1/4"" MDF PRIMED 16'",MDF,,Allowed,,,,,5.25,,192,,5-1/4,,LF,EA,16,,,,,,,,,,,,,,,,,,,Primed,,,,,,,,,,,,,,moulding|crown|classic|interior,,N,,,,,,,,STOCK,,,
MOULD-CROWN-514-FJ-16,MOULD-CROWN-514-FJ-16-V1,moulding,crown,fj_pine_primed,crown_moulding,"Crown CLASSIC 5-1/4"" FJ PINE PRIMED 16'",FJ,,Allowed,,,,,5.25,,192,,5-1/4,,LF,EA,16,,,,,,,,,,,,,,,,,,,Primed,,,,,,,,,,,,,,moulding|crown|classic|interior,,N,,,,,,,,STOCK,,,
MOULD-CROWN-514-POPLAR-16,MOULD-CROWN-514-POPLAR-16-V1,moulding,crown,poplar,crown_moulding,"Crown CLASSIC 5-1/4"" POPLAR 16'",POPLAR,,Allowed,,,,,5.25,,192,,5-1/4,,LF,EA,16,,,,,,,,,,,,,,,,,,,Unfinished,,,,,,,,,,,,,,moulding|crown|classic|interior,,N,,,,,,,,ORDER,3,,
MOULD-CROWN-514-OAK-16,MOULD-CROWN-514-OAK-16-V1,moulding,crown,oak,crown_moulding,"Crown CLASSIC 5-1/4"" OAK 16'",OAK,,Allowed,,,,,5.25,,192,,5-1/4,,LF,EA,16,,,,,,,,,,,,,,,,,,,Unfinished,,,,,,,,,,,,,,moulding|crown|classic|interior,,N,,,,,,,,ORDER,3,,
MOULD-BASE-314-MDF-16,MOULD-BASE-314-MDF-16-V1,moulding,baseboard,mdf_primed,baseboard,"Baseboard COLONIAL 3-1/4"" MDF PRIMED 16'",MDF,,Allowed,,,,0.5,3.25,,192,,3-1/4,,LF,EA,16,,,,,,,,,,,,,,,,,,,Primed,,,,,,,,,,,,,,moulding|baseboard|colonial|interior,,N,,,,,,,,STOCK,,,
MOULD-BASE-314-FJ-16,MOULD-BASE-314-FJ-16-V1,moulding,baseboard,fj_pine_primed,baseboard,"Baseboard COLONIAL 3-1/4"" FJ PINE PRIMED 16'",FJ,,Allowed,,,,0.5,3.25,,192,,3-1/4,,LF,EA,16,,,,,,,,,,,,,,,,,,,Primed,,,,,,,,,,,,,,moulding|baseboard|colonial|interior,,N,,,,,,,,STOCK,,,
MOULD-BASE-314-POPLAR-16,MOULD-BASE-314-POPLAR-16-V1,moulding,baseboard,poplar,baseboard,"Baseboard COLONIAL 3-1/4"" POPLAR 16'",POPLAR,,Allowed,,,,0.5,3.25,,192,,3-1/4,,LF,EA,16,,,,,,,,,,,,,,,,,,,Unfinished,,,,,,,,,,,,,,moulding|baseboard|colonial|interior,,N,,,,,,,,ORDER,,,
MOULD-BASE-314-OAK-16,MOULD-BASE-314-OAK-16-V1,moulding,baseboard,oak,baseboard,"Baseboard COLONIAL 3-1/4"" OAK 16'",OAK,,Allowed,,,,0.5,3.25,,192,,3-1/4,,LF,EA,16,,,,,,,,,,,,,,,,,,,Unfinished,,,,,,,,,,,,,,moulding|baseboard|colonial|interior,,N,,,,,,,,ORDER,,,
MOULD-BASE-414-MDF-16,MOULD-BASE-414-MDF-16-V1,moulding,baseboard,mdf_primed,baseboard,"Baseboard COLONIAL 4-1/4"" MDF PRIMED 16'",MDF,,Allowed,,,,0.5,4.25,,192,,4-1/4,,LF,EA,16,,,,,,,,,,,,,,,,,,,Primed,,,,,,,,,,,,,,moulding|baseboard|colonial|interior,,N,,,,,,,,STOCK,,,
MOULD-BASE-414-FJ-16,MOULD-BASE-414-FJ-16-V1,moulding,baseboard,fj_pine_primed,baseboard,"Baseboard COLONIAL 4-1/4"" FJ PINE PRIMED 16'",FJ,,Allowed,,,,0.5,4.25,,192,,4-1/4,,LF,EA,16,,,,,,,,,,,,,,,,,,,Primed,,,,,,,,,,,,,,moulding|baseboard|colonial|interior,,N,,,,,,,,STOCK,,,
MOULD-BASE-414-POPLAR-16,MOULD-BASE-414-POPLAR-16-V1,moulding,baseboard,poplar,baseboard,"Baseboard COLONIAL 4-1/4"" POPLAR 16'",POPLAR,,Allowed,,,,0.5,4.25,,192,,4-1/4,,LF,EA,16,,,,,,,,,,,,,,,,,,,Unfinished,,,,,,,,,,,,,,moulding|baseboard|colonial|interior,,N,,,,,,,,ORDER,,,
MOULD-BASE-414-OAK-16,MOULD-BASE-414-OAK-16-V1,moulding,baseboard,oak,baseboard,"Baseboard COLONIAL 4-1/4"" OAK 16'",OAK,,Allowed,,,,0.5,4.25,,192,,4-1/4,,LF,EA,16,,,,,,,,,,,,,,,,,,,Unfinished,,,,,,,,,,,,,,moulding|baseboard|colonial|interior,,N,,,,,,,,ORDER,,,
MOULD-BASE-514-MDF-16,MOULD-BASE-514-MDF-16-V1,moulding,baseboard,mdf_primed,baseboard,"Baseboard COLONIAL 5-1/4"" MDF PRIMED 16'",MDF,,Allowed,,,,0.5,5.25,,192,,5-1/4,,LF,EA,16,,,,,,,,,,,,,,,,,,,Primed,,,,,,,,,,,,,,moulding|baseboard|colonial|interior,,N,,,,,,,,STOCK,,,
MOULD-BASE-514-FJ-16,MOULD-BASE-514-FJ-16-V1,moulding,baseboard,fj_pine_primed,baseboard,"Baseboard COLONIAL 5-1/4"" FJ PINE PRIMED 16'",FJ,,Allowed,,,,0.5,5.25,,192,,5-1/4,,LF,EA,16,,,,,,,,,,,,,,,,,,,Primed,,,,,,,,,,,,,,moulding|baseboard|colonial|interior,,N,,,,,,,,STOCK,,,
MOULD-BASE-514-POPLAR-16,MOULD-BASE-514-POPLAR-16-V1,moulding,baseboard,poplar,baseboard,"Baseboard COLONIAL 5-1/4"" POPLAR 16'",POPLAR,,Allowed,,,,0.5,5.25,,192,,5-1/4,,LF,EA,16,,,,,,,,,,,,,,,,,,,Unfinished,,,,,,,,,,,,,,moulding|baseboard|colonial|interior,,N,,,,,,,,ORDER,,,
MOULD-BASE-514-OAK-16,MOULD-BASE-514-OAK-16-V1,moulding,baseboard,oak,baseboard,"Baseboard COLONIAL 5-1/4"" OAK 16'",OAK,,Allowed,,,,0.5,5.25,,192,,5-1/4,,LF,EA,16,,,,,,,,,,,,,,,,,,,Unfinished,,,,,,,,,,,,,,moulding|baseboard|colonial|interior,,N,,,,,,,,ORDER,,,
MOULD-BASE-6-MDF-16,MOULD-BASE-6-MDF-16-V1,moulding,baseboard,mdf_primed,baseboard,"Baseboard MODERN 6"" MDF PRIMED 16'",MDF,,Allowed,,,,0.5,6,,192,,6,,LF,EA,16,,,,,,,,,,,,,,,,,,,Primed,,,,,,,,,,,,,,moulding|baseboard|modern|interior,,N,,,,,,,,STOCK,,,
MOULD-BASE-6-FJ-16,MOULD-BASE-6-FJ-16-V1,moulding,baseboard,fj_pine_primed,baseboard,"Baseboard MODERN 6"" FJ PINE PRIMED 16'",FJ,,Allowed,,,,0.5,6,,192,,6,,LF,EA,16,,,,,,,,,,,,,,,,,,,Primed,,,,,,,,,,,,,,moulding|baseboard|modern|interior,,N,,,,,,,,STOCK,,,
MOULD-BASE-6-POPLAR-16,MOULD-BASE-6-POPLAR-16-V1,moulding,baseboard,poplar,baseboard,"Baseboard MODERN 6"" POPLAR 16'",POPLAR,,Allowed,,,,0.5,6,,192,,6,,LF,EA,16,,,,,,,,,,,,,,,,,,,Unfinished,,,,,,,,,,,,,,moulding|baseboard|modern|interior,,N,,,,,,,,ORDER,,,
MOULD-BASE-6-OAK-16,MOULD-BASE-6-OAK-16-V1,moulding,baseboard,oak,baseboard,"Baseboard MODERN 6"" OAK 16'",OAK,,Allowed,,,,0.5,6,,192,,6,,LF,EA,16,,,,,,,,,,,,,,,,,,,Unfinished,,,,,,,,,,,,,,moulding|baseboard|modern|interior,,N,,,,,,,,ORDER,,,
MOULD-CASING-214-MDF-7,MOULD-CASING-214-MDF-7-V1,moulding,casing,mdf_primed,door_casing,"Casing CLAMSHELL 2-1/4"" MDF PRIMED 7'",MDF,,Allowed,,,,0.625,2.25,,84,,2-1/4,,LF,EA,7,,,,,,,,,,,,,,,,,,,Primed,,,,,,,,,,,,,,moulding|casing|clamshell|door|window,,N,,,,,,,,STOCK,,,
MOULD-CASING-214-MDF-8,MOULD-CASING-214-MDF-8-V1,moulding,casing,mdf_primed,door_casing,"Casing CLAMSHELL 2-1/4"" MDF PRIMED 8'",MDF,,Allowed,,,,0.625,2.25,,96,,2-1/4,,LF,EA,8,,,,,,,,,,,,,,,,,,,Primed,,,,,,,,,,,,,,moulding|casing|clamshell|door|window,,N,,,,,,,,STOCK,,,
MOULD-CASING-214-MDF-16,MOULD-CASING-214-MDF-16-V1,moulding,casing,mdf_primed,door_casing,"Casing CLAMSHELL 2-1/4"" MDF PRIMED 16'",MDF,,Allowed,,,,0.625,2.25,,192,,2-1/4,,LF,EA,16,,,,,,,,,,,,,,,,,,,Primed,,,,,,,,,,,,,,moulding|casing|clamshell|door|window,,N,,,,,,,,STOCK,,,
MOULD-CASING-214-FJ-7,MOULD-CASING-214-FJ-7-V1,moulding,casing,fj_pine_primed,door_casing,"Casing CLAMSHELL 2-1/4"" FJ PINE PRIMED 7'",FJ,,Allowed,,,,0.625,2.25,,84,,2-1/4,,LF,EA,7,,,,,,,,,,,,,,,,,,,Primed,,,,,,,,,,,,,,moulding|casing|clamshell|door|window,,N,,,,,,,,STOCK,,,
MOULD-CASING-214-FJ-8,MOULD-CASING-214-FJ-8-V1,moulding,casing,fj_pine_primed,door_casing,"Casing CLAMSHELL 2-1/4"" FJ PINE PRIMED 8'",FJ,,Allowed,,,,0.625,2.25,,96,,2-1/4,,LF,EA,8,,,,,,,,,,,,,,,,,,,Primed,,,,,,,,,,,,,,moulding|casing|clamshell|door|window,,N,,,,,,,,STOCK,,,
MOULD-CASING-214-FJ-16,MOULD-CASING-214-FJ-16-V1,moulding,casing,fj_pine_primed,door_casing,"Casing CLAMSHELL 2-1/4"" FJ PINE PRIMED 16'",FJ,,Allowed,,,,0.625,2.25,,192,,2-1/4,,LF,EA,16,,,,,,,,,,,,,,,,,,,Primed,,,,,,,,,,,,,,moulding|casing|clamshell|door|window,,N,,,,,,,,STOCK,,,
MOULD-CASING-214-POPLAR-7,MOULD-CASING-214-POPLAR-7-V1,moulding,casing,poplar,door_casing,"Casing CLAMSHELL 2-1/4"" POPLAR 7'",POPLAR,,Allowed,,,,0.625,2.25,,84,,2-1/4,,LF,EA,7,,,,,,,,,,,,,,,,,,,Unfinished,,,,,,,,,,,,,,moulding|casing|clamshell|door|window,,N,,,,,,,,ORDER,,,
MOULD-CASING-214-POPLAR-8,MOULD-CASING-214-POPLAR-8-V1,moulding,casing,poplar,door_casing,"Casing CLAMSHELL 2-1/4"" POPLAR 8'",POPLAR,,Allowed,,,,0.625,2.25,,96,,2-1/4,,LF,EA,8,,,,,,,,,,,,,,,,,,,Unfinished,,,,,,,,,,,,,,moulding|casing|clamshell|door|window,,N,,,,,,,,ORDER,,,
MOULD-CASING-214-POPLAR-16,MOULD-CASING-214-POPLAR-16-V1,moulding,casing,poplar,door_casing,"Casing CLAMSHELL 2-1/4"" POPLAR 16'",POPLAR,,Allowed,,,,0.625,2.25,,192,,2-1/4,,LF,EA,16,,,,,,,,,,,,,,,,,,,Unfinished,,,,,,,,,,,,,,moulding|casing|clamshell|door|window,,N,,,,,,,,ORDER,,,
MOULD-CASING-212-MDF-7,MOULD-CASING-212-MDF-7-V1,moulding,casing,mdf_primed,door_casing,"Casing COLONIAL 2-1/2"" MDF PRIMED 7'",MDF,,Allowed,,,,0.625,2.5,,84,,2-1/2,,LF,EA,7,,,,,,,,,,,,,,,,,,,Primed,,,,,,,,,,,,,,moulding|casing|colonial|door|window,,N,,,,,,,,STOCK,,,
MOULD-CASING-212-MDF-8,MOULD-CASING-212-MDF-8-V1,moulding,casing,mdf_primed,door_casing,"Casing COLONIAL 2-1/2"" MDF PRIMED 8'",MDF,,Allowed,,,,0.625,2.5,,96,,2-1/2,,LF,EA,8,,,,,,,,,,,,,,,,,,,Primed,,,,,,,,,,,,,,moulding|casing|colonial|door|window,,N,,,,,,,,STOCK,,,
MOULD-CASING-212-MDF-16,MOULD-CASING-212-MDF-16-V1,moulding,casing,mdf_primed,door_casing,"Casing COLONIAL 2-1/2"" MDF PRIMED 16'",MDF,,Allowed,,,,0.625,2.5,,192,,2-1/2,,LF,EA,16,,,,,,,,,,,,,,,,,,,Primed,,,,,,,,,,,,,,moulding|casing|colonial|door|window,,N,,,,,,,,STOCK,,,
MOULD-CASING-212-FJ-7,MOULD-CASING-212-FJ-7-V1,moulding,casing,fj_pine_primed,door_casing,"Casing COLONIAL 2-1/2"" FJ PINE PRIMED 7'",FJ,,Allowed,,,,0.625,2.5,,84,,2-1/2,,LF,EA,7,,,,,,,,,,,,,,,,,,,Primed,,,,,,,,,,,,,,moulding|casing|colonial|door|window,,N,,,,,,,,STOCK,,,
MOULD-CASING-212-FJ-8,MOULD-CASING-212-FJ-8-V1,moulding,casing,fj_pine_primed,door_casing,"Casing COLONIAL 2-1/2"" FJ PINE PRIMED 8'",FJ,,Allowed,,,,0.625,2.5,,96,,2-1/2,,LF,EA,8,,,,,,,,,,,,,,,,,,,Primed,,,,,,,,,,,,,,moulding|casing|colonial|door|window,,N,,,,,,,,STOCK,,,
MOULD-CASING-212-FJ-16,MOULD-CASING-212-FJ-16-V1,moulding,casing,fj_pine_primed,door_casing,"Casing COLONIAL 2-1/2"" FJ PINE PRIMED 16'",FJ,,Allowed,,,,0.625,2.5,,192,,2-1/2,,LF,EA,16,,,,,,,,,,,,,,,,,,,Primed,,,,,,,,,,,,,,moulding|casing|colonial|door|window,,N,,,,,,,,STOCK,,,
MOULD-CASING-212-POPLAR-7,MOULD-CASING-212-POPLAR-7-V1,moulding,casing,poplar,door_casing,"Casing COLONIAL 2-1/2"" POPLAR 7'",POPLAR,,Allowed,,,,0.625,2.5,,84,,2-1/2,,LF,EA,7,,,,,,,,,,,,,,,,,,,Unfinished,,,,,,,,,,,,,,moulding|casing|colonial|door|window,,N,,,,,,,,ORDER,,,
MOULD-CASING-212-POPLAR-8,MOULD-CASING-212-POPLAR-8-V1,moulding,casing,poplar,door_casing,"Casing COLONIAL 2-1/2"" POPLAR 8'",POPLAR,,Allowed,,,,0.625,2.5,,96,,2-1/2,,LF,EA,8,,,,,,,,,,,,,,,,,,,Unfinished,,,,,,,,,,,,,,moulding|casing|colonial|door|window,,N,,,,,,,,ORDER,,,
MOULD-CASING-212-POPLAR-16,MOULD-CASING-212-POPLAR-16-V1,moulding,casing,poplar,door_casing,"Casing COLONIAL 2-1/2"" POPLAR 16'",POPLAR,,Allowed,,,,0.625,2.5,,192,,2-1/2,,LF,EA,16,,,,,,,,,,,,,,,,,,,Unfinished,,,,,,,,,,,,,,moulding|casing|colonial|door|window,,N,,,,,,,,ORDER,,,
MOULD-CASING-312-MDF-7,MOULD-CASING-312-MDF-7-V1,moulding,casing,mdf_primed,door_casing,"Casing WINDSOR 3-1/2"" MDF PRIMED 7'",MDF,,Allowed,,,,0.625,3.5,,84,,3-1/2,,LF,EA,7,,,,,,,,,,,,,,,,,,,Primed,,,,,,,,,,,,,,moulding|casing|windsor|door|window,,N,,,,,,,,STOCK,,,
MOULD-CASING-312-MDF-8,MOULD-CASING-312-MDF-8-V1,moulding,casing,mdf_primed,door_casing,"Casing WINDSOR 3-1/2"" MDF PRIMED 8'",MDF,,Allowed,,,,0.625,3.5,,96,,3-1/2,,LF,EA,8,,,,,,,,,,,,,,,,,,,Primed,,,,,,,,,,,,,,moulding|casing|windsor|door|window,,N,,,,,,,,STOCK,,,
MOULD-CASING-312-MDF-16,MOULD-CASING-312-MDF-16-V1,moulding,casing,mdf_primed,door_casing,"Casing WINDSOR 3-1/2"" MDF PRIMED 16'",MDF,,Allowed,,,,0.625,3.5,,192,,3-1/2,,LF,EA,16,,,,,,,,,,,,,,,,,,,Primed,,,,,,,,,,,,,,moulding|casing|windsor|door|window,,N,,,,,,,,STOCK,,,
MOULD-CASING-312-FJ-7,MOULD-CASING-312-FJ-7-V1,moulding,casing,fj_pine_primed,door_casing,"Casing WINDSOR 3-1/2"" FJ PINE PRIMED 7'",FJ,,Allowed,,,,0.625,3.5,,84,,3-1/2,,LF,EA,7,,,,,,,,,,,,,,,,,,,Primed,,,,,,,,,,,,,,moulding|casing|windsor|door|window,,N,,,,,,,,STOCK,,,
MOULD-CASING-312-FJ-8,MOULD-CASING-312-FJ-8-V1,moulding,casing,fj_pine_primed,door_casing,"Casing WINDSOR 3-1/2"" FJ PINE PRIMED 8'",FJ,,Allowed,,,,0.625,3.5,,96,,3-1/2,,LF,EA,8,,,,,,,,,,,,,,,,,,,Primed,,,,,,,,,,,,,,moulding|casing|windsor|door|window,,N,,,,,,,,STOCK,,,
MOULD-CASING-312-FJ-16,MOULD-CASING-312-FJ-16-V1,moulding,casing,fj_pine_primed,door_casing,"Casing WINDSOR 3-1/2"" FJ PINE PRIMED 16'",FJ,,Allowed,,,,0.625,3.5,,192,,3-1/2,,LF,EA,16,,,,,,,,,,,,,,,,,,,Primed,,,,,,,,,,,,,,moulding|casing|windsor|door|window,,N,,,,,,,,STOCK,,,
MOULD-CASING-312-POPLAR-7,MOULD-CASING-312-POPLAR-7-V1,moulding,casing,poplar,door_casing,"Casing WINDSOR 3-1/2"" POPLAR 7'",POPLAR,,Allowed,,,,0.625,3.5,,84,,3-1/2,,LF,EA,7,,,,,,,,,,,,,,,,,,,Unfinished,,,,,,,,,,,,,,moulding|casing|windsor|door|window,,N,,,,,,,,ORDER,,,
MOULD-CASING-312-POPLAR-8,MOULD-CASING-312-POPLAR-8-V1,moulding,casing,poplar,door_casing,"Casing WINDSOR 3-1/2"" POPLAR 8'",POPLAR,,Allowed,,,,0.625,3.5,,96,,3-1/2,,LF,EA,8,,,,,,,,,,,,,,,,,,,Unfinished,,,,,,,,,,,,,,moulding|casing|windsor|door|window,,N,,,,,,,,ORDER,,,
MOULD-CASING-312-POPLAR-16,MOULD-CASING-312-POPLAR-16-V1,moulding,casing,poplar,door_casing,"Casing WINDSOR 3-1/2"" POPLAR 16'",POPLAR,,Allowed,,,,0.625,3.5,,192,,3-1/2,,LF,EA,16,,,,,,,,,,,,,,,,,,,Unfinished,,,,,,,,,,,,,,moulding|casing|windsor|door|window,,N,,,,,,,,ORDER,,,
MOULD-SHOE-PRIMED-16,MOULD-SHOE-PRIMED-16-V1,moulding,shoe_round,primed,base_shoe,Shoe Primed 16',,,Allowed,,,,0.5,0.75,,192,,,,LF,EA,16,,,,,,,,,,,,,,,,,,,Primed,,,,,,,,,,,,,,moulding|trim|floor_transition,,N,,,,,,,,STOCK,,,
MOULD-SHOE-OAK-16,MOULD-SHOE-OAK-16-V1,moulding,shoe_round,oak,base_shoe,Shoe Oak 16',,,Allowed,,,,0.5,0.75,,192,,,,LF,EA,16,,,,,,,,,,,,,,,,,,,Unfinished,,,,,,,,,,,,,,moulding|trim|floor_transition,,N,,,,,,,,STOCK,,,
MOULD-QTR-RND-PRIMED-16,MOULD-QTR-RND-PRIMED-16-V1,moulding,shoe_round,primed,quarter_round,Qtr Rnd Primed 16',,,Allowed,,,,0.75,0.75,,192,,,,LF,EA,16,,,,,,,,,,,,,,,,,,,Primed,,,,,,,,,,,,,,moulding|trim|floor_transition,,N,,,,,,,,STOCK,,,
MOULD-QTR-RND-OAK-16,MOULD-QTR-RND-OAK-16-V1,moulding,shoe_round,oak,quarter_round,Qtr Rnd Oak 16',,,Allowed,,,,0.75,0.75,,192,,,,LF,EA,16,,,,,,,,,,,,,,,,,,,Unfinished,,,,,,,,,,,,,,moulding|trim|floor_transition,,N,,,,,,,,STOCK,,,
RAIL-TREX-TRAN-6-36-SQU,RAIL-TREX-TRAN-6-36-SQU-V1,deck_railing,trex,transcend,rail_kit,"Trex Transcend Rail Kit 6'x36"" Square Baluster",,,Allowed,,,,,,36,72,,,,EA,KIT,,,,,,,,,,,,,,,,Trex,Transcend,,,,,,,,,,,,,,,,,railing|deck|composite|square_baluster,R312,N,color|post_spacing|post_mount,,,,,,,ORDER,5,,"Includes top rail, bottom rail, square balusters, hardware"
RAIL-TREX-TRAN-6-36-ROU,RAIL-TREX-TRAN-6-36-ROU-V1,deck_railing,trex,transcend,rail_kit,"Trex Transcend Rail Kit 6'x36"" Round Baluster",,,Allowed,,,,,,36,72,,,,EA,KIT,,,,,,,,,,,,,,,,Trex,Transcend,,,,,,,,,,,,,,,,,railing|deck|composite|round_baluster,R312,N,color|post_spacing|post_mount,,,,,,,ORDER,5,,"Includes top rail, bottom rail, round balusters, hardware"
RAIL-TREX-TRAN-6-42-SQU,RAIL-TREX-TRAN-6-42-SQU-V1,deck_railing,trex,transcend,rail_kit,"Trex Transcend Rail Kit 6'x42"" Square Baluster",,,Allowed,,,,,,42,72,,,,EA,KIT,,,,,,,,,,,,,,,,Trex,Transcend,,,,,,,,,,,,,,,,,railing|deck|composite|square_baluster,R312,N,color|post_spacing|post_mount,,,,,,,ORDER,5,,"Includes top rail, bottom rail, square balusters, hardware"
RAIL-TREX-TRAN-6-42-ROU,RAIL-TREX-TRAN-6-42-ROU-V1,deck_railing,trex,transcend,rail_kit,"Trex Transcend Rail Kit 6'x42"" Round Baluster",,,Allowed,,,,,,42,72,,,,EA,KIT,,,,,,,,,,,,,,,,Trex,Transcend,,,,,,,,,,,,,,,,,railing|deck|composite|round_baluster,R312,N,color|post_spacing|post_mount,,,,,,,ORDER,5,,"Includes top rail, bottom rail, round balusters, hardware"
RAIL-TREX-TRAN-8-36-SQU,RAIL-TREX-TRAN-8-36-SQU-V1,deck_railing,trex,transcend,rail_kit,"Trex Transcend Rail Kit 8'x36"" Square Baluster",,,Allowed,,,,,,36,96,,,,EA,KIT,,,,,,,,,,,,,,,,Trex,Transcend,,,,,,,,,,,,,,,,,railing|deck|composite|square_baluster,R312,N,color|post_spacing|post_mount,,,,,,,ORDER,5,,"Includes top rail, bottom rail, square balusters, hardware"
RAIL-TREX-TRAN-8-36-ROU,RAIL-TREX-TRAN-8-36-ROU-V1,deck_railing,trex,transcend,rail_kit,"Trex Transcend Rail Kit 8'x36"" Round Baluster",,,Allowed,,,,,,36,96,,,,EA,KIT,,,,,,,,,,,,,,,,Trex,Transcend,,,,,,,,,,,,,,,,,railing|deck|composite|round_baluster,R312,N,color|post_spacing|post_mount,,,,,,,ORDER,5,,"Includes top rail, bottom rail, round balusters, hardware"
RAIL-TREX-TRAN-8-42-SQU,RAIL-TREX-TRAN-8-42-SQU-V1,deck_railing,trex,transcend,rail_kit,"Trex Transcend Rail Kit 8'x42"" Square Baluster",,,Allowed,,,,,,42,96,,,,EA,KIT,,,,,,,,,,,,,,,,Trex,Transcend,,,,,,,,,,,,,,,,,railing|deck|composite|square_baluster,R312,N,color|post_spacing|post_mount,,,,,,,ORDER,5,,"Includes top rail, bottom rail, square balusters, hardware"
RAIL-TREX-TRAN-8-42-ROU,RAIL-TREX-TRAN-8-42-ROU-V1,deck_railing,trex,transcend,rail_kit,"Trex Transcend Rail Kit 8'x42"" Round Baluster",,,Allowed,,,,,,42,96,,,,EA,KIT,,,,,,,,,,,,,,,,Trex,Transcend,,,,,,,,,,,,,,,,,railing|deck|composite|round_baluster,R312,N,color|post_spacing|post_mount,,,,,,,ORDER,5,,"Includes top rail, bottom rail, round balusters, hardware"
RAIL-TREX-SELE-6-36-SQU,RAIL-TREX-SELE-6-36-SQU-V1,deck_railing,trex,select,rail_kit,"Trex Select Rail Kit 6'x36"" Square Baluster",,,Allowed,,,,,,36,72,,,,EA,KIT,,,,,,,,,,,,,,,,Trex,Select,,,,,,,,,,,,,,,,,railing|deck|composite|square_baluster,R312,N,color|post_spacing|post_mount,,,,,,,ORDER,5,,"Includes top rail, bottom rail, square balusters, hardware"
RAIL-TREX-SELE-6-36-ROU,RAIL-TREX-SELE-6-36-ROU-V1,deck_railing,trex,select,rail_kit,"Trex Select Rail Kit 6'x36"" Round Baluster",,,Allowed,,,,,,36,72,,,,EA,KIT,,,,,,,,,,,,,,,,Trex,Select,,,,,,,,,,,,,,,,,railing|deck|composite|round_baluster,R312,N,color|post_spacing|post_mount,,,,,,,ORDER,5,,"Includes top rail, bottom rail, round balusters, hardware"
RAIL-TREX-SELE-6-42-SQU,RAIL-TREX-SELE-6-42-SQU-V1,deck_railing,trex,select,rail_kit,"Trex Select Rail Kit 6'x42"" Square Baluster",,,Allowed,,,,,,42,72,,,,EA,KIT,,,,,,,,,,,,,,,,Trex,Select,,,,,,,,,,,,,,,,,railing|deck|composite|square_baluster,R312,N,color|post_spacing|post_mount,,,,,,,ORDER,5,,"Includes top rail, bottom rail, square balusters, hardware"
RAIL-TREX-SELE-6-42-ROU,RAIL-TREX-SELE-6-42-ROU-V1,deck_railing,trex,select,rail_kit,"Trex Select Rail Kit 6'x42"" Round Baluster",,,Allowed,,,,,,42,72,,,,EA,KIT,,,,,,,,,,,,,,,,Trex,Select,,,,,,,,,,,,,,,,,railing|deck|composite|round_baluster,R312,N,color|post_spacing|post_mount,,,,,,,ORDER,5,,"Includes top rail, bottom rail, round balusters, hardware"
RAIL-TREX-SELE-8-36-SQU,RAIL-TREX-SELE-8-36-SQU-V1,deck_railing,trex,select,rail_kit,"Trex Select Rail Kit 8'x36"" Square Baluster",,,Allowed,,,,,,36,96,,,,EA,KIT,,,,,,,,,,,,,,,,Trex,Select,,,,,,,,,,,,,,,,,railing|deck|composite|square_baluster,R312,N,color|post_spacing|post_mount,,,,,,,ORDER,5,,"Includes top rail, bottom rail, square balusters, hardware"
RAIL-TREX-SELE-8-36-ROU,RAIL-TREX-SELE-8-36-ROU-V1,deck_railing,trex,select,rail_kit,"Trex Select Rail Kit 8'x36"" Round Baluster",,,Allowed,,,,,,36,96,,,,EA,KIT,,,,,,,,,,,,,,,,Trex,Select,,,,,,,,,,,,,,,,,railing|deck|composite|round_baluster,R312,N,color|post_spacing|post_mount,,,,,,,ORDER,5,,"Includes top rail, bottom rail, round balusters, hardware"
RAIL-TREX-SELE-8-42-SQU,RAIL-TREX-SELE-8-42-SQU-V1,deck_railing,trex,select,rail_kit,"Trex Select Rail Kit 8'x42"" Square Baluster",,,Allowed,,,,,,42,96,,,,EA,KIT,,,,,,,,,,,,,,,,Trex,Select,,,,,,,,,,,,,,,,,railing|deck|composite|square_baluster,R312,N,color|post_spacing|post_mount,,,,,,,ORDER,5,,"Includes top rail, bottom rail, square balusters, hardware"
RAIL-TREX-SELE-8-42-ROU,RAIL-TREX-SELE-8-42-ROU-V1,deck_railing,trex,select,rail_kit,"Trex Select Rail Kit 8'x42"" Round Baluster",,,Allowed,,,,,,42,96,,,,EA,KIT,,,,,,,,,,,,,,,,Trex,Select,,,,,,,,,,,,,,,,,railing|deck|composite|round_baluster,R312,N,color|post_spacing|post_mount,,,,,,,ORDER,5,,"Includes top rail, bottom rail, round balusters, hardware"
RAIL-TREX-SIGN-6-36-SQU,RAIL-TREX-SIGN-6-36-SQU-V1,deck_railing,trex,signature,rail_kit,"Trex Signature Rail Kit 6'x36"" Square Baluster",,,Allowed,,,,,,36,72,,,,EA,KIT,,,,,,,,,,,,,,,,Trex,Signature,,,,,,,,,,,,,,,,,railing|deck|composite|square_baluster,R312,N,color|post_spacing|post_mount,,,,,,,ORDER,5,,"Includes top rail, bottom rail, square balusters, hardware"
RAIL-TREX-SIGN-6-36-ROU,RAIL-TREX-SIGN-6-36-ROU-V1,deck_railing,trex,signature,rail_kit,"Trex Signature Rail Kit 6'x36"" Round Baluster",,,Allowed,,,,,,36,72,,,,EA,KIT,,,,,,,,,,,,,,,,Trex,Signature,,,,,,,,,,,,,,,,,railing|deck|composite|round_baluster,R312,N,color|post_spacing|post_mount,,,,,,,ORDER,5,,"Includes top rail, bottom rail, round balusters, hardware"
RAIL-TREX-SIGN-6-42-SQU,RAIL-TREX-SIGN-6-42-SQU-V1,deck_railing,trex,signature,rail_kit,"Trex Signature Rail Kit 6'x42"" Square Baluster",,,Allowed,,,,,,42,72,,,,EA,KIT,,,,,,,,,,,,,,,,Trex,Signature,,,,,,,,,,,,,,,,,railing|deck|composite|square_baluster,R312,N,color|post_spacing|post_mount,,,,,,,ORDER,5,,"Includes top rail, bottom rail, square balusters, hardware"
RAIL-TREX-SIGN-6-42-ROU,RAIL-TREX-SIGN-6-42-ROU-V1,deck_railing,trex,signature,rail_kit,"Trex Signature Rail Kit 6'x42"" Round Baluster",,,Allowed,,,,,,42,72,,,,EA,KIT,,,,,,,,,,,,,,,,Trex,Signature,,,,,,,,,,,,,,,,,railing|deck|composite|round_baluster,R312,N,color|post_spacing|post_mount,,,,,,,ORDER,5,,"Includes top rail, bottom rail, round balusters, hardware"
RAIL-TREX-SIGN-8-36-SQU,RAIL-TREX-SIGN-8-36-SQU-V1,deck_railing,trex,signature,rail_kit,"Trex Signature Rail Kit 8'x36"" Square Baluster",,,Allowed,,,,,,36,96,,,,EA,KIT,,,,,,,,,,,,,,,,Trex,Signature,,,,,,,,,,,,,,,,,railing|deck|composite|square_baluster,R312,N,color|post_spacing|post_mount,,,,,,,ORDER,5,,"Includes top rail, bottom rail, square balusters, hardware"
RAIL-TREX-SIGN-8-36-ROU,RAIL-TREX-SIGN-8-36-ROU-V1,deck_railing,trex,signature,rail_kit,"Trex Signature Rail Kit 8'x36"" Round Baluster",,,Allowed,,,,,,36,96,,,,EA,KIT,,,,,,,,,,,,,,,,Trex,Signature,,,,,,,,,,,,,,,,,railing|deck|composite|round_baluster,R312,N,color|post_spacing|post_mount,,,,,,,ORDER,5,,"Includes top rail, bottom rail, round balusters, hardware"
RAIL-TREX-SIGN-8-42-SQU,RAIL-TREX-SIGN-8-42-SQU-V1,deck_railing,trex,signature,rail_kit,"Trex Signature Rail Kit 8'x42"" Square Baluster",,,Allowed,,,,,,42,96,,,,EA,KIT,,,,,,,,,,,,,,,,Trex,Signature,,,,,,,,,,,,,,,,,railing|deck|composite|square_baluster,R312,N,color|post_spacing|post_mount,,,,,,,ORDER,5,,"Includes top rail, bottom rail, square balusters, hardware"
RAIL-TREX-SIGN-8-42-ROU,RAIL-TREX-SIGN-8-42-ROU-V1,deck_railing,trex,signature,rail_kit,"Trex Signature Rail Kit 8'x42"" Round Baluster",,,Allowed,,,,,,42,96,,,,EA,KIT,,,,,,,,,,,,,,,,Trex,Signature,,,,,,,,,,,,,,,,,railing|deck|composite|round_baluster,R312,N,color|post_spacing|post_mount,,,,,,,ORDER,5,,"Includes top rail, bottom rail, round balusters, hardware"
RAIL-TREX-SLEEVE-4X4-39,RAIL-TREX-SLEEVE-4X4-39-V1,deck_railing,trex,post_sleeve,post_sleeve,"Trex Post Sleeve 4X4 39""",,,Allowed,,,,,4.5,,39,,,,EA,EA,,,,,,,,,,,,,,,,Trex,,,,,,,,,,,,,,,,,,railing|post|sleeve|composite,,N,color|post_spacing|post_mount,,,,,,,ORDER,5,,Fits 4X4 wood post
RAIL-TREX-SLEEVE-4X4-45,RAIL-TREX-SLEEVE-4X4-45-V1,deck_railing,trex,post_sleeve,post_sleeve,"Trex Post Sleeve 4X4 45""",,,Allowed,,,,,4.5,,45,,,,EA,EA,,,,,,,,,,,,,,,,Trex,,,,,,,,,,,,,,,,,,railing|post|sleeve|composite,,N,color|post_spacing|post_mount,,,,,,,ORDER,5,,Fits 4X4 wood post
RAIL-TREX-SLEEVE-4X4-48,RAIL-TREX-SLEEVE-4X4-48-V1,deck_railing,trex,post_sleeve,post_sleeve,"Trex Post Sleeve 4X4 48""",,,Allowed,,,,,4.5,,48,,,,EA,EA,,,,,,,,,,,,,,,,Trex,,,,,,,,,,,,,,,,,,railing|post|sleeve|composite,,N,color|post_spacing|post_mount,,,,,,,ORDER,5,,Fits 4X4 wood post
RAIL-TREX-SLEEVE-4X4-54,RAIL-TREX-SLEEVE-4X4-54-V1,deck_railing,trex,post_sleeve,post_sleeve,"Trex Post Sleeve 4X4 54""",,,Allowed,,,,,4.5,,54,,,,EA,EA,,,,,,,,,,,,,,,,Trex,,,,,,,,,,,,,,,,,,railing|post|sleeve|composite,,N,color|post_spacing|post_mount,,,,,,,ORDER,5,,Fits 4X4 wood post
RAIL-TREX-SLEEVE-6X6-39,RAIL-TREX-SLEEVE-6X6-39-V1,deck_railing,trex,post_sleeve,post_sleeve,"Trex Post Sleeve 6X6 39""",,,Allowed,,,,,5.5,,39,,,,EA,EA,,,,,,,,,,,,,,,,Trex,,,,,,,,,,,,,,,,,,railing|post|sleeve|composite,,N,color|post_spacing|post_mount,,,,,,,ORDER,5,,Fits 6X6 wood post
RAIL-TREX-SLEEVE-6X6-45,RAIL-TREX-SLEEVE-6X6-45-V1,deck_railing,trex,post_sleeve,post_sleeve,"Trex Post Sleeve 6X6 45""",,,Allowed,,,,,5.5,,45,,,,EA,EA,,,,,,,,,,,,,,,,Trex,,,,,,,,,,,,,,,,,,railing|post|sleeve|composite,,N,color|post_spacing|post_mount,,,,,,,ORDER,5,,Fits 6X6 wood post
RAIL-TREX-SLEEVE-6X6-48,RAIL-TREX-SLEEVE-6X6-48-V1,deck_railing,trex,post_sleeve,post_sleeve,"Trex Post Sleeve 6X6 48""",,,Allowed,,,,,5.5,,48,,,,EA,EA,,,,,,,,,,,,,,,,Trex,,,,,,,,,,,,,,,,,,railing|post|sleeve|composite,,N,color|post_spacing|post_mount,,,,,,,ORDER,5,,Fits 6X6 wood post
RAIL-TREX-SLEEVE-6X6-54,RAIL-TREX-SLEEVE-6X6-54-V1,deck_railing,trex,post_sleeve,post_sleeve,"Trex Post Sleeve 6X6 54""",,,Allowed,,,,,5.5,,54,,,,EA,EA,,,,,,,,,,,,,,,,Trex,,,,,,,,,,,,,,,,,,railing|post|sleeve|composite,,N,color|post_spacing|post_mount,,,,,,,ORDER,5,,Fits 6X6 wood post
RAIL-TIMB-SLEEVE-4X4-39,RAIL-TIMB-SLEEVE-4X4-39-V1,deck_railing,timbertech,post_sleeve,post_sleeve,"TimberTech Post Sleeve 4X4 39""",,,Allowed,,,,,4.5,,39,,,,EA,EA,,,,,,,,,,,,,,,,TimberTech,,,,,,,,,,,,,,,,,,railing|post|sleeve|composite,,N,color|post_spacing|post_mount,,,,,,,ORDER,5,,Fits 4X4 wood post
RAIL-TIMB-SLEEVE-4X4-45,RAIL-TIMB-SLEEVE-4X4-45-V1,deck_railing,timbertech,post_sleeve,post_sleeve,"TimberTech Post Sleeve 4X4 45""",,,Allowed,,,,,4.5,,45,,,,EA,EA,,,,,,,,,,,,,,,,TimberTech,,,,,,,,,,,,,,,,,,railing|post|sleeve|composite,,N,color|post_spacing|post_mount,,,,,,,ORDER,5,,Fits 4X4 wood post
RAIL-TIMB-SLEEVE-4X4-48,RAIL-TIMB-SLEEVE-4X4-48-V1,deck_railing,timbertech,post_sleeve,post_sleeve,"TimberTech Post Sleeve 4X4 48""",,,Allowed,,,,,4.5,,48,,,,EA,EA,,,,,,,,,,,,,,,,TimberTech,,,,,,,,,,,,,,,,,,railing|post|sleeve|composite,,N,color|post_spacing|post_mount,,,,,,,ORDER,5,,Fits 4X4 wood post
RAIL-TIMB-SLEEVE-4X4-54,RAIL-TIMB-SLEEVE-4X4-54-V1,deck_railing,timbertech,post_sleeve,post_sleeve,"TimberTech Post Sleeve 4X4 54""",,,Allowed,,,,,4.5,,54,,,,EA,EA,,,,,,,,,,,,,,,,TimberTech,,,,,,,,,,,,,,,,,,railing|post|sleeve|composite,,N,color|post_spacing|post_mount,,,,,,,ORDER,5,,Fits 4X4 wood post
RAIL-TIMB-SLEEVE-6X6-39,RAIL-TIMB-SLEEVE-6X6-39-V1,deck_railing,timbertech,post_sleeve,post_sleeve,"TimberTech Post Sleeve 6X6 39""",,,Allowed,,,,,5.5,,39,,,,EA,EA,,,,,,,,,,,,,,,,TimberTech,,,,,,,,,,,,,,,,,,railing|post|sleeve|composite,,N,color|post_spacing|post_mount,,,,,,,ORDER,5,,Fits 6X6 wood post
RAIL-TIMB-SLEEVE-6X6-45,RAIL-TIMB-SLEEVE-6X6-45-V1,deck_railing,timbertech,post_sleeve,post_sleeve,"TimberTech Post Sleeve 6X6 45""",,,Allowed,,,,,5.5,,45,,,,EA,EA,,,,,,,,,,,,,,,,TimberTech,,,,,,,,,,,,,,,,,,railing|post|sleeve|composite,,N,color|post_spacing|post_mount,,,,,,,ORDER,5,,Fits 6X6 wood post
RAIL-TIMB-SLEEVE-6X6-48,RAIL-TIMB-SLEEVE-6X6-48-V1,deck_railing,timbertech,post_sleeve,post_sleeve,"TimberTech Post Sleeve 6X6 48""",,,Allowed,,,,,5.5,,48,,,,EA,EA,,,,,,,,,,,,,,,,TimberTech,,,,,,,,,,,,,,,,,,railing|post|sleeve|composite,,N,color|post_spacing|post_mount,,,,,,,ORDER,5,,Fits 6X6 wood post
RAIL-TIMB-SLEEVE-6X6-54,RAIL-TIMB-SLEEVE-6X6-54-V1,deck_railing,timbertech,post_sleeve,post_sleeve,"TimberTech Post Sleeve 6X6 54""",,,Allowed,,,,,5.5,,54,,,,EA,EA,,,,,,,,,,,,,,,,TimberTech,,,,,,,,,,,,,,,,,,railing|post|sleeve|composite,,N,color|post_spacing|post_mount,,,,,,,ORDER,5,,Fits 6X6 wood post
RAIL-TREX-CAP-4X4-FLAT,RAIL-TREX-CAP-4X4-FLAT-V1,deck_railing,trex,post_cap,post_cap,Trex Post Cap 4X4 Flat,,,Allowed,,,,,,,,,,,EA,EA,,,,,,,,,,,,,,,,Trex,,,,,,,,,,,,,,,,,,railing|post_cap|flat,,N,color|post_spacing|post_mount,,,,,,,STOCK,,,
RAIL-TREX-CAP-4X4-PYRAMID,RAIL-TREX-CAP-4X4-PYRAMID-V1,deck_railing,trex,post_cap,post_cap,Trex Post Cap 4X4 Pyramid,,,Allowed,,,,,,,,,,,EA,EA,,,,,,,,,,,,,,,,Trex,,,,,,,,,,,,,,,,,,railing|post_cap|pyramid,,N,color|post_spacing|post_mount,,,,,,,STOCK,,,
RAIL-TREX-CAP-4X4-SOLAR,RAIL-TREX-CAP-4X4-SOLAR-V1,deck_railing,trex,post_cap,post_cap,Trex Post Cap 4X4 Solar,,,Allowed,,,,,,,,,,,EA,EA,,,,,,,,,,,,,,,,Trex,,,,,,,,,,,,,,,,,,railing|post_cap|solar,,N,color|post_spacing|post_mount,,,,,,,ORDER,5,,
RAIL-TREX-CAP-4X4-COCKTAIL,RAIL-TREX-CAP-4X4-COCKTAIL-V1,deck_railing,trex,post_cap,post_cap,Trex Post Cap 4X4 Cocktail,,,Allowed,,,,,,,,,,,EA,EA,,,,,,,,,,,,,,,,Trex,,,,,,,,,,,,,,,,,,railing|post_cap|cocktail,,N,color|post_spacing|post_mount,,,,,,,ORDER,5,,
RAIL-TREX-CAP-6X6-FLAT,RAIL-TREX-CAP-6X6-FLAT-V1,deck_railing,trex,post_cap,post_cap,Trex Post Cap 6X6 Flat,,,Allowed,,,,,,,,,,,EA,EA,,,,,,,,,,,,,,,,Trex,,,,,,,,,,,,,,,,,,railing|post_cap|flat,,N,color|post_spacing|post_mount,,,,,,,STOCK,,,
RAIL-TREX-CAP-6X6-PYRAMID,RAIL-TREX-CAP-6X6-PYRAMID-V1,deck_railing,trex,post_cap,post_cap,Trex Post Cap 6X6 Pyramid,,,Allowed,,,,,,,,,,,EA,EA,,,,,,,,,,,,,,,,Trex,,,,,,,,,,,,,,,,,,railing|post_cap|pyramid,,N,color|post_spacing|post_mount,,,,,,,STOCK,,,
RAIL-TREX-CAP-6X6-SOLAR,RAIL-TREX-CAP-6X6-SOLAR-V1,deck_railing,trex,post_cap,post_cap,Trex Post Cap 6X6 Solar,,,Allowed,,,,,,,,,,,EA,EA,,,,,,,,,,,,,,,,Trex,,,,,,,,,,,,,,,,,,railing|post_cap|solar,,N,color|post_spacing|post_mount,,,,,,,ORDER,5,,
RAIL-TREX-CAP-6X6-COCKTAIL,RAIL-TREX-CAP-6X6-COCKTAIL-V1,deck_railing,trex,post_cap,post_cap,Trex Post Cap 6X6 Cocktail,,,Allowed,,,,,,,,,,,EA,EA,,,,,,,,,,,,,,,,Trex,,,,,,,,,,,,,,,,,,railing|post_cap|cocktail,,N,color|post_spacing|post_mount,,,,,,,ORDER,5,,
RAIL-TIMB-CAP-4X4-FLAT,RAIL-TIMB-CAP-4X4-FLAT-V1,deck_railing,timbertech,post_cap,post_cap,TimberTech Post Cap 4X4 Flat,,,Allowed,,,,,,,,,,,EA,EA,,,,,,,,,,,,,,,,TimberTech,,,,,,,,,,,,,,,,,,railing|post_cap|flat,,N,color|post_spacing|post_mount,,,,,,,STOCK,,,
RAIL-TIMB-CAP-4X4-PYRAMID,RAIL-TIMB-CAP-4X4-PYRAMID-V1,deck_railing,timbertech,post_cap,post_cap,TimberTech Post Cap 4X4 Pyramid,,,Allowed,,,,,,,,,,,EA,EA,,,,,,,,,,,,,,,,TimberTech,,,,,,,,,,,,,,,,,,railing|post_cap|pyramid,,N,color|post_spacing|post_mount,,,,,,,STOCK,,,
RAIL-TIMB-CAP-4X4-SOLAR,RAIL-TIMB-CAP-4X4-SOLAR-V1,deck_railing,timbertech,post_cap,post_cap,TimberTech Post Cap 4X4 Solar,,,Allowed,,,,,,,,,,,EA,EA,,,,,,,,,,,,,,,,TimberTech,,,,,,,,,,,,,,,,,,railing|post_cap|solar,,N,color|post_spacing|post_mount,,,,,,,ORDER,5,,
RAIL-TIMB-CAP-4X4-COCKTAIL,RAIL-TIMB-CAP-4X4-COCKTAIL-V1,deck_railing,timbertech,post_cap,post_cap,TimberTech Post Cap 4X4 Cocktail,,,Allowed,,,,,,,,,,,EA,EA,,,,,,,,,,,,,,,,TimberTech,,,,,,,,,,,,,,,,,,railing|post_cap|cocktail,,N,color|post_spacing|post_mount,,,,,,,ORDER,5,,
RAIL-TIMB-CAP-6X6-FLAT,RAIL-TIMB-CAP-6X6-FLAT-V1,deck_railing,timbertech,post_cap,post_cap,TimberTech Post Cap 6X6 Flat,,,Allowed,,,,,,,,,,,EA,EA,,,,,,,,,,,,,,,,TimberTech,,,,,,,,,,,,,,,,,,railing|post_cap|flat,,N,color|post_spacing|post_mount,,,,,,,STOCK,,,
RAIL-TIMB-CAP-6X6-PYRAMID,RAIL-TIMB-CAP-6X6-PYRAMID-V1,deck_railing,timbertech,post_cap,post_cap,TimberTech Post Cap 6X6 Pyramid,,,Allowed,,,,,,,,,,,EA,EA,,,,,,,,,,,,,,,,TimberTech,,,,,,,,,,,,,,,,,,railing|post_cap|pyramid,,N,color|post_spacing|post_mount,,,,,,,STOCK,,,
RAIL-TIMB-CAP-6X6-SOLAR,RAIL-TIMB-CAP-6X6-SOLAR-V1,deck_railing,timbertech,post_cap,post_cap,TimberTech Post Cap 6X6 Solar,,,Allowed,,,,,,,,,,,EA,EA,,,,,,,,,,,,,,,,TimberTech,,,,,,,,,,,,,,,,,,railing|post_cap|solar,,N,color|post_spacing|post_mount,,,,,,,ORDER,5,,
RAIL-TIMB-CAP-6X6-COCKTAIL,RAIL-TIMB-CAP-6X6-COCKTAIL-V1,deck_railing,timbertech,post_cap,post_cap,TimberTech Post Cap 6X6 Cocktail,,,Allowed,,,,,,,,,,,EA,EA,,,,,,,,,,,,,,,,TimberTech,,,,,,,,,,,,,,,,,,railing|post_cap|cocktail,,N,color|post_spacing|post_mount,,,,,,,ORDER,5,,
RAIL-BAL-ALU-ROU-26-BLA,RAIL-BAL-ALU-ROU-26-BLA-V1,deck_railing,balusters,aluminum,baluster,"Aluminum Baluster Round 26"" Black",,,Allowed,,,,,,,26,,,,EA,PK,,,,,20,,,,,,,,,,,,,,,Black,,,,,,,,,,,,,,railing|baluster|aluminum|round,R312.1.3,N,color|post_spacing|post_mount,,,,,,,STOCK,,,
RAIL-BAL-ALU-ROU-26-BRO,RAIL-BAL-ALU-ROU-26-BRO-V1,deck_railing,balusters,aluminum,baluster,"Aluminum Baluster Round 26"" Bronze",,,Allowed,,,,,,,26,,,,EA,PK,,,,,20,,,,,,,,,,,,,,,Bronze,,,,,,,,,,,,,,railing|baluster|aluminum|round,R312.1.3,N,color|post_spacing|post_mount,,,,,,,STOCK,,,
RAIL-BAL-ALU-ROU-26-WHI,RAIL-BAL-ALU-ROU-26-WHI-V1,deck_railing,balusters,aluminum,baluster,"Aluminum Baluster Round 26"" White",,,Allowed,,,,,,,26,,,,EA,PK,,,,,20,,,,,,,,,,,,,,,White,,,,,,,,,,,,,,railing|baluster|aluminum|round,R312.1.3,N,color|post_spacing|post_mount,,,,,,,STOCK,,,
RAIL-BAL-ALU-ROU-32-BLA,RAIL-BAL-ALU-ROU-32-BLA-V1,deck_railing,balusters,aluminum,baluster,"Aluminum Baluster Round 32"" Black",,,Allowed,,,,,,,32,,,,EA,PK,,,,,20,,,,,,,,,,,,,,,Black,,,,,,,,,,,,,,railing|baluster|aluminum|round,R312.1.3,N,color|post_spacing|post_mount,,,,,,,STOCK,,,
RAIL-BAL-ALU-ROU-32-BRO,RAIL-BAL-ALU-ROU-32-BRO-V1,deck_railing,balusters,aluminum,baluster,"Aluminum Baluster Round 32"" Bronze",,,Allowed,,,,,,,32,,,,EA,PK,,,,,20,,,,,,,,,,,,,,,Bronze,,,,,,,,,,,,,,railing|baluster|aluminum|round,R312.1.3,N,color|post_spacing|post_mount,,,,,,,STOCK,,,
RAIL-BAL-ALU-ROU-32-WHI,RAIL-BAL-ALU-ROU-32-WHI-V1,deck_railing,balusters,aluminum,baluster,"Aluminum Baluster Round 32"" White",,,Allowed,,,,,,,32,,,,EA,PK,,,,,20,,,,,,,,,,,,,,,White,,,,,,,,,,,,,,railing|baluster|aluminum|round,R312.1.3,N,color|post_spacing|post_mount,,,,,,,STOCK,,,
RAIL-BAL-ALU-ROU-38-BLA,RAIL-BAL-ALU-ROU-38-BLA-V1,deck_railing,balusters,aluminum,baluster,"Aluminum Baluster Round 38"" Black",,,Allowed,,,,,,,38,,,,EA,PK,,,,,20,,,,,,,,,,,,,,,Black,,,,,,,,,,,,,,railing|baluster|aluminum|round,R312.1.3,N,color|post_spacing|post_mount,,,,,,,STOCK,,,
RAIL-BAL-ALU-ROU-38-BRO,RAIL-BAL-ALU-ROU-38-BRO-V1,deck_railing,balusters,aluminum,baluster,"Aluminum Baluster Round 38"" Bronze",,,Allowed,,,,,,,38,,,,EA,PK,,,,,20,,,,,,,,,,,,,,,Bronze,,,,,,,,,,,,,,railing|baluster|aluminum|round,R312.1.3,N,color|post_spacing|post_mount,,,,,,,STOCK,,,
RAIL-BAL-ALU-ROU-38-WHI,RAIL-BAL-ALU-ROU-38-WHI-V1,deck_railing,balusters,aluminum,baluster,"Aluminum Baluster Round 38"" White",,,Allowed,,,,,,,38,,,,EA,PK,,,,,20,,,,,,,,,,,,,,,White,,,,,,,,,,,,,,railing|baluster|aluminum|round,R312.1.3,N,color|post_spacing|post_mount,,,,,,,STOCK,,,
RAIL-BAL-ALU-SQU-26-BLA,RAIL-BAL-ALU-SQU-26-BLA-V1,deck_railing,balusters,aluminum,baluster,"Aluminum Baluster Square 26"" Black",,,Allowed,,,,,,,26,,,,EA,PK,,,,,20,,,,,,,,,,,,,,,Black,,,,,,,,,,,,,,railing|baluster|aluminum|square,R312.1.3,N,color|post_spacing|post_mount,,,,,,,STOCK,,,
RAIL-BAL-ALU-SQU-26-BRO,RAIL-BAL-ALU-SQU-26-BRO-V1,deck_railing,balusters,aluminum,baluster,"Aluminum Baluster Square 26"" Bronze",,,Allowed,,,,,,,26,,,,EA,PK,,,,,20,,,,,,,,,,,,,,,Bronze,,,,,,,,,,,,,,railing|baluster|aluminum|square,R312.1.3,N,color|post_spacing|post_mount,,,,,,,STOCK,,,
RAIL-BAL-ALU-SQU-26-WHI,RAIL-BAL-ALU-SQU-26-WHI-V1,deck_railing,balusters,aluminum,baluster,"Aluminum Baluster Square 26"" White",,,Allowed,,,,,,,26,,,,EA,PK,,,,,20,,,,,,,,,,,,,,,White,,,,,,,,,,,,,,railing|baluster|aluminum|square,R312.1.3,N,color|post_spacing|post_mount,,,,,,,STOCK,,,
RAIL-BAL-ALU-SQU-32-BLA,RAIL-BAL-ALU-SQU-32-BLA-V1,deck_railing,balusters,aluminum,baluster,"Aluminum Baluster Square 32"" Black",,,Allowed,,,,,,,32,,,,EA,PK,,,,,20,,,,,,,,,,,,,,,Black,,,,,,,,,,,,,,railing|baluster|aluminum|square,R312.1.3,N,color|post_spacing|post_mount,,,,,,,STOCK,,,
RAIL-BAL-ALU-SQU-32-BRO,RAIL-BAL-ALU-SQU-32-BRO-V1,deck_railing,balusters,aluminum,baluster,"Aluminum Baluster Square 32"" Bronze",,,Allowed,,,,,,,32,,,,EA,PK,,,,,20,,,,,,,,,,,,,,,Bronze,,,,,,,,,,,,,,railing|baluster|aluminum|square,R312.1.3,N,color|post_spacing|post_mount,,,,,,,STOCK,,,
RAIL-BAL-ALU-SQU-32-WHI,RAIL-BAL-ALU-SQU-32-WHI-V1,deck_railing,balusters,aluminum,baluster,"Aluminum Baluster Square 32"" White",,,Allowed,,,,,,,32,,,,EA,PK,,,,,20,,,,,,,,,,,,,,,White,,,,,,,,,,,,,,railing|baluster|aluminum|square,R312.1.3,N,color|post_spacing|post_mount,,,,,,,STOCK,,,
RAIL-BAL-ALU-SQU-38-BLA,RAIL-BAL-ALU-SQU-38-BLA-V1,deck_railing,balusters,aluminum,baluster,"Aluminum Baluster Square 38"" Black",,,Allowed,,,,,,,38,,,,EA,PK,,,,,20,,,,,,,,,,,,,,,Black,,,,,,,,,,,,,,railing|baluster|aluminum|square,R312.1.3,N,color|post_spacing|post_mount,,,,,,,STOCK,,,
RAIL-BAL-ALU-SQU-38-BRO,RAIL-BAL-ALU-SQU-38-BRO-V1,deck_railing,balusters,aluminum,baluster,"Aluminum Baluster Square 38"" Bronze",,,Allowed,,,,,,,38,,,,EA,PK,,,,,20,,,,,,,,,,,,,,,Bronze,,,,,,,,,,,,,,railing|baluster|aluminum|square,R312.1.3,N,color|post_spacing|post_mount,,,,,,,STOCK,,,
RAIL-BAL-ALU-SQU-38-WHI,RAIL-BAL-ALU-SQU-38-WHI-V1,deck_railing,balusters,aluminum,baluster,"Aluminum Baluster Square 38"" White",,,Allowed,,,,,,,38,,,,EA,PK,,,,,20,,,,,,,,,,,,,,,White,,,,,,,,,,,,,,railing|baluster|aluminum|square,R312.1.3,N,color|post_spacing|post_mount,,,,,,,STOCK,,,
RAIL-CABLE-KIT-100,RAIL-CABLE-KIT-100-V1,deck_railing,cable_rail,cable_kit,cable_rail_kit,"Cable Railing Kit 100 LF (1/8"" SS Cable)",,,Allowed,,,,,,,1200,0.125,,,LF,KIT,100.0,,,,,,,,,,,,,,,,,,,Stainless Steel,,,,,,,,,,,,,,railing|cable|modern|stainless,R312,N,color|post_spacing|post_mount,,,,,,,ORDER,7,,316 stainless steel cable with fittings
STAIR-TREAD-RED-OAK-36,STAIR-TREAD-RED-OAK-36-V1,stair_parts,treads,red_oak,stair_tread,"Stair Tread RED OAK 36"" Return Left",RED OAK,,Allowed,,,,1,11.5,,36,,,,EA,EA,,,,,,,,,,,,,,,,,,,,Unfinished,,,,,,,,,,,,,,stair|tread|return_left,R311.7.5,N,species|profile|length,,,,,,,ORDER,5,,"1"" thick solid hardwood with bullnose"
STAIR-TREAD-WHITE-OAK-36,STAIR-TREAD-WHITE-OAK-36-V1,stair_parts,treads,white_oak,stair_tread,"Stair Tread WHITE OAK 36"" Return Left",WHITE OAK,,Allowed,,,,1,11.5,,36,,,,EA,EA,,,,,,,,,,,,,,,,,,,,Unfinished,,,,,,,,,,,,,,stair|tread|return_left,R311.7.5,N,species|profile|length,,,,,,,ORDER,5,,"1"" thick solid hardwood with bullnose"
STAIR-TREAD-POPLAR-36,STAIR-TREAD-POPLAR-36-V1,stair_parts,treads,poplar,stair_tread,"Stair Tread POPLAR 36"" Return Left",POPLAR,,Allowed,,,,1,11.5,,36,,,,EA,EA,,,,,,,,,,,,,,,,,,,,Unfinished,,,,,,,,,,,,,,stair|tread|return_left,R311.7.5,N,species|profile|length,,,,,,,ORDER,5,,"1"" thick solid hardwood with bullnose"
STAIR-TREAD-RED-OAK-42,STAIR-TREAD-RED-OAK-42-V1,stair_parts,treads,red_oak,stair_tread,"Stair Tread RED OAK 42"" Return Left",RED OAK,,Allowed,,,,1,11.5,,42,,,,EA,EA,,,,,,,,,,,,,,,,,,,,Unfinished,,,,,,,,,,,,,,stair|tread|return_left,R311.7.5,N,species|profile|length,,,,,,,ORDER,5,,"1"" thick solid hardwood with bullnose"
STAIR-TREAD-WHITE-OAK-42,STAIR-TREAD-WHITE-OAK-42-V1,stair_parts,treads,white_oak,stair_tread,"Stair Tread WHITE OAK 42"" Return Left",WHITE OAK,,Allowed,,,,1,11.5,,42,,,,EA,EA,,,,,,,,,,,,,,,,,,,,Unfinished,,,,,,,,,,,,,,stair|tread|return_left,R311.7.5,N,species|profile|length,,,,,,,ORDER,5,,"1"" thick solid hardwood with bullnose"
STAIR-TREAD-POPLAR-42,STAIR-TREAD-POPLAR-42-V1,stair_parts,treads,poplar,stair_tread,"Stair Tread POPLAR 42"" Return Left",POPLAR,,Allowed,,,,1,11.5,,42,,,,EA,EA,,,,,,,,,,,,,,,,,,,,Unfinished,,,,,,,,,,,,,,stair|tread|return_left,R311.7.5,N,species|profile|length,,,,,,,ORDER,5,,"1"" thick solid hardwood with bullnose"
STAIR-TREAD-RED-OAK-48,STAIR-TREAD-RED-OAK-48-V1,stair_parts,treads,red_oak,stair_tread,"Stair Tread RED OAK 48"" Return Left",RED OAK,,Allowed,,,,1,11.5,,48,,,,EA,EA,,,,,,,,,,,,,,,,,,,,Unfinished,,,,,,,,,,,,,,stair|tread|return_left,R311.7.5,N,species|profile|length,,,,,,,ORDER,5,,"1"" thick solid hardwood with bullnose"
STAIR-TREAD-WHITE-OAK-48,STAIR-TREAD-WHITE-OAK-48-V1,stair_parts,treads,white_oak,stair_tread,"Stair Tread WHITE OAK 48"" Return Left",WHITE OAK,,Allowed,,,,1,11.5,,48,,,,EA,EA,,,,,,,,,,,,,,,,,,,,Unfinished,,,,,,,,,,,,,,stair|tread|return_left,R311.7.5,N,species|profile|length,,,,,,,ORDER,5,,"1"" thick solid hardwood with bullnose"
STAIR-TREAD-POPLAR-48,STAIR-TREAD-POPLAR-48-V1,stair_parts,treads,poplar,stair_tread,"Stair Tread POPLAR 48"" Return Left",POPLAR,,Allowed,,,,1,11.5,,48,,,,EA,EA,,,,,,,,,,,,,,,,,,,,Unfinished,,,,,,,,,,,,,,stair|tread|return_left,R311.7.5,N,species|profile|length,,,,,,,ORDER,5,,"1"" thick solid hardwood with bullnose"
STAIR-TREAD-RED-OAK-36-DBL,STAIR-TREAD-RED-OAK-36-DBL-V1,stair_parts,treads,red_oak,stair_tread,"Stair Tread RED OAK 36"" Double Return",RED OAK,,Allowed,,,,1,11.5,,36,,,,EA,EA,,,,,,,,,,,,,,,,,,,,Unfinished,,,,,,,,,,,,,,stair|tread|double_return,R311.7.5,N,species|profile|length,,,,,,,ORDER,5,,"1"" thick solid hardwood with bullnose"
STAIR-TREAD-WHITE-OAK-36-DBL,STAIR-TREAD-WHITE-OAK-36-DBL-V1,stair_parts,treads,white_oak,stair_tread,"Stair Tread WHITE OAK 36"" Double Return",WHITE OAK,,Allowed,,,,1,11.5,,36,,,,EA,EA,,,,,,,,,,,,,,,,,,,,Unfinished,,,,,,,,,,,,,,stair|tread|double_return,R311.7.5,N,species|profile|length,,,,,,,ORDER,5,,"1"" thick solid hardwood with bullnose"
STAIR-TREAD-POPLAR-36-DBL,STAIR-TREAD-POPLAR-36-DBL-V1,stair_parts,treads,poplar,stair_tread,"Stair Tread POPLAR 36"" Double Return",POPLAR,,Allowed,,,,1,11.5,,36,,,,EA,EA,,,,,,,,,,,,,,,,,,,,Unfinished,,,,,,,,,,,,,,stair|tread|double_return,R311.7.5,N,species|profile|length,,,,,,,ORDER,5,,"1"" thick solid hardwood with bullnose"
STAIR-TREAD-RED-OAK-42-DBL,STAIR-TREAD-RED-OAK-42-DBL-V1,stair_parts,treads,red_oak,stair_tread,"Stair Tread RED OAK 42"" Double Return",RED OAK,,Allowed,,,,1,11.5,,42,,,,EA,EA,,,,,,,,,,,,,,,,,,,,Unfinished,,,,,,,,,,,,,,stair|tread|double_return,R311.7.5,N,species|profile|length,,,,,,,ORDER,5,,"1"" thick solid hardwood with bullnose"
STAIR-TREAD-WHITE-OAK-42-DBL,STAIR-TREAD-WHITE-OAK-42-DBL-V1,stair_parts,treads,white_oak,stair_tread,"Stair Tread WHITE OAK 42"" Double Return",WHITE OAK,,Allowed,,,,1,11.5,,42,,,,EA,EA,,,,,,,,,,,,,,,,,,,,Unfinished,,,,,,,,,,,,,,stair|tread|double_return,R311.7.5,N,species|profile|length,,,,,,,ORDER,5,,"1"" thick solid hardwood with bullnose"
STAIR-TREAD-POPLAR-42-DBL,STAIR-TREAD-POPLAR-42-DBL-V1,stair_parts,treads,poplar,stair_tread,"Stair Tread POPLAR 42"" Double Return",POPLAR,,Allowed,,,,1,11.5,,42,,,,EA,EA,,,,,,,,,,,,,,,,,,,,Unfinished,,,,,,,,,,,,,,stair|tread|double_return,R311.7.5,N,species|profile|length,,,,,,,ORDER,5,,"1"" thick solid hardwood with bullnose"
STAIR-TREAD-RED-OAK-48-DBL,STAIR-TREAD-RED-OAK-48-DBL-V1,stair_parts,treads,red_oak,stair_tread,"Stair Tread RED OAK 48"" Double Return",RED OAK,,Allowed,,,,1,11.5,,48,,,,EA,EA,,,,,,,,,,,,,,,,,,,,Unfinished,,,,,,,,,,,,,,stair|tread|double_return,R311.7.5,N,species|profile|length,,,,,,,ORDER,5,,"1"" thick solid hardwood with bullnose"
STAIR-TREAD-WHITE-OAK-48-DBL,STAIR-TREAD-WHITE-OAK-48-DBL-V1,stair_parts,treads,white_oak,stair_tread,"Stair Tread WHITE OAK 48"" Double Return",WHITE OAK,,Allowed,,,,1,11.5,,48,,,,EA,EA,,,,,,,,,,,,,,,,,,,,Unfinished,,,,,,,,,,,,,,stair|tread|double_return,R311.7.5,N,species|profile|length,,,,,,,ORDER,5,,"1"" thick solid hardwood with bullnose"
STAIR-TREAD-POPLAR-48-DBL,STAIR-TREAD-POPLAR-48-DBL-V1,stair_parts,treads,poplar,stair_tread,"Stair Tread POPLAR 48"" Double Return",POPLAR,,Allowed,,,,1,11.5,,48,,,,EA,EA,,,,,,,,,,,,,,,,,,,,Unfinished,,,,,,,,,,,,,,stair|tread|double_return,R311.7.5,N,species|profile|length,,,,,,,ORDER,5,,"1"" thick solid hardwood with bullnose"
STAIR-RISER-RED-OAK-36,STAIR-RISER-RED-OAK-36-V1,stair_parts,risers,red_oak,stair_riser,"Stair Riser RED OAK 3/4""x7-1/2""x36""",RED OAK,,Allowed,,,,0.75,7.5,,36,,,,EA,EA,,,,,,,,,,,,,,,,,,,,Unfinished,,,,,,,,,,,,,,stair|riser,R311.7.5,N,species|profile|length,,,,,,,ORDER,5,,
STAIR-RISER-RED-OAK-42,STAIR-RISER-RED-OAK-42-V1,stair_parts,risers,red_oak,stair_riser,"Stair Riser RED OAK 3/4""x7-1/2""x42""",RED OAK,,Allowed,,,,0.75,7.5,,42,,,,EA,EA,,,,,,,,,,,,,,,,,,,,Unfinished,,,,,,,,,,,,,,stair|riser,R311.7.5,N,species|profile|length,,,,,,,ORDER,5,,
STAIR-RISER-RED-OAK-48,STAIR-RISER-RED-OAK-48-V1,stair_parts,risers,red_oak,stair_riser,"Stair Riser RED OAK 3/4""x7-1/2""x48""",RED OAK,,Allowed,,,,0.75,7.5,,48,,,,EA,EA,,,,,,,,,,,,,,,,,,,,Unfinished,,,,,,,,,,,,,,stair|riser,R311.7.5,N,species|profile|length,,,,,,,ORDER,5,,
STAIR-RISER-WHITE-OAK-36,STAIR-RISER-WHITE-OAK-36-V1,stair_parts,risers,white_oak,stair_riser,"Stair Riser WHITE OAK 3/4""x7-1/2""x36""",WHITE OAK,,Allowed,,,,0.75,7.5,,36,,,,EA,EA,,,,,,,,,,,,,,,,,,,,Unfinished,,,,,,,,,,,,,,stair|riser,R311.7.5,N,species|profile|length,,,,,,,ORDER,5,,
STAIR-RISER-WHITE-OAK-42,STAIR-RISER-WHITE-OAK-42-V1,stair_parts,risers,white_oak,stair_riser,"Stair Riser WHITE OAK 3/4""x7-1/2""x42""",WHITE OAK,,Allowed,,,,0.75,7.5,,42,,,,EA,EA,,,,,,,,,,,,,,,,,,,,Unfinished,,,,,,,,,,,,,,stair|riser,R311.7.5,N,species|profile|length,,,,,,,ORDER,5,,
STAIR-RISER-WHITE-OAK-48,STAIR-RISER-WHITE-OAK-48-V1,stair_parts,risers,white_oak,stair_riser,"Stair Riser WHITE OAK 3/4""x7-1/2""x48""",WHITE OAK,,Allowed,,,,0.75,7.5,,48,,,,EA,EA,,,,,,,,,,,,,,,,,,,,Unfinished,,,,,,,,,,,,,,stair|riser,R311.7.5,N,species|profile|length,,,,,,,ORDER,5,,
STAIR-RISER-POPLAR-36,STAIR-RISER-POPLAR-36-V1,stair_parts,risers,poplar,stair_riser,"Stair Riser POPLAR 3/4""x7-1/2""x36""",POPLAR,,Allowed,,,,0.75,7.5,,36,,,,EA,EA,,,,,,,,,,,,,,,,,,,,Unfinished,,,,,,,,,,,,,,stair|riser,R311.7.5,N,species|profile|length,,,,,,,STOCK,,,
STAIR-RISER-POPLAR-42,STAIR-RISER-POPLAR-42-V1,stair_parts,risers,poplar,stair_riser,"Stair Riser POPLAR 3/4""x7-1/2""x42""",POPLAR,,Allowed,,,,0.75,7.5,,42,,,,EA,EA,,,,,,,,,,,,,,,,,,,,Unfinished,,,,,,,,,,,,,,stair|riser,R311.7.5,N,species|profile|length,,,,,,,STOCK,,,
STAIR-RISER-POPLAR-48,STAIR-RISER-POPLAR-48-V1,stair_parts,risers,poplar,stair_riser,"Stair Riser POPLAR 3/4""x7-1/2""x48""",POPLAR,,Allowed,,,,0.75,7.5,,48,,,,EA,EA,,,,,,,,,,,,,,,,,,,,Unfinished,,,,,,,,,,,,,,stair|riser,R311.7.5,N,species|profile|length,,,,,,,STOCK,,,
STAIR-RISER-PRIMED-MDF-36,STAIR-RISER-PRIMED-MDF-36-V1,stair_parts,risers,primed_mdf,stair_riser,"Stair Riser PRIMED MDF 3/4""x7-1/2""x36""",PRIMED MDF,,Allowed,,,,0.75,7.5,,36,,,,EA,EA,,,,,,,,,,,,,,,,,,,,Primed,,,,,,,,,,,,,,stair|riser,R311.7.5,N,species|profile|length,,,,,,,STOCK,,,
STAIR-RISER-PRIMED-MDF-42,STAIR-RISER-PRIMED-MDF-42-V1,stair_parts,risers,primed_mdf,stair_riser,"Stair Riser PRIMED MDF 3/4""x7-1/2""x42""",PRIMED MDF,,Allowed,,,,0.75,7.5,,42,,,,EA,EA,,,,,,,,,,,,,,,,,,,,Primed,,,,,,,,,,,,,,stair|riser,R311.7.5,N,species|profile|length,,,,,,,STOCK,,,
STAIR-RISER-PRIMED-MDF-48,STAIR-RISER-PRIMED-MDF-48-V1,stair_parts,risers,primed_mdf,stair_riser,"Stair Riser PRIMED MDF 3/4""x7-1/2""x48""",PRIMED MDF,,Allowed,,,,0.75,7.5,,48,,,,EA,EA,,,,,,,,,,,,,,,,,,,,Primed,,,,,,,,,,,,,,stair|riser,R311.7.5,N,species|profile|length,,,,,,,STOCK,,,
STAIR-STRINGER-PT-3STEP,STAIR-STRINGER-PT-3STEP-V1,stair_parts,stringers,pressure_treated,stair_stringer,PT Stair Stringer 2x12 3-Step Pre-Cut,SYP,,Allowed,,,,1.5,11.25,,,,,,EA,EA,,,,,,,UC4A,0.15,MCA,,,,,,,,,,,,,,,,,,,,,,,,,stair|stringer|exterior|deck,R311.7|R507,N,species|profile|length,,,,,,,STOCK,,,"Pre-cut for 7-3/4"" rise, 3 risers"
STAIR-STRINGER-PT-4STEP,STAIR-STRINGER-PT-4STEP-V1,stair_parts,stringers,pressure_treated,stair_stringer,PT Stair Stringer 2x12 4-Step Pre-Cut,SYP,,Allowed,,,,1.5,11.25,,,,,,EA,EA,,,,,,,UC4A,0.15,MCA,,,,,,,,,,,,,,,,,,,,,,,,,stair|stringer|exterior|deck,R311.7|R507,N,species|profile|length,,,,,,,STOCK,,,"Pre-cut for 7-3/4"" rise, 4 risers"
STAIR-STRINGER-PT-5STEP,STAIR-STRINGER-PT-5STEP-V1,stair_parts,stringers,pressure_treated,stair_stringer,PT Stair Stringer 2x12 5-Step Pre-Cut,SYP,,Allowed,,,,1.5,11.25,,,,,,EA,EA,,,,,,,UC4A,0.15,MCA,,,,,,,,,,,,,,,,,,,,,,,,,stair|stringer|exterior|deck,R311.7|R507,N,species|profile|length,,,,,,,STOCK,,,"Pre-cut for 7-3/4"" rise, 5 risers"
STAIR-STRINGER-PT-6STEP,STAIR-STRINGER-PT-6STEP-V1,stair_parts,stringers,pressure_treated,stair_stringer,PT Stair Stringer 2x12 6-Step Pre-Cut,SYP,,Allowed,,,,1.5,11.25,,,,,,EA,EA,,,,,,,UC4A,0.15,MCA,,,,,,,,,,,,,,,,,,,,,,,,,stair|stringer|exterior|deck,R311.7|R507,N,species|profile|length,,,,,,,STOCK,,,"Pre-cut for 7-3/4"" rise, 6 risers"
STAIR-STRINGER-PT-7STEP,STAIR-STRINGER-PT-7STEP-V1,stair_parts,stringers,pressure_treated,stair_stringer,PT Stair Stringer 2x12 7-Step Pre-Cut,SYP,,Allowed,,,,1.5,11.25,,,,,,EA,EA,,,,,,,UC4A,0.15,MCA,,,,,,,,,,,,,,,,,,,,,,,,,stair|stringer|exterior|deck,R311.7|R507,N,species|profile|length,,,,,,,STOCK,,,"Pre-cut for 7-3/4"" rise, 7 risers"
STAIR-NEWEL-RED-OAK-BOX-48,STAIR-NEWEL-RED-OAK-BOX-48-V1,stair_parts,newel_posts,red-oak,newel_post,"Box Newel Newel RED OAK 5""x48""",RED OAK,,Allowed,,,,,5,5,48,,,,EA,EA,,,,,,,,,,,,,,,,,,,,Unfinished,,,,,,,,,,,,,,stair|newel|hollow|box_newel,R311.7.8,N,species|profile|length,,,,,,,ORDER,5,,Hollow construction
STAIR-NEWEL-POPLAR-BOX-48,STAIR-NEWEL-POPLAR-BOX-48-V1,stair_parts,newel_posts,poplar,newel_post,"Box Newel Newel POPLAR 5""x48""",POPLAR,,Allowed,,,,,5,5,48,,,,EA,EA,,,,,,,,,,,,,,,,,,,,Unfinished,,,,,,,,,,,,,,stair|newel|hollow|box_newel,R311.7.8,N,species|profile|length,,,,,,,ORDER,5,,Hollow construction
STAIR-NEWEL-PRIMED-BOX-48,STAIR-NEWEL-PRIMED-BOX-48-V1,stair_parts,newel_posts,primed,newel_post,"Box Newel Newel PRIMED 5""x48""",PRIMED,,Allowed,,,,,5,5,48,,,,EA,EA,,,,,,,,,,,,,,,,,,,,Primed,,,,,,,,,,,,,,stair|newel|hollow|box_newel,R311.7.8,N,species|profile|length,,,,,,,ORDER,5,,Hollow construction
STAIR-NEWEL-RED-OAK-BOX-54,STAIR-NEWEL-RED-OAK-BOX-54-V1,stair_parts,newel_posts,red-oak,newel_post,"Box Newel Newel RED OAK 5""x54""",RED OAK,,Allowed,,,,,5,5,54,,,,EA,EA,,,,,,,,,,,,,,,,,,,,Unfinished,,,,,,,,,,,,,,stair|newel|hollow|box_newel,R311.7.8,N,species|profile|length,,,,,,,ORDER,5,,Hollow construction
STAIR-NEWEL-POPLAR-BOX-54,STAIR-NEWEL-POPLAR-BOX-54-V1,stair_parts,newel_posts,poplar,newel_post,"Box Newel Newel POPLAR 5""x54""",POPLAR,,Allowed,,,,,5,5,54,,,,EA,EA,,,,,,,,,,,,,,,,,,,,Unfinished,,,,,,,,,,,,,,stair|newel|hollow|box_newel,R311.7.8,N,species|profile|length,,,,,,,ORDER,5,,Hollow construction
STAIR-NEWEL-PRIMED-BOX-54,STAIR-NEWEL-PRIMED-BOX-54-V1,stair_parts,newel_posts,primed,newel_post,"Box Newel Newel PRIMED 5""x54""",PRIMED,,Allowed,,,,,5,5,54,,,,EA,EA,,,,,,,,,,,,,,,,,,,,Primed,,,,,,,,,,,,,,stair|newel|hollow|box_newel,R311.7.8,N,species|profile|length,,,,,,,ORDER,5,,Hollow construction
STAIR-NEWEL-RED-OAK-TURN-48,STAIR-NEWEL-RED-OAK-TURN-48-V1,stair_parts,newel_posts,red-oak,newel_post,"Turned Colonial Newel RED OAK 3.5""x48""",RED OAK,,Allowed,,,,,3.5,3.5,48,,,,EA,EA,,,,,,,,,,,,,,,,,,,,Unfinished,,,,,,,,,,,,,,stair|newel|solid|turned_colonial,R311.7.8,N,species|profile|length,,,,,,,ORDER,5,,Solid construction
STAIR-NEWEL-POPLAR-TURN-48,STAIR-NEWEL-POPLAR-TURN-48-V1,stair_parts,newel_posts,poplar,newel_post,"Turned Colonial Newel POPLAR 3.5""x48""",POPLAR,,Allowed,,,,,3.5,3.5,48,,,,EA,EA,,,,,,,,,,,,,,,,,,,,Unfinished,,,,,,,,,,,,,,stair|newel|solid|turned_colonial,R311.7.8,N,species|profile|length,,,,,,,ORDER,5,,Solid construction
STAIR-NEWEL-PRIMED-TURN-48,STAIR-NEWEL-PRIMED-TURN-48-V1,stair_parts,newel_posts,primed,newel_post,"Turned Colonial Newel PRIMED 3.5""x48""",PRIMED,,Allowed,,,,,3.5,3.5,48,,,,EA,EA,,,,,,,,,,,,,,,,,,,,Primed,,,,,,,,,,,,,,stair|newel|solid|turned_colonial,R311.7.8,N,species|profile|length,,,,,,,ORDER,5,,Solid construction
STAIR-NEWEL-RED-OAK-TURN-54,STAIR-NEWEL-RED-OAK-TURN-54-V1,stair_parts,newel_posts,red-oak,newel_post,"Turned Colonial Newel RED OAK 3.5""x54""",RED OAK,,Allowed,,,,,3.5,3.5,54,,,,EA,EA,,,,,,,,,,,,,,,,,,,,Unfinished,,,,,,,,,,,,,,stair|newel|solid|turned_colonial,R311.7.8,N,species|profile|length,,,,,,,ORDER,5,,Solid construction
STAIR-NEWEL-POPLAR-TURN-54,STAIR-NEWEL-POPLAR-TURN-54-V1,stair_parts,newel_posts,poplar,newel_post,"Turned Colonial Newel POPLAR 3.5""x54""",POPLAR,,Allowed,,,,,3.5,3.5,54,,,,EA,EA,,,,,,,,,,,,,,,,,,,,Unfinished,,,,,,,,,,,,,,stair|newel|solid|turned_colonial,R311.7.8,N,species|profile|length,,,,,,,ORDER,5,,Solid construction
STAIR-NEWEL-PRIMED-TURN-54,STAIR-NEWEL-PRIMED-TURN-54-V1,stair_parts,newel_posts,primed,newel_post,"Turned Colonial Newel PRIMED 3.5""x54""",PRIMED,,Allowed,,,,,3.5,3.5,54,,,,EA,EA,,,,,,,,,,,,,,,,,,,,Primed,,,,,,,,,,,,,,stair|newel|solid|turned_colonial,R311.7.8,N,species|profile|length,,,,,,,ORDER,5,,Solid construction
STAIR-NEWEL-RED-OAK-FLUTE-48,STAIR-NEWEL-RED-OAK-FLUTE-48-V1,stair_parts,newel_posts,red-oak,newel_post,"Fluted Newel RED OAK 3.5""x48""",RED OAK,,Allowed,,,,,3.5,3.5,48,,,,EA,EA,,,,,,,,,,,,,,,,,,,,Unfinished,,,,,,,,,,,,,,stair|newel|solid|fluted,R311.7.8,N,species|profile|length,,,,,,,ORDER,5,,Solid construction
STAIR-NEWEL-POPLAR-FLUTE-48,STAIR-NEWEL-POPLAR-FLUTE-48-V1,stair_parts,newel_posts,poplar,newel_post,"Fluted Newel POPLAR 3.5""x48""",POPLAR,,Allowed,,,,,3.5,3.5,48,,,,EA,EA,,,,,,,,,,,,,,,,,,,,Unfinished,,,,,,,,,,,,,,stair|newel|solid|fluted,R311.7.8,N,species|profile|length,,,,,,,ORDER,5,,Solid construction
STAIR-NEWEL-PRIMED-FLUTE-48,STAIR-NEWEL-PRIMED-FLUTE-48-V1,stair_parts,newel_posts,primed,newel_post,"Fluted Newel PRIMED 3.5""x48""",PRIMED,,Allowed,,,,,3.5,3.5,48,,,,EA,EA,,,,,,,,,,,,,,,,,,,,Primed,,,,,,,,,,,,,,stair|newel|solid|fluted,R311.7.8,N,species|profile|length,,,,,,,ORDER,5,,Solid construction
STAIR-BAL-RED-OAK-PLAIN-34,STAIR-BAL-RED-OAK-PLAIN-34-V1,stair_parts,balusters,red-oak,wood_baluster,"Plain Square Baluster RED OAK 34""",RED OAK,,Allowed,,,,,1.25,1.25,34,,,,EA,EA,,,,,,,,,,,,,,,,,,,,Unfinished,,,,,,,,,,,,,,stair|baluster|plain_square,R311.7.8.1,N,species|profile|length,,,,,,,ORDER,,,
STAIR-BAL-POPLAR-PLAIN-34,STAIR-BAL-POPLAR-PLAIN-34-V1,stair_parts,balusters,poplar,wood_baluster,"Plain Square Baluster POPLAR 34""",POPLAR,,Allowed,,,,,1.25,1.25,34,,,,EA,EA,,,,,,,,,,,,,,,,,,,,Unfinished,,,,,,,,,,,,,,stair|baluster|plain_square,R311.7.8.1,N,species|profile|length,,,,,,,STOCK,,,
STAIR-BAL-PRIMED-PLAIN-34,STAIR-BAL-PRIMED-PLAIN-34-V1,stair_parts,balusters,primed,wood_baluster,"Plain Square Baluster PRIMED 34""",PRIMED,,Allowed,,,,,1.25,1.25,34,,,,EA,EA,,,,,,,,,,,,,,,,,,,,Primed,,,,,,,,,,,,,,stair|baluster|plain_square,R311.7.8.1,N,species|profile|length,,,,,,,STOCK,,,
STAIR-BAL-RED-OAK-PLAIN-39,STAIR-BAL-RED-OAK-PLAIN-39-V1,stair_parts,balusters,red-oak,wood_baluster,"Plain Square Baluster RED OAK 39""",RED OAK,,Allowed,,,,,1.25,1.25,39,,,,EA,EA,,,,,,,,,,,,,,,,,,,,Unfinished,,,,,,,,,,,,,,stair|baluster|plain_square,R311.7.8.1,N,species|profile|length,,,,,,,ORDER,,,
STAIR-BAL-POPLAR-PLAIN-39,STAIR-BAL-POPLAR-PLAIN-39-V1,stair_parts,balusters,poplar,wood_baluster,"Plain Square Baluster POPLAR 39""",POPLAR,,Allowed,,,,,1.25,1.25,39,,,,EA,EA,,,,,,,,,,,,,,,,,,,,Unfinished,,,,,,,,,,,,,,stair|baluster|plain_square,R311.7.8.1,N,species|profile|length,,,,,,,STOCK,,,
STAIR-BAL-PRIMED-PLAIN-39,STAIR-BAL-PRIMED-PLAIN-39-V1,stair_parts,balusters,primed,wood_baluster,"Plain Square Baluster PRIMED 39""",PRIMED,,Allowed,,,,,1.25,1.25,39,,,,EA,EA,,,,,,,,,,,,,,,,,,,,Primed,,,,,,,,,,,,,,stair|baluster|plain_square,R311.7.8.1,N,species|profile|length,,,,,,,STOCK,,,
STAIR-BAL-RED-OAK-PLAIN-42,STAIR-BAL-RED-OAK-PLAIN-42-V1,stair_parts,balusters,red-oak,wood_baluster,"Plain Square Baluster RED OAK 42""",RED OAK,,Allowed,,,,,1.25,1.25,42,,,,EA,EA,,,,,,,,,,,,,,,,,,,,Unfinished,,,,,,,,,,,,,,stair|baluster|plain_square,R311.7.8.1,N,species|profile|length,,,,,,,ORDER,,,
STAIR-BAL-POPLAR-PLAIN-42,STAIR-BAL-POPLAR-PLAIN-42-V1,stair_parts,balusters,poplar,wood_baluster,"Plain Square Baluster POPLAR 42""",POPLAR,,Allowed,,,,,1.25,1.25,42,,,,EA,EA,,,,,,,,,,,,,,,,,,,,Unfinished,,,,,,,,,,,,,,stair|baluster|plain_square,R311.7.8.1,N,species|profile|length,,,,,,,STOCK,,,
STAIR-BAL-PRIMED-PLAIN-42,STAIR-BAL-PRIMED-PLAIN-42-V1,stair_parts,balusters,primed,wood_baluster,"Plain Square Baluster PRIMED 42""",PRIMED,,Allowed,,,,,1.25,1.25,42,,,,EA,EA,,,,,,,,,,,,,,,,,,,,Primed,,,,,,,,,,,,,,stair|baluster|plain_square,R311.7.8.1,N,species|profile|length,,,,,,,STOCK,,,
STAIR-BAL-RED-OAK-TURN-34,STAIR-BAL-RED-OAK-TURN-34-V1,stair_parts,balusters,red-oak,wood_baluster,"Turned Colonial Baluster RED OAK 34""",RED OAK,,Allowed,,,,,1.25,1.25,34,,,,EA,EA,,,,,,,,,,,,,,,,,,,,Unfinished,,,,,,,,,,,,,,stair|baluster|turned_colonial,R311.7.8.1,N,species|profile|length,,,,,,,ORDER,,,
STAIR-BAL-POPLAR-TURN-34,STAIR-BAL-POPLAR-TURN-34-V1,stair_parts,balusters,poplar,wood_baluster,"Turned Colonial Baluster POPLAR 34""",POPLAR,,Allowed,,,,,1.25,1.25,34,,,,EA,EA,,,,,,,,,,,,,,,,,,,,Unfinished,,,,,,,,,,,,,,stair|baluster|turned_colonial,R311.7.8.1,N,species|profile|length,,,,,,,STOCK,,,
STAIR-BAL-PRIMED-TURN-34,STAIR-BAL-PRIMED-TURN-34-V1,stair_parts,balusters,primed,wood_baluster,"Turned Colonial Baluster PRIMED 34""",PRIMED,,Allowed,,,,,1.25,1.25,34,,,,EA,EA,,,,,,,,,,,,,,,,,,,,Primed,,,,,,,,,,,,,,stair|baluster|turned_colonial,R311.7.8.1,N,species|profile|length,,,,,,,STOCK,,,
STAIR-BAL-RED-OAK-TURN-39,STAIR-BAL-RED-OAK-TURN-39-V1,stair_parts,balusters,red-oak,wood_baluster,"Turned Colonial Baluster RED OAK 39""",RED OAK,,Allowed,,,,,1.25,1.25,39,,,,EA,EA,,,,,,,,,,,,,,,,,,,,Unfinished,,,,,,,,,,,,,,stair|baluster|turned_colonial,R311.7.8.1,N,species|profile|length,,,,,,,ORDER,,,
STAIR-BAL-POPLAR-TURN-39,STAIR-BAL-POPLAR-TURN-39-V1,stair_parts,balusters,poplar,wood_baluster,"Turned Colonial Baluster POPLAR 39""",POPLAR,,Allowed,,,,,1.25,1.25,39,,,,EA,EA,,,,,,,,,,,,,,,,,,,,Unfinished,,,,,,,,,,,,,,stair|baluster|turned_colonial,R311.7.8.1,N,species|profile|length,,,,,,,STOCK,,,
STAIR-BAL-PRIMED-TURN-39,STAIR-BAL-PRIMED-TURN-39-V1,stair_parts,balusters,primed,wood_baluster,"Turned Colonial Baluster PRIMED 39""",PRIMED,,Allowed,,,,,1.25,1.25,39,,,,EA,EA,,,,,,,,,,,,,,,,,,,,Primed,,,,,,,,,,,,,,stair|baluster|turned_colonial,R311.7.8.1,N,species|profile|length,,,,,,,STOCK,,,
STAIR-BAL-RED-OAK-TURN-42,STAIR-BAL-RED-OAK-TURN-42-V1,stair_parts,balusters,red-oak,wood_baluster,"Turned Colonial Baluster RED OAK 42""",RED OAK,,Allowed,,,,,1.25,1.25,42,,,,EA,EA,,,,,,,,,,,,,,,,,,,,Unfinished,,,,,,,,,,,,,,stair|baluster|turned_colonial,R311.7.8.1,N,species|profile|length,,,,,,,ORDER,,,
STAIR-BAL-POPLAR-TURN-42,STAIR-BAL-POPLAR-TURN-42-V1,stair_parts,balusters,poplar,wood_baluster,"Turned Colonial Baluster POPLAR 42""",POPLAR,,Allowed,,,,,1.25,1.25,42,,,,EA,EA,,,,,,,,,,,,,,,,,,,,Unfinished,,,,,,,,,,,,,,stair|baluster|turned_colonial,R311.7.8.1,N,species|profile|length,,,,,,,STOCK,,,
STAIR-BAL-PRIMED-TURN-42,STAIR-BAL-PRIMED-TURN-42-V1,stair_parts,balusters,primed,wood_baluster,"Turned Colonial Baluster PRIMED 42""",PRIMED,,Allowed,,,,,1.25,1.25,42,,,,EA,EA,,,,,,,,,,,,,,,,,,,,Primed,,,,,,,,,,,,,,stair|baluster|turned_colonial,R311.7.8.1,N,species|profile|length,,,,,,,STOCK,,,
STAIR-IRONBAL-PLAIN-SQ-32-SAT,STAIR-IRONBAL-PLAIN-SQ-32-SAT-V1,stair_parts,balusters,iron,iron_baluster,"Plain Square Iron Baluster 32"" Satin Black",,,Allowed,,,,,0.5,,32,,,,EA,EA,,,,,,,,,,,,,,,,House of Forgings,,,,Satin Black,,,,,,,,,,,,,,stair|baluster|iron|square,R311.7.8.1,N,species|profile|length,,,,,,,STOCK,,,
STAIR-IRONBAL-PLAIN-SQ-32-OIL,STAIR-IRONBAL-PLAIN-SQ-32-OIL-V1,stair_parts,balusters,iron,iron_baluster,"Plain Square Iron Baluster 32"" Oil Rubbed Bronze",,,Allowed,,,,,0.5,,32,,,,EA,EA,,,,,,,,,,,,,,,,House of Forgings,,,,Oil Rubbed Bronze,,,,,,,,,,,,,,stair|baluster|iron|square,R311.7.8.1,N,species|profile|length,,,,,,,STOCK,,,
STAIR-IRONBAL-PLAIN-SQ-38-SAT,STAIR-IRONBAL-PLAIN-SQ-38-SAT-V1,stair_parts,balusters,iron,iron_baluster,"Plain Square Iron Baluster 38"" Satin Black",,,Allowed,,,,,0.5,,38,,,,EA,EA,,,,,,,,,,,,,,,,House of Forgings,,,,Satin Black,,,,,,,,,,,,,,stair|baluster|iron|square,R311.7.8.1,N,species|profile|length,,,,,,,STOCK,,,
STAIR-IRONBAL-PLAIN-SQ-38-OIL,STAIR-IRONBAL-PLAIN-SQ-38-OIL-V1,stair_parts,balusters,iron,iron_baluster,"Plain Square Iron Baluster 38"" Oil Rubbed Bronze",,,Allowed,,,,,0.5,,38,,,,EA,EA,,,,,,,,,,,,,,,,House of Forgings,,,,Oil Rubbed Bronze,,,,,,,,,,,,,,stair|baluster|iron|square,R311.7.8.1,N,species|profile|length,,,,,,,STOCK,,,
STAIR-IRONBAL-PLAIN-SQ-44-SAT,STAIR-IRONBAL-PLAIN-SQ-44-SAT-V1,stair_parts,balusters,iron,iron_baluster,"Plain Square Iron Baluster 44"" Satin Black",,,Allowed,,,,,0.5,,44,,,,EA,EA,,,,,,,,,,,,,,,,House of Forgings,,,,Satin Black,,,,,,,,,,,,,,stair|baluster|iron|square,R311.7.8.1,N,species|profile|length,,,,,,,STOCK,,,
STAIR-IRONBAL-PLAIN-SQ-44-OIL,STAIR-IRONBAL-PLAIN-SQ-44-OIL-V1,stair_parts,balusters,iron,iron_baluster,"Plain Square Iron Baluster 44"" Oil Rubbed Bronze",,,Allowed,,,,,0.5,,44,,,,EA,EA,,,,,,,,,,,,,,,,House of Forgings,,,,Oil Rubbed Bronze,,,,,,,,,,,,,,stair|baluster|iron|square,R311.7.8.1,N,species|profile|length,,,,,,,STOCK,,,
STAIR-IRONBAL-TWIST-SINGLE-32-SAT,STAIR-IRONBAL-TWIST-SINGLE-32-SAT-V1,stair_parts,balusters,iron,iron_baluster,"Single Twist Iron Baluster 32"" Satin Black",,,Allowed,,,,,0.5,,32,,,,EA,EA,,,,,,,,,,,,,,,,House of Forgings,,,,Satin Black,,,,,,,,,,,,,,stair|baluster|iron|twist,R311.7.8.1,N,species|profile|length,,,,,,,STOCK,,,
STAIR-IRONBAL-TWIST-SINGLE-32-OIL,STAIR-IRONBAL-TWIST-SINGLE-32-OIL-V1,stair_parts,balusters,iron,iron_baluster,"Single Twist Iron Baluster 32"" Oil Rubbed Bronze",,,Allowed,,,,,0.5,,32,,,,EA,EA,,,,,,,,,,,,,,,,House of Forgings,,,,Oil Rubbed Bronze,,,,,,,,,,,,,,stair|baluster|iron|twist,R311.7.8.1,N,species|profile|length,,,,,,,STOCK,,,
STAIR-IRONBAL-TWIST-SINGLE-38-SAT,STAIR-IRONBAL-TWIST-SINGLE-38-SAT-V1,stair_parts,balusters,iron,iron_baluster,"Single Twist Iron Baluster 38"" Satin Black",,,Allowed,,,,,0.5,,38,,,,EA,EA,,,,,,,,,,,,,,,,House of Forgings,,,,Satin Black,,,,,,,,,,,,,,stair|baluster|iron|twist,R311.7.8.1,N,species|profile|length,,,,,,,STOCK,,,
STAIR-IRONBAL-TWIST-SINGLE-38-OIL,STAIR-IRONBAL-TWIST-SINGLE-38-OIL-V1,stair_parts,balusters,iron,iron_baluster,"Single Twist Iron Baluster 38"" Oil Rubbed Bronze",,,Allowed,,,,,0.5,,38,,,,EA,EA,,,,,,,,,,,,,,,,House of Forgings,,,,Oil Rubbed Bronze,,,,,,,,,,,,,,stair|baluster|iron|twist,R311.7.8.1,N,species|profile|length,,,,,,,STOCK,,,
STAIR-IRONBAL-TWIST-SINGLE-44-SAT,STAIR-IRONBAL-TWIST-SINGLE-44-SAT-V1,stair_parts,balusters,iron,iron_baluster,"Single Twist Iron Baluster 44"" Satin Black",,,Allowed,,,,,0.5,,44,,,,EA,EA,,,,,,,,,,,,,,,,House of Forgings,,,,Satin Black,,,,,,,,,,,,,,stair|baluster|iron|twist,R311.7.8.1,N,species|profile|length,,,,,,,STOCK,,,
STAIR-IRONBAL-TWIST-SINGLE-44-OIL,STAIR-IRONBAL-TWIST-SINGLE-44-OIL-V1,stair_parts,balusters,iron,iron_baluster,"Single Twist Iron Baluster 44"" Oil Rubbed Bronze",,,Allowed,,,,,0.5,,44,,,,EA,EA,,,,,,,,,,,,,,,,House of Forgings,,,,Oil Rubbed Bronze,,,,,,,,,,,,,,stair|baluster|iron|twist,R311.7.8.1,N,species|profile|length,,,,,,,STOCK,,,
STAIR-IRONBAL-TWIST-DBL-32-SAT,STAIR-IRONBAL-TWIST-DBL-32-SAT-V1,stair_parts,balusters,iron,iron_baluster,"Double Twist Iron Baluster 32"" Satin Black",,,Allowed,,,,,0.5,,32,,,,EA,EA,,,,,,,,,,,,,,,,House of Forgings,,,,Satin Black,,,,,,,,,,,,,,stair|baluster|iron|twist,R311.7.8.1,N,species|profile|length,,,,,,,STOCK,,,
STAIR-IRONBAL-TWIST-DBL-32-OIL,STAIR-IRONBAL-TWIST-DBL-32-OIL-V1,stair_parts,balusters,iron,iron_baluster,"Double Twist Iron Baluster 32"" Oil Rubbed Bronze",,,Allowed,,,,,0.5,,32,,,,EA,EA,,,,,,,,,,,,,,,,House of Forgings,,,,Oil Rubbed Bronze,,,,,,,,,,,,,,stair|baluster|iron|twist,R311.7.8.1,N,species|profile|length,,,,,,,STOCK,,,
STAIR-IRONBAL-TWIST-DBL-38-SAT,STAIR-IRONBAL-TWIST-DBL-38-SAT-V1,stair_parts,balusters,iron,iron_baluster,"Double Twist Iron Baluster 38"" Satin Black",,,Allowed,,,,,0.5,,38,,,,EA,EA,,,,,,,,,,,,,,,,House of Forgings,,,,Satin Black,,,,,,,,,,,,,,stair|baluster|iron|twist,R311.7.8.1,N,species|profile|length,,,,,,,STOCK,,,
STAIR-IRONBAL-TWIST-DBL-38-OIL,STAIR-IRONBAL-TWIST-DBL-38-OIL-V1,stair_parts,balusters,iron,iron_baluster,"Double Twist Iron Baluster 38"" Oil Rubbed Bronze",,,Allowed,,,,,0.5,,38,,,,EA,EA,,,,,,,,,,,,,,,,House of Forgings,,,,Oil Rubbed Bronze,,,,,,,,,,,,,,stair|baluster|iron|twist,R311.7.8.1,N,species|profile|length,,,,,,,STOCK,,,
STAIR-IRONBAL-TWIST-DBL-44-SAT,STAIR-IRONBAL-TWIST-DBL-44-SAT-V1,stair_parts,balusters,iron,iron_baluster,"Double Twist Iron Baluster 44"" Satin Black",,,Allowed,,,,,0.5,,44,,,,EA,EA,,,,,,,,,,,,,,,,House of Forgings,,,,Satin Black,,,,,,,,,,,,,,stair|baluster|iron|twist,R311.7.8.1,N,species|profile|length,,,,,,,STOCK,,,
STAIR-IRONBAL-TWIST-DBL-44-OIL,STAIR-IRONBAL-TWIST-DBL-44-OIL-V1,stair_parts,balusters,iron,iron_baluster,"Double Twist Iron Baluster 44"" Oil Rubbed Bronze",,,Allowed,,,,,0.5,,44,,,,EA,EA,,,,,,,,,,,,,,,,House of Forgings,,,,Oil Rubbed Bronze,,,,,,,,,,,,,,stair|baluster|iron|twist,R311.7.8.1,N,species|profile|length,,,,,,,STOCK,,,
STAIR-IRONBAL-SCROLL-32-SAT,STAIR-IRONBAL-SCROLL-32-SAT-V1,stair_parts,balusters,iron,iron_baluster,"Scroll Iron Baluster 32"" Satin Black",,,Allowed,,,,,0.5,,32,,,,EA,EA,,,,,,,,,,,,,,,,House of Forgings,,,,Satin Black,,,,,,,,,,,,,,stair|baluster|iron|scroll,R311.7.8.1,N,species|profile|length,,,,,,,STOCK,,,
STAIR-IRONBAL-SCROLL-32-OIL,STAIR-IRONBAL-SCROLL-32-OIL-V1,stair_parts,balusters,iron,iron_baluster,"Scroll Iron Baluster 32"" Oil Rubbed Bronze",,,Allowed,,,,,0.5,,32,,,,EA,EA,,,,,,,,,,,,,,,,House of Forgings,,,,Oil Rubbed Bronze,,,,,,,,,,,,,,stair|baluster|iron|scroll,R311.7.8.1,N,species|profile|length,,,,,,,STOCK,,,
STAIR-IRONBAL-SCROLL-38-SAT,STAIR-IRONBAL-SCROLL-38-SAT-V1,stair_parts,balusters,iron,iron_baluster,"Scroll Iron Baluster 38"" Satin Black",,,Allowed,,,,,0.5,,38,,,,EA,EA,,,,,,,,,,,,,,,,House of Forgings,,,,Satin Black,,,,,,,,,,,,,,stair|baluster|iron|scroll,R311.7.8.1,N,species|profile|length,,,,,,,STOCK,,,
STAIR-IRONBAL-SCROLL-38-OIL,STAIR-IRONBAL-SCROLL-38-OIL-V1,stair_parts,balusters,iron,iron_baluster,"Scroll Iron Baluster 38"" Oil Rubbed Bronze",,,Allowed,,,,,0.5,,38,,,,EA,EA,,,,,,,,,,,,,,,,House of Forgings,,,,Oil Rubbed Bronze,,,,,,,,,,,,,,stair|baluster|iron|scroll,R311.7.8.1,N,species|profile|length,,,,,,,STOCK,,,
STAIR-IRONBAL-SCROLL-44-SAT,STAIR-IRONBAL-SCROLL-44-SAT-V1,stair_parts,balusters,iron,iron_baluster,"Scroll Iron Baluster 44"" Satin Black",,,Allowed,,,,,0.5,,44,,,,EA,EA,,,,,,,,,,,,,,,,House of Forgings,,,,Satin Black,,,,,,,,,,,,,,stair|baluster|iron|scroll,R311.7.8.1,N,species|profile|length,,,,,,,STOCK,,,
STAIR-IRONBAL-SCROLL-44-OIL,STAIR-IRONBAL-SCROLL-44-OIL-V1,stair_parts,balusters,iron,iron_baluster,"Scroll Iron Baluster 44"" Oil Rubbed Bronze",,,Allowed,,,,,0.5,,44,,,,EA,EA,,,,,,,,,,,,,,,,House of Forgings,,,,Oil Rubbed Bronze,,,,,,,,,,,,,,stair|baluster|iron|scroll,R311.7.8.1,N,species|profile|length,,,,,,,STOCK,,,
STAIR-IRONBAL-BASKET-32-SAT,STAIR-IRONBAL-BASKET-32-SAT-V1,stair_parts,balusters,iron,iron_baluster,"Basket Iron Baluster 32"" Satin Black",,,Allowed,,,,,0.5,,32,,,,EA,EA,,,,,,,,,,,,,,,,House of Forgings,,,,Satin Black,,,,,,,,,,,,,,stair|baluster|iron|basket,R311.7.8.1,N,species|profile|length,,,,,,,STOCK,,,
STAIR-IRONBAL-BASKET-32-OIL,STAIR-IRONBAL-BASKET-32-OIL-V1,stair_parts,balusters,iron,iron_baluster,"Basket Iron Baluster 32"" Oil Rubbed Bronze",,,Allowed,,,,,0.5,,32,,,,EA,EA,,,,,,,,,,,,,,,,House of Forgings,,,,Oil Rubbed Bronze,,,,,,,,,,,,,,stair|baluster|iron|basket,R311.7.8.1,N,species|profile|length,,,,,,,STOCK,,,
STAIR-IRONBAL-BASKET-38-SAT,STAIR-IRONBAL-BASKET-38-SAT-V1,stair_parts,balusters,iron,iron_baluster,"Basket Iron Baluster 38"" Satin Black",,,Allowed,,,,,0.5,,38,,,,EA,EA,,,,,,,,,,,,,,,,House of Forgings,,,,Satin Black,,,,,,,,,,,,,,stair|baluster|iron|basket,R311.7.8.1,N,species|profile|length,,,,,,,STOCK,,,
STAIR-IRONBAL-BASKET-38-OIL,STAIR-IRONBAL-BASKET-38-OIL-V1,stair_parts,balusters,iron,iron_baluster,"Basket Iron Baluster 38"" Oil Rubbed Bronze",,,Allowed,,,,,0.5,,38,,,,EA,EA,,,,,,,,,,,,,,,,House of Forgings,,,,Oil Rubbed Bronze,,,,,,,,,,,,,,stair|baluster|iron|basket,R311.7.8.1,N,species|profile|length,,,,,,,STOCK,,,
STAIR-IRONBAL-BASKET-44-SAT,STAIR-IRONBAL-BASKET-44-SAT-V1,stair_parts,balusters,iron,iron_baluster,"Basket Iron Baluster 44"" Satin Black",,,Allowed,,,,,0.5,,44,,,,EA,EA,,,,,,,,,,,,,,,,House of Forgings,,,,Satin Black,,,,,,,,,,,,,,stair|baluster|iron|basket,R311.7.8.1,N,species|profile|length,,,,,,,STOCK,,,
STAIR-IRONBAL-BASKET-44-OIL,STAIR-IRONBAL-BASKET-44-OIL-V1,stair_parts,balusters,iron,iron_baluster,"Basket Iron Baluster 44"" Oil Rubbed Bronze",,,Allowed,,,,,0.5,,44,,,,EA,EA,,,,,,,,,,,,,,,,House of Forgings,,,,Oil Rubbed Bronze,,,,,,,,,,,,,,stair|baluster|iron|basket,R311.7.8.1,N,species|profile|length,,,,,,,STOCK,,,
STAIR-RAIL-RED-OAK-6010-8,STAIR-RAIL-RED-OAK-6010-8-V1,stair_parts,handrails,red-oak,handrail,Colonial Handrail 6010 RED OAK 8',RED OAK,,Allowed,,,,,2.25,2.625,96,,,,LF,EA,8,,,,,,,,,,,,,,,L.J. Smith,6010,,,Unfinished,,,,,,,,,,,,,,stair|handrail|colonial,R311.7.8,N,species|profile|length,,,,,,,ORDER,5,,
STAIR-RAIL-RED-OAK-6010-12,STAIR-RAIL-RED-OAK-6010-12-V1,stair_parts,handrails,red-oak,handrail,Colonial Handrail 6010 RED OAK 12',RED OAK,,Allowed,,,,,2.25,2.625,144,,,,LF,EA,12,,,,,,,,,,,,,,,L.J. Smith,6010,,,Unfinished,,,,,,,,,,,,,,stair|handrail|colonial,R311.7.8,N,species|profile|length,,,,,,,ORDER,5,,
STAIR-RAIL-RED-OAK-6010-16,STAIR-RAIL-RED-OAK-6010-16-V1,stair_parts,handrails,red-oak,handrail,Colonial Handrail 6010 RED OAK 16',RED OAK,,Allowed,,,,,2.25,2.625,192,,,,LF,EA,16,,,,,,,,,,,,,,,L.J. Smith,6010,,,Unfinished,,,,,,,,,,,,,,stair|handrail|colonial,R311.7.8,N,species|profile|length,,,,,,,ORDER,5,,
STAIR-RAIL-POPLAR-6010-8,STAIR-RAIL-POPLAR-6010-8-V1,stair_parts,handrails,poplar,handrail,Colonial Handrail 6010 POPLAR 8',POPLAR,,Allowed,,,,,2.25,2.625,96,,,,LF,EA,8,,,,,,,,,,,,,,,L.J. Smith,6010,,,Unfinished,,,,,,,,,,,,,,stair|handrail|colonial,R311.7.8,N,species|profile|length,,,,,,,STOCK,,,
STAIR-RAIL-POPLAR-6010-12,STAIR-RAIL-POPLAR-6010-12-V1,stair_parts,handrails,poplar,handrail,Colonial Handrail 6010 POPLAR 12',POPLAR,,Allowed,,,,,2.25,2.625,144,,,,LF,EA,12,,,,,,,,,,,,,,,L.J. Smith,6010,,,Unfinished,,,,,,,,,,,,,,stair|handrail|colonial,R311.7.8,N,species|profile|length,,,,,,,STOCK,,,
STAIR-RAIL-POPLAR-6010-16,STAIR-RAIL-POPLAR-6010-16-V1,stair_parts,handrails,poplar,handrail,Colonial Handrail 6010 POPLAR 16',POPLAR,,Allowed,,,,,2.25,2.625,192,,,,LF,EA,16,,,,,,,,,,,,,,,L.J. Smith,6010,,,Unfinished,,,,,,,,,,,,,,stair|handrail|colonial,R311.7.8,N,species|profile|length,,,,,,,STOCK,,,
STAIR-RAIL-PRIMED-6010-8,STAIR-RAIL-PRIMED-6010-8-V1,stair_parts,handrails,primed,handrail,Colonial Handrail 6010 PRIMED 8',PRIMED,,Allowed,,,,,2.25,2.625,96,,,,LF,EA,8,,,,,,,,,,,,,,,L.J. Smith,6010,,,Primed,,,,,,,,,,,,,,stair|handrail|colonial,R311.7.8,N,species|profile|length,,,,,,,STOCK,,,
STAIR-RAIL-PRIMED-6010-12,STAIR-RAIL-PRIMED-6010-12-V1,stair_parts,handrails,primed,handrail,Colonial Handrail 6010 PRIMED 12',PRIMED,,Allowed,,,,,2.25,2.625,144,,,,LF,EA,12,,,,,,,,,,,,,,,L.J. Smith,6010,,,Primed,,,,,,,,,,,,,,stair|handrail|colonial,R311.7.8,N,species|profile|length,,,,,,,STOCK,,,
STAIR-RAIL-PRIMED-6010-16,STAIR-RAIL-PRIMED-6010-16-V1,stair_parts,handrails,primed,handrail,Colonial Handrail 6010 PRIMED 16',PRIMED,,Allowed,,,,,2.25,2.625,192,,,,LF,EA,16,,,,,,,,,,,,,,,L.J. Smith,6010,,,Primed,,,,,,,,,,,,,,stair|handrail|colonial,R311.7.8,N,species|profile|length,,,,,,,STOCK,,,
STAIR-RAIL-RED-OAK-6042-8,STAIR-RAIL-RED-OAK-6042-8-V1,stair_parts,handrails,red-oak,handrail,Craftsman Handrail 6042 RED OAK 8',RED OAK,,Allowed,,,,,1.75,2.5,96,,,,LF,EA,8,,,,,,,,,,,,,,,L.J. Smith,6042,,,Unfinished,,,,,,,,,,,,,,stair|handrail|craftsman,R311.7.8,N,species|profile|length,,,,,,,ORDER,5,,
STAIR-RAIL-RED-OAK-6042-12,STAIR-RAIL-RED-OAK-6042-12-V1,stair_parts,handrails,red-oak,handrail,Craftsman Handrail 6042 RED OAK 12',RED OAK,,Allowed,,,,,1.75,2.5,144,,,,LF,EA,12,,,,,,,,,,,,,,,L.J. Smith,6042,,,Unfinished,,,,,,,,,,,,,,stair|handrail|craftsman,R311.7.8,N,species|profile|length,,,,,,,ORDER,5,,
STAIR-RAIL-RED-OAK-6042-16,STAIR-RAIL-RED-OAK-6042-16-V1,stair_parts,handrails,red-oak,handrail,Craftsman Handrail 6042 RED OAK 16',RED OAK,,Allowed,,,,,1.75,2.5,192,,,,LF,EA,16,,,,,,,,,,,,,,,L.J. Smith,6042,,,Unfinished,,,,,,,,,,,,,,stair|handrail|craftsman,R311.7.8,N,species|profile|length,,,,,,,ORDER,5,,
STAIR-RAIL-POPLAR-6042-8,STAIR-RAIL-POPLAR-6042-8-V1,stair_parts,handrails,poplar,handrail,Craftsman Handrail 6042 POPLAR 8',POPLAR,,Allowed,,,,,1.75,2.5,96,,,,LF,EA,8,,,,,,,,,,,,,,,L.J. Smith,6042,,,Unfinished,,,,,,,,,,,,,,stair|handrail|craftsman,R311.7.8,N,species|profile|length,,,,,,,STOCK,,,
STAIR-RAIL-POPLAR-6042-12,STAIR-RAIL-POPLAR-6042-12-V1,stair_parts,handrails,poplar,handrail,Craftsman Handrail 6042 POPLAR 12',POPLAR,,Allowed,,,,,1.75,2.5,144,,,,LF,EA,12,,,,,,,,,,,,,,,L.J. Smith,6042,,,Unfinished,,,,,,,,,,,,,,stair|handrail|craftsman,R311.7.8,N,species|profile|length,,,,,,,STOCK,,,
STAIR-RAIL-POPLAR-6042-16,STAIR-RAIL-POPLAR-6042-16-V1,stair_parts,handrails,poplar,handrail,Craftsman Handrail 6042 POPLAR 16',POPLAR,,Allowed,,,,,1.75,2.5,192,,,,LF,EA,16,,,,,,,,,,,,,,,L.J. Smith,6042,,,Unfinished,,,,,,,,,,,,,,stair|handrail|craftsman,R311.7.8,N,species|profile|length,,,,,,,STOCK,,,
STAIR-RAIL-PRIMED-6042-8,STAIR-RAIL-PRIMED-6042-8-V1,stair_parts,handrails,primed,handrail,Craftsman Handrail 6042 PRIMED 8',PRIMED,,Allowed,,,,,1.75,2.5,96,,,,LF,EA,8,,,,,,,,,,,,,,,L.J. Smith,6042,,,Primed,,,,,,,,,,,,,,stair|handrail|craftsman,R311.7.8,N,species|profile|length,,,,,,,STOCK,,,
STAIR-RAIL-PRIMED-6042-12,STAIR-RAIL-PRIMED-6042-12-V1,stair_parts,handrails,primed,handrail,Craftsman Handrail 6042 PRIMED 12',PRIMED,,Allowed,,,,,1.75,2.5,144,,,,LF,EA,12,,,,,,,,,,,,,,,L.J. Smith,6042,,,Primed,,,,,,,,,,,,,,stair|handrail|craftsman,R311.7.8,N,species|profile|length,,,,,,,STOCK,,,
STAIR-RAIL-PRIMED-6042-16,STAIR-RAIL-PRIMED-6042-16-V1,stair_parts,handrails,primed,handrail,Craftsman Handrail 6042 PRIMED 16',PRIMED,,Allowed,,,,,1.75,2.5,192,,,,LF,EA,16,,,,,,,,,,,,,,,L.J. Smith,6042,,,Primed,,,,,,,,,,,,,,stair|handrail|craftsman,R311.7.8,N,species|profile|length,,,,,,,STOCK,,,
STAIR-RAIL-RED-OAK-6210-8,STAIR-RAIL-RED-OAK-6210-8-V1,stair_parts,handrails,red-oak,handrail,Contemporary Handrail 6210 RED OAK 8',RED OAK,,Allowed,,,,,1.5,2.25,96,,,,LF,EA,8,,,,,,,,,,,,,,,L.J. Smith,6210,,,Unfinished,,,,,,,,,,,,,,stair|handrail|contemporary,R311.7.8,N,species|profile|length,,,,,,,ORDER,5,,
STAIR-RAIL-RED-OAK-6210-12,STAIR-RAIL-RED-OAK-6210-12-V1,stair_parts,handrails,red-oak,handrail,Contemporary Handrail 6210 RED OAK 12',RED OAK,,Allowed,,,,,1.5,2.25,144,,,,LF,EA,12,,,,,,,,,,,,,,,L.J. Smith,6210,,,Unfinished,,,,,,,,,,,,,,stair|handrail|contemporary,R311.7.8,N,species|profile|length,,,,,,,ORDER,5,,
STAIR-RAIL-RED-OAK-6210-16,STAIR-RAIL-RED-OAK-6210-16-V1,stair_parts,handrails,red-oak,handrail,Contemporary Handrail 6210 RED OAK 16',RED OAK,,Allowed,,,,,1.5,2.25,192,,,,LF,EA,16,,,,,,,,,,,,,,,L.J. Smith,6210,,,Unfinished,,,,,,,,,,,,,,stair|handrail|contemporary,R311.7.8,N,species|profile|length,,,,,,,ORDER,5,,
STAIR-RAIL-POPLAR-6210-8,STAIR-RAIL-POPLAR-6210-8-V1,stair_parts,handrails,poplar,handrail,Contemporary Handrail 6210 POPLAR 8',POPLAR,,Allowed,,,,,1.5,2.25,96,,,,LF,EA,8,,,,,,,,,,,,,,,L.J. Smith,6210,,,Unfinished,,,,,,,,,,,,,,stair|handrail|contemporary,R311.7.8,N,species|profile|length,,,,,,,STOCK,,,
STAIR-RAIL-POPLAR-6210-12,STAIR-RAIL-POPLAR-6210-12-V1,stair_parts,handrails,poplar,handrail,Contemporary Handrail 6210 POPLAR 12',POPLAR,,Allowed,,,,,1.5,2.25,144,,,,LF,EA,12,,,,,,,,,,,,,,,L.J. Smith,6210,,,Unfinished,,,,,,,,,,,,,,stair|handrail|contemporary,R311.7.8,N,species|profile|length,,,,,,,STOCK,,,
STAIR-RAIL-POPLAR-6210-16,STAIR-RAIL-POPLAR-6210-16-V1,stair_parts,handrails,poplar,handrail,Contemporary Handrail 6210 POPLAR 16',POPLAR,,Allowed,,,,,1.5,2.25,192,,,,LF,EA,16,,,,,,,,,,,,,,,L.J. Smith,6210,,,Unfinished,,,,,,,,,,,,,,stair|handrail|contemporary,R311.7.8,N,species|profile|length,,,,,,,STOCK,,,
STAIR-RAIL-PRIMED-6210-8,STAIR-RAIL-PRIMED-6210-8-V1,stair_parts,handrails,primed,handrail,Contemporary Handrail 6210 PRIMED 8',PRIMED,,Allowed,,,,,1.5,2.25,96,,,,LF,EA,8,,,,,,,,,,,,,,,L.J. Smith,6210,,,Primed,,,,,,,,,,,,,,stair|handrail|contemporary,R311.7.8,N,species|profile|length,,,,,,,STOCK,,,
STAIR-RAIL-PRIMED-6210-12,STAIR-RAIL-PRIMED-6210-12-V1,stair_parts,handrails,primed,handrail,Contemporary Handrail 6210 PRIMED 12',PRIMED,,Allowed,,,,,1.5,2.25,144,,,,LF,EA,12,,,,,,,,,,,,,,,L.J. Smith,6210,,,Primed,,,,,,,,,,,,,,stair|handrail|contemporary,R311.7.8,N,species|profile|length,,,,,,,STOCK,,,
STAIR-RAIL-PRIMED-6210-16,STAIR-RAIL-PRIMED-6210-16-V1,stair_parts,handrails,primed,handrail,Contemporary Handrail 6210 PRIMED 16',PRIMED,,Allowed,,,,,1.5,2.25,192,,,,LF,EA,16,,,,,,,,,,,,,,,L.J. Smith,6210,,,Primed,,,,,,,,,,,,,,stair|handrail|contemporary,R311.7.8,N,species|profile|length,,,,,,,STOCK,,,
PVC-AZEK-TRAD-1X4-8,PVC-AZEK-TRAD-1X4-8-V1,pvc_trim,azek,traditional,trim_board,AZEK Traditional 1X4 8' Smooth White,,,NotAllowed,,,,0.75,3.5,,96,,,,LF,EA,8,,,,,,,,,,,,,,,AZEK,Traditional,,,White Smooth,,,,,,,,,,,,,,trim|exterior|pvc|smooth|rot_proof,R703,N,,,,,,,,STOCK,,,"Lifetime limited warranty, paintable"
PVC-AZEK-FRON-1X4-8,PVC-AZEK-FRON-1X4-8-V1,pvc_trim,azek,frontier,trim_board,AZEK Frontier 1X4 8' Rustic White,,,NotAllowed,,,,0.75,3.5,,96,,,,LF,EA,8,,,,,,,,,,,,,,,AZEK,Frontier,,,White Rustic,,,,,,,,,,,,,,trim|exterior|pvc|rustic|rot_proof,R703,N,,,,,,,,STOCK,,,"Lifetime limited warranty, paintable"
PVC-AZEK-TRAD-1X4-12,PVC-AZEK-TRAD-1X4-12-V1,pvc_trim,azek,traditional,trim_board,AZEK Traditional 1X4 12' Smooth White,,,NotAllowed,,,,0.75,3.5,,144,,,,LF,EA,12,,,,,,,,,,,,,,,AZEK,Traditional,,,White Smooth,,,,,,,,,,,,,,trim|exterior|pvc|smooth|rot_proof,R703,N,,,,,,,,STOCK,,,"Lifetime limited warranty, paintable"
PVC-AZEK-FRON-1X4-12,PVC-AZEK-FRON-1X4-12-V1,pvc_trim,azek,frontier,trim_board,AZEK Frontier 1X4 12' Rustic White,,,NotAllowed,,,,0.75,3.5,,144,,,,LF,EA,12,,,,,,,,,,,,,,,AZEK,Frontier,,,White Rustic,,,,,,,,,,,,,,trim|exterior|pvc|rustic|rot_proof,R703,N,,,,,,,,STOCK,,,"Lifetime limited warranty, paintable"
PVC-AZEK-TRAD-1X4-16,PVC-AZEK-TRAD-1X4-16-V1,pvc_trim,azek,traditional,trim_board,AZEK Traditional 1X4 16' Smooth White,,,NotAllowed,,,,0.75,3.5,,192,,,,LF,EA,16,,,,,,,,,,,,,,,AZEK,Traditional,,,White Smooth,,,,,,,,,,,,,,trim|exterior|pvc|smooth|rot_proof,R703,N,,,,,,,,STOCK,,,"Lifetime limited warranty, paintable"
PVC-AZEK-FRON-1X4-16,PVC-AZEK-FRON-1X4-16-V1,pvc_trim,azek,frontier,trim_board,AZEK Frontier 1X4 16' Rustic White,,,NotAllowed,,,,0.75,3.5,,192,,,,LF,EA,16,,,,,,,,,,,,,,,AZEK,Frontier,,,White Rustic,,,,,,,,,,,,,,trim|exterior|pvc|rustic|rot_proof,R703,N,,,,,,,,STOCK,,,"Lifetime limited warranty, paintable"
PVC-AZEK-TRAD-1X4-18,PVC-AZEK-TRAD-1X4-18-V1,pvc_trim,azek,traditional,trim_board,AZEK Traditional 1X4 18' Smooth White,,,NotAllowed,,,,0.75,3.5,,216,,,,LF,EA,18,,,,,,,,,,,,,,,AZEK,Traditional,,,White Smooth,,,,,,,,,,,,,,trim|exterior|pvc|smooth|rot_proof,R703,N,,,,,,,,ORDER,3,,"Lifetime limited warranty, paintable"
PVC-AZEK-FRON-1X4-18,PVC-AZEK-FRON-1X4-18-V1,pvc_trim,azek,frontier,trim_board,AZEK Frontier 1X4 18' Rustic White,,,NotAllowed,,,,0.75,3.5,,216,,,,LF,EA,18,,,,,,,,,,,,,,,AZEK,Frontier,,,White Rustic,,,,,,,,,,,,,,trim|exterior|pvc|rustic|rot_proof,R703,N,,,,,,,,ORDER,3,,"Lifetime limited warranty, paintable"
PVC-AZEK-TRAD-1X6-8,PVC-AZEK-TRAD-1X6-8-V1,pvc_trim,azek,traditional,trim_board,AZEK Traditional 1X6 8' Smooth White,,,NotAllowed,,,,0.75,5.5,,96,,,,LF,EA,8,,,,,,,,,,,,,,,AZEK,Traditional,,,White Smooth,,,,,,,,,,,,,,trim|exterior|pvc|smooth|rot_proof,R703,N,,,,,,,,STOCK,,,"Lifetime limited warranty, paintable"
PVC-AZEK-FRON-1X6-8,PVC-AZEK-FRON-1X6-8-V1,pvc_trim,azek,frontier,trim_board,AZEK Frontier 1X6 8' Rustic White,,,NotAllowed,,,,0.75,5.5,,96,,,,LF,EA,8,,,,,,,,,,,,,,,AZEK,Frontier,,,White Rustic,,,,,,,,,,,,,,trim|exterior|pvc|rustic|rot_proof,R703,N,,,,,,,,STOCK,,,"Lifetime limited warranty, paintable"
PVC-AZEK-TRAD-1X6-12,PVC-AZEK-TRAD-1X6-12-V1,pvc_trim,azek,traditional,trim_board,AZEK Traditional 1X6 12' Smooth White,,,NotAllowed,,,,0.75,5.5,,144,,,,LF,EA,12,,,,,,,,,,,,,,,AZEK,Traditional,,,White Smooth,,,,,,,,,,,,,,trim|exterior|pvc|smooth|rot_proof,R703,N,,,,,,,,STOCK,,,"Lifetime limited warranty, paintable"
PVC-AZEK-FRON-1X6-12,PVC-AZEK-FRON-1X6-12-V1,pvc_trim,azek,frontier,trim_board,AZEK Frontier 1X6 12' Rustic White,,,NotAllowed,,,,0.75,5.5,,144,,,,LF,EA,12,,,,,,,,,,,,,,,AZEK,Frontier,,,White Rustic,,,,,,,,,,,,,,trim|exterior|pvc|rustic|rot_proof,R703,N,,,,,,,,STOCK,,,"Lifetime limited warranty, paintable"
PVC-AZEK-TRAD-1X6-16,PVC-AZEK-TRAD-1X6-16-V1,pvc_trim,azek,traditional,trim_board,AZEK Traditional 1X6 16' Smooth White,,,NotAllowed,,,,0.75,5.5,,192,,,,LF,EA,16,,,,,,,,,,,,,,,AZEK,Traditional,,,White Smooth,,,,,,,,,,,,,,trim|exterior|pvc|smooth|rot_proof,R703,N,,,,,,,,STOCK,,,"Lifetime limited warranty, paintable"
PVC-AZEK-FRON-1X6-16,PVC-AZEK-FRON-1X6-16-V1,pvc_trim,azek,frontier,trim_board,AZEK Frontier 1X6 16' Rustic White,,,NotAllowed,,,,0.75,5.5,,192,,,,LF,EA,16,,,,,,,,,,,,,,,AZEK,Frontier,,,White Rustic,,,,,,,,,,,,,,trim|exterior|pvc|rustic|rot_proof,R703,N,,,,,,,,STOCK,,,"Lifetime limited warranty, paintable"
PVC-AZEK-TRAD-1X6-18,PVC-AZEK-TRAD-1X6-18-V1,pvc_trim,azek,traditional,trim_board,AZEK Traditional 1X6 18' Smooth White,,,NotAllowed,,,,0.75,5.5,,216,,,,LF,EA,18,,,,,,,,,,,,,,,AZEK,Traditional,,,White Smooth,,,,,,,,,,,,,,trim|exterior|pvc|smooth|rot_proof,R703,N,,,,,,,,ORDER,3,,"Lifetime limited warranty, paintable"
PVC-AZEK-FRON-1X6-18,PVC-AZEK-FRON-1X6-18-V1,pvc_trim,azek,frontier,trim_board,AZEK Frontier 1X6 18' Rustic White,,,NotAllowed,,,,0.75,5.5,,216,,,,LF,EA,18,,,,,,,,,,,,,,,AZEK,Frontier,,,White Rustic,,,,,,,,,,,,,,trim|exterior|pvc|rustic|rot_proof,R703,N,,,,,,,,ORDER,3,,"Lifetime limited warranty, paintable"
PVC-AZEK-TRAD-1X8-8,PVC-AZEK-TRAD-1X8-8-V1,pvc_trim,azek,traditional,trim_board,AZEK Traditional 1X8 8' Smooth White,,,NotAllowed,,,,0.75,7.25,,96,,,,LF,EA,8,,,,,,,,,,,,,,,AZEK,Traditional,,,White Smooth,,,,,,,,,,,,,,trim|exterior|pvc|smooth|rot_proof,R703,N,,,,,,,,STOCK,,,"Lifetime limited warranty, paintable"
PVC-AZEK-FRON-1X8-8,PVC-AZEK-FRON-1X8-8-V1,pvc_trim,azek,frontier,trim_board,AZEK Frontier 1X8 8' Rustic White,,,NotAllowed,,,,0.75,7.25,,96,,,,LF,EA,8,,,,,,,,,,,,,,,AZEK,Frontier,,,White Rustic,,,,,,,,,,,,,,trim|exterior|pvc|rustic|rot_proof,R703,N,,,,,,,,STOCK,,,"Lifetime limited warranty, paintable"
PVC-AZEK-TRAD-1X8-12,PVC-AZEK-TRAD-1X8-12-V1,pvc_trim,azek,traditional,trim_board,AZEK Traditional 1X8 12' Smooth White,,,NotAllowed,,,,0.75,7.25,,144,,,,LF,EA,12,,,,,,,,,,,,,,,AZEK,Traditional,,,White Smooth,,,,,,,,,,,,,,trim|exterior|pvc|smooth|rot_proof,R703,N,,,,,,,,STOCK,,,"Lifetime limited warranty, paintable"
PVC-AZEK-FRON-1X8-12,PVC-AZEK-FRON-1X8-12-V1,pvc_trim,azek,frontier,trim_board,AZEK Frontier 1X8 12' Rustic White,,,NotAllowed,,,,0.75,7.25,,144,,,,LF,EA,12,,,,,,,,,,,,,,,AZEK,Frontier,,,White Rustic,,,,,,,,,,,,,,trim|exterior|pvc|rustic|rot_proof,R703,N,,,,,,,,STOCK,,,"Lifetime limited warranty, paintable"
PVC-AZEK-TRAD-1X8-16,PVC-AZEK-TRAD-1X8-16-V1,pvc_trim,azek,traditional,trim_board,AZEK Traditional 1X8 16' Smooth White,,,NotAllowed,,,,0.75,7.25,,192,,,,LF,EA,16,,,,,,,,,,,,,,,AZEK,Traditional,,,White Smooth,,,,,,,,,,,,,,trim|exterior|pvc|smooth|rot_proof,R703,N,,,,,,,,STOCK,,,"Lifetime limited warranty, paintable"
PVC-AZEK-FRON-1X8-16,PVC-AZEK-FRON-1X8-16-V1,pvc_trim,azek,frontier,trim_board,AZEK Frontier 1X8 16' Rustic White,,,NotAllowed,,,,0.75,7.25,,192,,,,LF,EA,16,,,,,,,,,,,,,,,AZEK,Frontier,,,White Rustic,,,,,,,,,,,,,,trim|exterior|pvc|rustic|rot_proof,R703,N,,,,,,,,STOCK,,,"Lifetime limited warranty, paintable"
PVC-AZEK-TRAD-1X8-18,PVC-AZEK-TRAD-1X8-18-V1,pvc_trim,azek,traditional,trim_board,AZEK Traditional 1X8 18' Smooth White,,,NotAllowed,,,,0.75,7.25,,216,,,,LF,EA,18,,,,,,,,,,,,,,,AZEK,Traditional,,,White Smooth,,,,,,,,,,,,,,trim|exterior|pvc|smooth|rot_proof,R703,N,,,,,,,,ORDER,3,,"Lifetime limited warranty, paintable"
PVC-AZEK-FRON-1X8-18,PVC-AZEK-FRON-1X8-18-V1,pvc_trim,azek,frontier,trim_board,AZEK Frontier 1X8 18' Rustic White,,,NotAllowed,,,,0.75,7.25,,216,,,,LF,EA,18,,,,,,,,,,,,,,,AZEK,Frontier,,,White Rustic,,,,,,,,,,,,,,trim|exterior|pvc|rustic|rot_proof,R703,N,,,,,,,,ORDER,3,,"Lifetime limited warranty, paintable"
PVC-AZEK-TRAD-1X10-12,PVC-AZEK-TRAD-1X10-12-V1,pvc_trim,azek,traditional,trim_board,AZEK Traditional 1X10 12' Smooth White,,,NotAllowed,,,,0.75,9.25,,144,,,,LF,EA,12,,,,,,,,,,,,,,,AZEK,Traditional,,,White Smooth,,,,,,,,,,,,,,trim|exterior|pvc|smooth|rot_proof,R703,N,,,,,,,,STOCK,,,"Lifetime limited warranty, paintable"
PVC-AZEK-FRON-1X10-12,PVC-AZEK-FRON-1X10-12-V1,pvc_trim,azek,frontier,trim_board,AZEK Frontier 1X10 12' Rustic White,,,NotAllowed,,,,0.75,9.25,,144,,,,LF,EA,12,,,,,,,,,,,,,,,AZEK,Frontier,,,White Rustic,,,,,,,,,,,,,,trim|exterior|pvc|rustic|rot_proof,R703,N,,,,,,,,STOCK,,,"Lifetime limited warranty, paintable"
PVC-AZEK-TRAD-1X10-16,PVC-AZEK-TRAD-1X10-16-V1,pvc_trim,azek,traditional,trim_board,AZEK Traditional 1X10 16' Smooth White,,,NotAllowed,,,,0.75,9.25,,192,,,,LF,EA,16,,,,,,,,,,,,,,,AZEK,Traditional,,,White Smooth,,,,,,,,,,,,,,trim|exterior|pvc|smooth|rot_proof,R703,N,,,,,,,,STOCK,,,"Lifetime limited warranty, paintable"
PVC-AZEK-FRON-1X10-16,PVC-AZEK-FRON-1X10-16-V1,pvc_trim,azek,frontier,trim_board,AZEK Frontier 1X10 16' Rustic White,,,NotAllowed,,,,0.75,9.25,,192,,,,LF,EA,16,,,,,,,,,,,,,,,AZEK,Frontier,,,White Rustic,,,,,,,,,,,,,,trim|exterior|pvc|rustic|rot_proof,R703,N,,,,,,,,STOCK,,,"Lifetime limited warranty, paintable"
PVC-AZEK-TRAD-1X10-18,PVC-AZEK-TRAD-1X10-18-V1,pvc_trim,azek,traditional,trim_board,AZEK Traditional 1X10 18' Smooth White,,,NotAllowed,,,,0.75,9.25,,216,,,,LF,EA,18,,,,,,,,,,,,,,,AZEK,Traditional,,,White Smooth,,,,,,,,,,,,,,trim|exterior|pvc|smooth|rot_proof,R703,N,,,,,,,,ORDER,3,,"Lifetime limited warranty, paintable"
PVC-AZEK-FRON-1X10-18,PVC-AZEK-FRON-1X10-18-V1,pvc_trim,azek,frontier,trim_board,AZEK Frontier 1X10 18' Rustic White,,,NotAllowed,,,,0.75,9.25,,216,,,,LF,EA,18,,,,,,,,,,,,,,,AZEK,Frontier,,,White Rustic,,,,,,,,,,,,,,trim|exterior|pvc|rustic|rot_proof,R703,N,,,,,,,,ORDER,3,,"Lifetime limited warranty, paintable"
PVC-AZEK-TRAD-1X12-12,PVC-AZEK-TRAD-1X12-12-V1,pvc_trim,azek,traditional,trim_board,AZEK Traditional 1X12 12' Smooth White,,,NotAllowed,,,,0.75,11.25,,144,,,,LF,EA,12,,,,,,,,,,,,,,,AZEK,Traditional,,,White Smooth,,,,,,,,,,,,,,trim|exterior|pvc|smooth|rot_proof,R703,N,,,,,,,,STOCK,,,"Lifetime limited warranty, paintable"
PVC-AZEK-FRON-1X12-12,PVC-AZEK-FRON-1X12-12-V1,pvc_trim,azek,frontier,trim_board,AZEK Frontier 1X12 12' Rustic White,,,NotAllowed,,,,0.75,11.25,,144,,,,LF,EA,12,,,,,,,,,,,,,,,AZEK,Frontier,,,White Rustic,,,,,,,,,,,,,,trim|exterior|pvc|rustic|rot_proof,R703,N,,,,,,,,STOCK,,,"Lifetime limited warranty, paintable"
PVC-AZEK-TRAD-1X12-16,PVC-AZEK-TRAD-1X12-16-V1,pvc_trim,azek,traditional,trim_board,AZEK Traditional 1X12 16' Smooth White,,,NotAllowed,,,,0.75,11.25,,192,,,,LF,EA,16,,,,,,,,,,,,,,,AZEK,Traditional,,,White Smooth,,,,,,,,,,,,,,trim|exterior|pvc|smooth|rot_proof,R703,N,,,,,,,,STOCK,,,"Lifetime limited warranty, paintable"
PVC-AZEK-FRON-1X12-16,PVC-AZEK-FRON-1X12-16-V1,pvc_trim,azek,frontier,trim_board,AZEK Frontier 1X12 16' Rustic White,,,NotAllowed,,,,0.75,11.25,,192,,,,LF,EA,16,,,,,,,,,,,,,,,AZEK,Frontier,,,White Rustic,,,,,,,,,,,,,,trim|exterior|pvc|rustic|rot_proof,R703,N,,,,,,,,STOCK,,,"Lifetime limited warranty, paintable"
PVC-AZEK-TRAD-1X12-18,PVC-AZEK-TRAD-1X12-18-V1,pvc_trim,azek,traditional,trim_board,AZEK Traditional 1X12 18' Smooth White,,,NotAllowed,,,,0.75,11.25,,216,,,,LF,EA,18,,,,,,,,,,,,,,,AZEK,Traditional,,,White Smooth,,,,,,,,,,,,,,trim|exterior|pvc|smooth|rot_proof,R703,N,,,,,,,,ORDER,3,,"Lifetime limited warranty, paintable"
PVC-AZEK-FRON-1X12-18,PVC-AZEK-FRON-1X12-18-V1,pvc_trim,azek,frontier,trim_board,AZEK Frontier 1X12 18' Rustic White,,,NotAllowed,,,,0.75,11.25,,216,,,,LF,EA,18,,,,,,,,,,,,,,,AZEK,Frontier,,,White Rustic,,,,,,,,,,,,,,trim|exterior|pvc|rustic|rot_proof,R703,N,,,,,,,,ORDER,3,,"Lifetime limited warranty, paintable"
PVC-AZEK-TRAD-54X4-12,PVC-AZEK-TRAD-54X4-12-V1,pvc_trim,azek,traditional,trim_board,AZEK Traditional 5/4X4 12' Smooth White,,,NotAllowed,,,,1,3.5,,144,,,,LF,EA,12,,,,,,,,,,,,,,,AZEK,Traditional,,,White Smooth,,,,,,,,,,,,,,trim|exterior|pvc|smooth|rot_proof,R703,N,,,,,,,,STOCK,,,"Lifetime limited warranty, paintable"
PVC-AZEK-FRON-54X4-12,PVC-AZEK-FRON-54X4-12-V1,pvc_trim,azek,frontier,trim_board,AZEK Frontier 5/4X4 12' Rustic White,,,NotAllowed,,,,1,3.5,,144,,,,LF,EA,12,,,,,,,,,,,,,,,AZEK,Frontier,,,White Rustic,,,,,,,,,,,,,,trim|exterior|pvc|rustic|rot_proof,R703,N,,,,,,,,STOCK,,,"Lifetime limited warranty, paintable"
PVC-AZEK-TRAD-54X4-16,PVC-AZEK-TRAD-54X4-16-V1,pvc_trim,azek,traditional,trim_board,AZEK Traditional 5/4X4 16' Smooth White,,,NotAllowed,,,,1,3.5,,192,,,,LF,EA,16,,,,,,,,,,,,,,,AZEK,Traditional,,,White Smooth,,,,,,,,,,,,,,trim|exterior|pvc|smooth|rot_proof,R703,N,,,,,,,,STOCK,,,"Lifetime limited warranty, paintable"
PVC-AZEK-FRON-54X4-16,PVC-AZEK-FRON-54X4-16-V1,pvc_trim,azek,frontier,trim_board,AZEK Frontier 5/4X4 16' Rustic White,,,NotAllowed,,,,1,3.5,,192,,,,LF,EA,16,,,,,,,,,,,,,,,AZEK,Frontier,,,White Rustic,,,,,,,,,,,,,,trim|exterior|pvc|rustic|rot_proof,R703,N,,,,,,,,STOCK,,,"Lifetime limited warranty, paintable"
PVC-AZEK-TRAD-54X4-18,PVC-AZEK-TRAD-54X4-18-V1,pvc_trim,azek,traditional,trim_board,AZEK Traditional 5/4X4 18' Smooth White,,,NotAllowed,,,,1,3.5,,216,,,,LF,EA,18,,,,,,,,,,,,,,,AZEK,Traditional,,,White Smooth,,,,,,,,,,,,,,trim|exterior|pvc|smooth|rot_proof,R703,N,,,,,,,,ORDER,3,,"Lifetime limited warranty, paintable"
PVC-AZEK-FRON-54X4-18,PVC-AZEK-FRON-54X4-18-V1,pvc_trim,azek,frontier,trim_board,AZEK Frontier 5/4X4 18' Rustic White,,,NotAllowed,,,,1,3.5,,216,,,,LF,EA,18,,,,,,,,,,,,,,,AZEK,Frontier,,,White Rustic,,,,,,,,,,,,,,trim|exterior|pvc|rustic|rot_proof,R703,N,,,,,,,,ORDER,3,,"Lifetime limited warranty, paintable"
PVC-AZEK-TRAD-54X4-20,PVC-AZEK-TRAD-54X4-20-V1,pvc_trim,azek,traditional,trim_board,AZEK Traditional 5/4X4 20' Smooth White,,,NotAllowed,,,,1,3.5,,240,,,,LF,EA,20,,,,,,,,,,,,,,,AZEK,Traditional,,,White Smooth,,,,,,,,,,,,,,trim|exterior|pvc|smooth|rot_proof,R703,N,,,,,,,,ORDER,3,,"Lifetime limited warranty, paintable"
PVC-AZEK-FRON-54X4-20,PVC-AZEK-FRON-54X4-20-V1,pvc_trim,azek,frontier,trim_board,AZEK Frontier 5/4X4 20' Rustic White,,,NotAllowed,,,,1,3.5,,240,,,,LF,EA,20,,,,,,,,,,,,,,,AZEK,Frontier,,,White Rustic,,,,,,,,,,,,,,trim|exterior|pvc|rustic|rot_proof,R703,N,,,,,,,,ORDER,3,,"Lifetime limited warranty, paintable"
PVC-AZEK-TRAD-54X6-12,PVC-AZEK-TRAD-54X6-12-V1,pvc_trim,azek,traditional,trim_board,AZEK Traditional 5/4X6 12' Smooth White,,,NotAllowed,,,,1,5.5,,144,,,,LF,EA,12,,,,,,,,,,,,,,,AZEK,Traditional,,,White Smooth,,,,,,,,,,,,,,trim|exterior|pvc|smooth|rot_proof,R703,N,,,,,,,,STOCK,,,"Lifetime limited warranty, paintable"
PVC-AZEK-FRON-54X6-12,PVC-AZEK-FRON-54X6-12-V1,pvc_trim,azek,frontier,trim_board,AZEK Frontier 5/4X6 12' Rustic White,,,NotAllowed,,,,1,5.5,,144,,,,LF,EA,12,,,,,,,,,,,,,,,AZEK,Frontier,,,White Rustic,,,,,,,,,,,,,,trim|exterior|pvc|rustic|rot_proof,R703,N,,,,,,,,STOCK,,,"Lifetime limited warranty, paintable"
PVC-AZEK-TRAD-54X6-16,PVC-AZEK-TRAD-54X6-16-V1,pvc_trim,azek,traditional,trim_board,AZEK Traditional 5/4X6 16' Smooth White,,,NotAllowed,,,,1,5.5,,192,,,,LF,EA,16,,,,,,,,,,,,,,,AZEK,Traditional,,,White Smooth,,,,,,,,,,,,,,trim|exterior|pvc|smooth|rot_proof,R703,N,,,,,,,,STOCK,,,"Lifetime limited warranty, paintable"
PVC-AZEK-FRON-54X6-16,PVC-AZEK-FRON-54X6-16-V1,pvc_trim,azek,frontier,trim_board,AZEK Frontier 5/4X6 16' Rustic White,,,NotAllowed,,,,1,5.5,,192,,,,LF,EA,16,,,,,,,,,,,,,,,AZEK,Frontier,,,White Rustic,,,,,,,,,,,,,,trim|exterior|pvc|rustic|rot_proof,R703,N,,,,,,,,STOCK,,,"Lifetime limited warranty, paintable"
PVC-AZEK-TRAD-54X6-18,PVC-AZEK-TRAD-54X6-18-V1,pvc_trim,azek,traditional,trim_board,AZEK Traditional 5/4X6 18' Smooth White,,,NotAllowed,,,,1,5.5,,216,,,,LF,EA,18,,,,,,,,,,,,,,,AZEK,Traditional,,,White Smooth,,,,,,,,,,,,,,trim|exterior|pvc|smooth|rot_proof,R703,N,,,,,,,,ORDER,3,,"Lifetime limited warranty, paintable"
PVC-AZEK-FRON-54X6-18,PVC-AZEK-FRON-54X6-18-V1,pvc_trim,azek,frontier,trim_board,AZEK Frontier 5/4X6 18' Rustic White,,,NotAllowed,,,,1,5.5,,216,,,,LF,EA,18,,,,,,,,,,,,,,,AZEK,Frontier,,,White Rustic,,,,,,,,,,,,,,trim|exterior|pvc|rustic|rot_proof,R703,N,,,,,,,,ORDER,3,,"Lifetime limited warranty, paintable"
PVC-AZEK-TRAD-54X6-20,PVC-AZEK-TRAD-54X6-20-V1,pvc_trim,azek,traditional,trim_board,AZEK Traditional 5/4X6 20' Smooth White,,,NotAllowed,,,,1,5.5,,240,,,,LF,EA,20,,,,,,,,,,,,,,,AZEK,Traditional,,,White Smooth,,,,,,,,,,,,,,trim|exterior|pvc|smooth|rot_proof,R703,N,,,,,,,,ORDER,3,,"Lifetime limited warranty, paintable"
PVC-AZEK-FRON-54X6-20,PVC-AZEK-FRON-54X6-20-V1,pvc_trim,azek,frontier,trim_board,AZEK Frontier 5/4X6 20' Rustic White,,,NotAllowed,,,,1,5.5,,240,,,,LF,EA,20,,,,,,,,,,,,,,,AZEK,Frontier,,,White Rustic,,,,,,,,,,,,,,trim|exterior|pvc|rustic|rot_proof,R703,N,,,,,,,,ORDER,3,,"Lifetime limited warranty, paintable"
PVC-AZEK-TRAD-54X8-12,PVC-AZEK-TRAD-54X8-12-V1,pvc_trim,azek,traditional,trim_board,AZEK Traditional 5/4X8 12' Smooth White,,,NotAllowed,,,,1,7.25,,144,,,,LF,EA,12,,,,,,,,,,,,,,,AZEK,Traditional,,,White Smooth,,,,,,,,,,,,,,trim|exterior|pvc|smooth|rot_proof,R703,N,,,,,,,,STOCK,,,"Lifetime limited warranty, paintable"
PVC-AZEK-FRON-54X8-12,PVC-AZEK-FRON-54X8-12-V1,pvc_trim,azek,frontier,trim_board,AZEK Frontier 5/4X8 12' Rustic White,,,NotAllowed,,,,1,7.25,,144,,,,LF,EA,12,,,,,,,,,,,,,,,AZEK,Frontier,,,White Rustic,,,,,,,,,,,,,,trim|exterior|pvc|rustic|rot_proof,R703,N,,,,,,,,STOCK,,,"Lifetime limited warranty, paintable"
PVC-AZEK-TRAD-54X8-16,PVC-AZEK-TRAD-54X8-16-V1,pvc_trim,azek,traditional,trim_board,AZEK Traditional 5/4X8 16' Smooth White,,,NotAllowed,,,,1,7.25,,192,,,,LF,EA,16,,,,,,,,,,,,,,,AZEK,Traditional,,,White Smooth,,,,,,,,,,,,,,trim|exterior|pvc|smooth|rot_proof,R703,N,,,,,,,,STOCK,,,"Lifetime limited warranty, paintable"
PVC-AZEK-FRON-54X8-16,PVC-AZEK-FRON-54X8-16-V1,pvc_trim,azek,frontier,trim_board,AZEK Frontier 5/4X8 16' Rustic White,,,NotAllowed,,,,1,7.25,,192,,,,LF,EA,16,,,,,,,,,,,,,,,AZEK,Frontier,,,White Rustic,,,,,,,,,,,,,,trim|exterior|pvc|rustic|rot_proof,R703,N,,,,,,,,STOCK,,,"Lifetime limited warranty, paintable"
PVC-AZEK-TRAD-54X8-18,PVC-AZEK-TRAD-54X8-18-V1,pvc_trim,azek,traditional,trim_board,AZEK Traditional 5/4X8 18' Smooth White,,,NotAllowed,,,,1,7.25,,216,,,,LF,EA,18,,,,,,,,,,,,,,,AZEK,Traditional,,,White Smooth,,,,,,,,,,,,,,trim|exterior|pvc|smooth|rot_proof,R703,N,,,,,,,,ORDER,3,,"Lifetime limited warranty, paintable"
PVC-AZEK-FRON-54X8-18,PVC-AZEK-FRON-54X8-18-V1,pvc_trim,azek,frontier,trim_board,AZEK Frontier 5/4X8 18' Rustic White,,,NotAllowed,,,,1,7.25,,216,,,,LF,EA,18,,,,,,,,,,,,,,,AZEK,Frontier,,,White Rustic,,,,,,,,,,,,,,trim|exterior|pvc|rustic|rot_proof,R703,N,,,,,,,,ORDER,3,,"Lifetime limited warranty, paintable"
PVC-AZEK-TRAD-54X8-20,PVC-AZEK-TRAD-54X8-20-V1,pvc_trim,azek,traditional,trim_board,AZEK Traditional 5/4X8 20' Smooth White,,,NotAllowed,,,,1,7.25,,240,,,,LF,EA,20,,,,,,,,,,,,,,,AZEK,Traditional,,,White Smooth,,,,,,,,,,,,,,trim|exterior|pvc|smooth|rot_proof,R703,N,,,,,,,,ORDER,3,,"Lifetime limited warranty, paintable"
PVC-AZEK-FRON-54X8-20,PVC-AZEK-FRON-54X8-20-V1,pvc_trim,azek,frontier,trim_board,AZEK Frontier 5/4X8 20' Rustic White,,,NotAllowed,,,,1,7.25,,240,,,,LF,EA,20,,,,,,,,,,,,,,,AZEK,Frontier,,,White Rustic,,,,,,,,,,,,,,trim|exterior|pvc|rustic|rot_proof,R703,N,,,,,,,,ORDER,3,,"Lifetime limited warranty, paintable"
PVC-AZEK-TRAD-54X10-12,PVC-AZEK-TRAD-54X10-12-V1,pvc_trim,azek,traditional,trim_board,AZEK Traditional 5/4X10 12' Smooth White,,,NotAllowed,,,,1,9.25,,144,,,,LF,EA,12,,,,,,,,,,,,,,,AZEK,Traditional,,,White Smooth,,,,,,,,,,,,,,trim|exterior|pvc|smooth|rot_proof,R703,N,,,,,,,,STOCK,,,"Lifetime limited warranty, paintable"
PVC-AZEK-FRON-54X10-12,PVC-AZEK-FRON-54X10-12-V1,pvc_trim,azek,frontier,trim_board,AZEK Frontier 5/4X10 12' Rustic White,,,NotAllowed,,,,1,9.25,,144,,,,LF,EA,12,,,,,,,,,,,,,,,AZEK,Frontier,,,White Rustic,,,,,,,,,,,,,,trim|exterior|pvc|rustic|rot_proof,R703,N,,,,,,,,STOCK,,,"Lifetime limited warranty, paintable"
PVC-AZEK-TRAD-54X10-16,PVC-AZEK-TRAD-54X10-16-V1,pvc_trim,azek,traditional,trim_board,AZEK Traditional 5/4X10 16' Smooth White,,,NotAllowed,,,,1,9.25,,192,,,,LF,EA,16,,,,,,,,,,,,,,,AZEK,Traditional,,,White Smooth,,,,,,,,,,,,,,trim|exterior|pvc|smooth|rot_proof,R703,N,,,,,,,,STOCK,,,"Lifetime limited warranty, paintable"
PVC-AZEK-FRON-54X10-16,PVC-AZEK-FRON-54X10-16-V1,pvc_trim,azek,frontier,trim_board,AZEK Frontier 5/4X10 16' Rustic White,,,NotAllowed,,,,1,9.25,,192,,,,LF,EA,16,,,,,,,,,,,,,,,AZEK,Frontier,,,White Rustic,,,,,,,,,,,,,,trim|exterior|pvc|rustic|rot_proof,R703,N,,,,,,,,STOCK,,,"Lifetime limited warranty, paintable"
PVC-AZEK-TRAD-54X10-18,PVC-AZEK-TRAD-54X10-18-V1,pvc_trim,azek,traditional,trim_board,AZEK Traditional 5/4X10 18' Smooth White,,,NotAllowed,,,,1,9.25,,216,,,,LF,EA,18,,,,,,,,,,,,,,,AZEK,Traditional,,,White Smooth,,,,,,,,,,,,,,trim|exterior|pvc|smooth|rot_proof,R703,N,,,,,,,,ORDER,3,,"Lifetime limited warranty, paintable"
PVC-AZEK-FRON-54X10-18,PVC-AZEK-FRON-54X10-18-V1,pvc_trim,azek,frontier,trim_board,AZEK Frontier 5/4X10 18' Rustic White,,,NotAllowed,,,,1,9.25,,216,,,,LF,EA,18,,,,,,,,,,,,,,,AZEK,Frontier,,,White Rustic,,,,,,,,,,,,,,trim|exterior|pvc|rustic|rot_proof,R703,N,,,,,,,,ORDER,3,,"Lifetime limited warranty, paintable"
PVC-AZEK-TRAD-54X10-20,PVC-AZEK-TRAD-54X10-20-V1,pvc_trim,azek,traditional,trim_board,AZEK Traditional 5/4X10 20' Smooth White,,,NotAllowed,,,,1,9.25,,240,,,,LF,EA,20,,,,,,,,,,,,,,,AZEK,Traditional,,,White Smooth,,,,,,,,,,,,,,trim|exterior|pvc|smooth|rot_proof,R703,N,,,,,,,,ORDER,3,,"Lifetime limited warranty, paintable"
PVC-AZEK-FRON-54X10-20,PVC-AZEK-FRON-54X10-20-V1,pvc_trim,azek,frontier,trim_board,AZEK Frontier 5/4X10 20' Rustic White,,,NotAllowed,,,,1,9.25,,240,,,,LF,EA,20,,,,,,,,,,,,,,,AZEK,Frontier,,,White Rustic,,,,,,,,,,,,,,trim|exterior|pvc|rustic|rot_proof,R703,N,,,,,,,,ORDER,3,,"Lifetime limited warranty, paintable"
PVC-AZEK-TRAD-54X12-12,PVC-AZEK-TRAD-54X12-12-V1,pvc_trim,azek,traditional,trim_board,AZEK Traditional 5/4X12 12' Smooth White,,,NotAllowed,,,,1,11.25,,144,,,,LF,EA,12,,,,,,,,,,,,,,,AZEK,Traditional,,,White Smooth,,,,,,,,,,,,,,trim|exterior|pvc|smooth|rot_proof,R703,N,,,,,,,,STOCK,,,"Lifetime limited warranty, paintable"
PVC-AZEK-FRON-54X12-12,PVC-AZEK-FRON-54X12-12-V1,pvc_trim,azek,frontier,trim_board,AZEK Frontier 5/4X12 12' Rustic White,,,NotAllowed,,,,1,11.25,,144,,,,LF,EA,12,,,,,,,,,,,,,,,AZEK,Frontier,,,White Rustic,,,,,,,,,,,,,,trim|exterior|pvc|rustic|rot_proof,R703,N,,,,,,,,STOCK,,,"Lifetime limited warranty, paintable"
PVC-AZEK-TRAD-54X12-16,PVC-AZEK-TRAD-54X12-16-V1,pvc_trim,azek,traditional,trim_board,AZEK Traditional 5/4X12 16' Smooth White,,,NotAllowed,,,,1,11.25,,192,,,,LF,EA,16,,,,,,,,,,,,,,,AZEK,Traditional,,,White Smooth,,,,,,,,,,,,,,trim|exterior|pvc|smooth|rot_proof,R703,N,,,,,,,,STOCK,,,"Lifetime limited warranty, paintable"
PVC-AZEK-FRON-54X12-16,PVC-AZEK-FRON-54X12-16-V1,pvc_trim,azek,frontier,trim_board,AZEK Frontier 5/4X12 16' Rustic White,,,NotAllowed,,,,1,11.25,,192,,,,LF,EA,16,,,,,,,,,,,,,,,AZEK,Frontier,,,White Rustic,,,,,,,,,,,,,,trim|exterior|pvc|rustic|rot_proof,R703,N,,,,,,,,STOCK,,,"Lifetime limited warranty, paintable"
PVC-AZEK-TRAD-54X12-18,PVC-AZEK-TRAD-54X12-18-V1,pvc_trim,azek,traditional,trim_board,AZEK Traditional 5/4X12 18' Smooth White,,,NotAllowed,,,,1,11.25,,216,,,,LF,EA,18,,,,,,,,,,,,,,,AZEK,Traditional,,,White Smooth,,,,,,,,,,,,,,trim|exterior|pvc|smooth|rot_proof,R703,N,,,,,,,,ORDER,3,,"Lifetime limited warranty, paintable"
PVC-AZEK-FRON-54X12-18,PVC-AZEK-FRON-54X12-18-V1,pvc_trim,azek,frontier,trim_board,AZEK Frontier 5/4X12 18' Rustic White,,,NotAllowed,,,,1,11.25,,216,,,,LF,EA,18,,,,,,,,,,,,,,,AZEK,Frontier,,,White Rustic,,,,,,,,,,,,,,trim|exterior|pvc|rustic|rot_proof,R703,N,,,,,,,,ORDER,3,,"Lifetime limited warranty, paintable"
PVC-AZEK-TRAD-54X12-20,PVC-AZEK-TRAD-54X12-20-V1,pvc_trim,azek,traditional,trim_board,AZEK Traditional 5/4X12 20' Smooth White,,,NotAllowed,,,,1,11.25,,240,,,,LF,EA,20,,,,,,,,,,,,,,,AZEK,Traditional,,,White Smooth,,,,,,,,,,,,,,trim|exterior|pvc|smooth|rot_proof,R703,N,,,,,,,,ORDER,3,,"Lifetime limited warranty, paintable"
PVC-AZEK-FRON-54X12-20,PVC-AZEK-FRON-54X12-20-V1,pvc_trim,azek,frontier,trim_board,AZEK Frontier 5/4X12 20' Rustic White,,,NotAllowed,,,,1,11.25,,240,,,,LF,EA,20,,,,,,,,,,,,,,,AZEK,Frontier,,,White Rustic,,,,,,,,,,,,,,trim|exterior|pvc|rustic|rot_proof,R703,N,,,,,,,,ORDER,3,,"Lifetime limited warranty, paintable"
PVC-AZEK-SHEET-HALF-4X8,PVC-AZEK-SHEET-HALF-4X8-V1,pvc_trim,azek,sheet,pvc_sheet,"AZEK PVC Sheet 0.5"" 4'x8' Smooth White",,,NotAllowed,,,,0.5,,,,,,,SF,SHT,,,32,,,,,,,48,96,,,,,AZEK,Traditional,,,White Smooth,,,,,,,,,,,,,,trim|sheet|exterior|pvc|fascia|soffit,,N,,,,,,,,ORDER,5,,
PVC-AZEK-SHEET-THREE-QTR-4X8,PVC-AZEK-SHEET-THREE-QTR-4X8-V1,pvc_trim,azek,sheet,pvc_sheet,"AZEK PVC Sheet 0.75"" 4'x8' Smooth White",,,NotAllowed,,,,0.75,,,,,,,SF,SHT,,,32,,,,,,,48,96,,,,,AZEK,Traditional,,,White Smooth,,,,,,,,,,,,,,trim|sheet|exterior|pvc|fascia|soffit,,N,,,,,,,,ORDER,5,,
PVC-AZEK-CORNER-54X4-10,PVC-AZEK-CORNER-54X4-10-V1,pvc_trim,azek,corner,corner_board,AZEK Corner Board 5/4X4 10' White,,,NotAllowed,,,,1,3.5,,120,,,,LF,EA,10,,,,,,,,,,,,,,,AZEK,Traditional,,,White Smooth,,,,,,,,,,,,,,trim|corner|exterior|pvc,,N,,,,,,,,STOCK,,,
PVC-AZEK-CORNER-54X4-16,PVC-AZEK-CORNER-54X4-16-V1,pvc_trim,azek,corner,corner_board,AZEK Corner Board 5/4X4 16' White,,,NotAllowed,,,,1,3.5,,192,,,,LF,EA,16,,,,,,,,,,,,,,,AZEK,Traditional,,,White Smooth,,,,,,,,,,,,,,trim|corner|exterior|pvc,,N,,,,,,,,STOCK,,,
PVC-AZEK-CORNER-54X4-20,PVC-AZEK-CORNER-54X4-20-V1,pvc_trim,azek,corner,corner_board,AZEK Corner Board 5/4X4 20' White,,,NotAllowed,,,,1,3.5,,240,,,,LF,EA,20,,,,,,,,,,,,,,,AZEK,Traditional,,,White Smooth,,,,,,,,,,,,,,trim|corner|exterior|pvc,,N,,,,,,,,STOCK,,,
PVC-AZEK-CORNER-54X6-10,PVC-AZEK-CORNER-54X6-10-V1,pvc_trim,azek,corner,corner_board,AZEK Corner Board 5/4X6 10' White,,,NotAllowed,,,,1,5.5,,120,,,,LF,EA,10,,,,,,,,,,,,,,,AZEK,Traditional,,,White Smooth,,,,,,,,,,,,,,trim|corner|exterior|pvc,,N,,,,,,,,STOCK,,,
PVC-AZEK-CORNER-54X6-16,PVC-AZEK-CORNER-54X6-16-V1,pvc_trim,azek,corner,corner_board,AZEK Corner Board 5/4X6 16' White,,,NotAllowed,,,,1,5.5,,192,,,,LF,EA,16,,,,,,,,,,,,,,,AZEK,Traditional,,,White Smooth,,,,,,,,,,,,,,trim|corner|exterior|pvc,,N,,,,,,,,STOCK,,,
PVC-AZEK-CORNER-54X6-20,PVC-AZEK-CORNER-54X6-20-V1,pvc_trim,azek,corner,corner_board,AZEK Corner Board 5/4X6 20' White,,,NotAllowed,,,,1,5.5,,240,,,,LF,EA,20,,,,,,,,,,,,,,,AZEK,Traditional,,,White Smooth,,,,,,,,,,,,,,trim|corner|exterior|pvc,,N,,,,,,,,STOCK,,,
COL-PVC-SQ-6-96-PLAI,COL-PVC-SQ-6-96-PLAI-V1,exterior_columns,pvc_column,square,column_wrap,"PVC Column Wrap 6""x6""x96"" Plain",,,Allowed,,,,,6,6,96,,,,EA,EA,,,,,,,,,,,,,,,,Royal,,,,White,,,,,,,,,,,,,,column|exterior|pvc|plain|non_structural,,N,style|load_rating|wrap_or_structural,,,,,,,ORDER,7,,"Non-structural wrap, 5/8"" thick cellular PVC"
COL-PVC-SQ-6-96-RAIS,COL-PVC-SQ-6-96-RAIS-V1,exterior_columns,pvc_column,square,column_wrap,"PVC Column Wrap 6""x6""x96"" Raised Panel",,,Allowed,,,,,6,6,96,,,,EA,EA,,,,,,,,,,,,,,,,Royal,,,,White,,,,,,,,,,,,,,column|exterior|pvc|raised_panel|non_structural,,N,style|load_rating|wrap_or_structural,,,,,,,ORDER,7,,"Non-structural wrap, 5/8"" thick cellular PVC"
COL-PVC-SQ-6-96-RECE,COL-PVC-SQ-6-96-RECE-V1,exterior_columns,pvc_column,square,column_wrap,"PVC Column Wrap 6""x6""x96"" Recessed",,,Allowed,,,,,6,6,96,,,,EA,EA,,,,,,,,,,,,,,,,Royal,,,,White,,,,,,,,,,,,,,column|exterior|pvc|recessed|non_structural,,N,style|load_rating|wrap_or_structural,,,,,,,ORDER,7,,"Non-structural wrap, 5/8"" thick cellular PVC"
COL-PVC-SQ-6-108-PLAI,COL-PVC-SQ-6-108-PLAI-V1,exterior_columns,pvc_column,square,column_wrap,"PVC Column Wrap 6""x6""x108"" Plain",,,Allowed,,,,,6,6,108,,,,EA,EA,,,,,,,,,,,,,,,,Royal,,,,White,,,,,,,,,,,,,,column|exterior|pvc|plain|non_structural,,N,style|load_rating|wrap_or_structural,,,,,,,ORDER,7,,"Non-structural wrap, 5/8"" thick cellular PVC"
COL-PVC-SQ-6-108-RAIS,COL-PVC-SQ-6-108-RAIS-V1,exterior_columns,pvc_column,square,column_wrap,"PVC Column Wrap 6""x6""x108"" Raised Panel",,,Allowed,,,,,6,6,108,,,,EA,EA,,,,,,,,,,,,,,,,Royal,,,,White,,,,,,,,,,,,,,column|exterior|pvc|raised_panel|non_structural,,N,style|load_rating|wrap_or_structural,,,,,,,ORDER,7,,"Non-structural wrap, 5/8"" thick cellular PVC"
COL-PVC-SQ-6-108-RECE,COL-PVC-SQ-6-108-RECE-V1,exterior_columns,pvc_column,square,column_wrap,"PVC Column Wrap 6""x6""x108"" Recessed",,,Allowed,,,,,6,6,108,,,,EA,EA,,,,,,,,,,,,,,,,Royal,,,,White,,,,,,,,,,,,,,column|exterior|pvc|recessed|non_structural,,N,style|load_rating|wrap_or_structural,,,,,,,ORDER,7,,"Non-structural wrap, 5/8"" thick cellular PVC"
COL-PVC-SQ-6-120-PLAI,COL-PVC-SQ-6-120-PLAI-V1,exterior_columns,pvc_column,square,column_wrap,"PVC Column Wrap 6""x6""x120"" Plain",,,Allowed,,,,,6,6,120,,,,EA,EA,,,,,,,,,,,,,,,,Royal,,,,White,,,,,,,,,,,,,,column|exterior|pvc|plain|non_structural,,N,style|load_rating|wrap_or_structural,,,,,,,ORDER,7,,"Non-structural wrap, 5/8"" thick cellular PVC"
COL-PVC-SQ-6-120-RAIS,COL-PVC-SQ-6-120-RAIS-V1,exterior_columns,pvc_column,square,column_wrap,"PVC Column Wrap 6""x6""x120"" Raised Panel",,,Allowed,,,,,6,6,120,,,,EA,EA,,,,,,,,,,,,,,,,Royal,,,,White,,,,,,,,,,,,,,column|exterior|pvc|raised_panel|non_structural,,N,style|load_rating|wrap_or_structural,,,,,,,ORDER,7,,"Non-structural wrap, 5/8"" thick cellular PVC"
COL-PVC-SQ-6-120-RECE,COL-PVC-SQ-6-120-RECE-V1,exterior_columns,pvc_column,square,column_wrap,"PVC Column Wrap 6""x6""x120"" Recessed",,,Allowed,,,,,6,6,120,,,,EA,EA,,,,,,,,,,,,,,,,Royal,,,,White,,,,,,,,,,,,,,column|exterior|pvc|recessed|non_structural,,N,style|load_rating|wrap_or_structural,,,,,,,ORDER,7,,"Non-structural wrap, 5/8"" thick cellular PVC"
COL-PVC-SQ-8-96-PLAI,COL-PVC-SQ-8-96-PLAI-V1,exterior_columns,pvc_column,square,column_wrap,"PVC Column Wrap 8""x8""x96"" Plain",,,Allowed,,,,,8,8,96,,,,EA,EA,,,,,,,,,,,,,,,,Royal,,,,White,,,,,,,,,,,,,,column|exterior|pvc|plain|non_structural,,N,style|load_rating|wrap_or_structural,,,,,,,ORDER,7,,"Non-structural wrap, 5/8"" thick cellular PVC"
COL-PVC-SQ-8-96-RAIS,COL-PVC-SQ-8-96-RAIS-V1,exterior_columns,pvc_column,square,column_wrap,"PVC Column Wrap 8""x8""x96"" Raised Panel",,,Allowed,,,,,8,8,96,,,,EA,EA,,,,,,,,,,,,,,,,Royal,,,,White,,,,,,,,,,,,,,column|exterior|pvc|raised_panel|non_structural,,N,style|load_rating|wrap_or_structural,,,,,,,ORDER,7,,"Non-structural wrap, 5/8"" thick cellular PVC"
COL-PVC-SQ-8-96-RECE,COL-PVC-SQ-8-96-RECE-V1,exterior_columns,pvc_column,square,column_wrap,"PVC Column Wrap 8""x8""x96"" Recessed",,,Allowed,,,,,8,8,96,,,,EA,EA,,,,,,,,,,,,,,,,Royal,,,,White,,,,,,,,,,,,,,column|exterior|pvc|recessed|non_structural,,N,style|load_rating|wrap_or_structural,,,,,,,ORDER,7,,"Non-structural wrap, 5/8"" thick cellular PVC"
COL-PVC-SQ-8-108-PLAI,COL-PVC-SQ-8-108-PLAI-V1,exterior_columns,pvc_column,square,column_wrap,"PVC Column Wrap 8""x8""x108"" Plain",,,Allowed,,,,,8,8,108,,,,EA,EA,,,,,,,,,,,,,,,,Royal,,,,White,,,,,,,,,,,,,,column|exterior|pvc|plain|non_structural,,N,style|load_rating|wrap_or_structural,,,,,,,ORDER,7,,"Non-structural wrap, 5/8"" thick cellular PVC"
COL-PVC-SQ-8-108-RAIS,COL-PVC-SQ-8-108-RAIS-V1,exterior_columns,pvc_column,square,column_wrap,"PVC Column Wrap 8""x8""x108"" Raised Panel",,,Allowed,,,,,8,8,108,,,,EA,EA,,,,,,,,,,,,,,,,Royal,,,,White,,,,,,,,,,,,,,column|exterior|pvc|raised_panel|non_structural,,N,style|load_rating|wrap_or_structural,,,,,,,ORDER,7,,"Non-structural wrap, 5/8"" thick cellular PVC"
COL-PVC-SQ-8-108-RECE,COL-PVC-SQ-8-108-RECE-V1,exterior_columns,pvc_column,square,column_wrap,"PVC Column Wrap 8""x8""x108"" Recessed",,,Allowed,,,,,8,8,108,,,,EA,EA,,,,,,,,,,,,,,,,Royal,,,,White,,,,,,,,,,,,,,column|exterior|pvc|recessed|non_structural,,N,style|load_rating|wrap_or_structural,,,,,,,ORDER,7,,"Non-structural wrap, 5/8"" thick cellular PVC"
COL-PVC-SQ-8-120-PLAI,COL-PVC-SQ-8-120-PLAI-V1,exterior_columns,pvc_column,square,column_wrap,"PVC Column Wrap 8""x8""x120"" Plain",,,Allowed,,,,,8,8,120,,,,EA,EA,,,,,,,,,,,,,,,,Royal,,,,White,,,,,,,,,,,,,,column|exterior|pvc|plain|non_structural,,N,style|load_rating|wrap_or_structural,,,,,,,ORDER,7,,"Non-structural wrap, 5/8"" thick cellular PVC"
COL-PVC-SQ-8-120-RAIS,COL-PVC-SQ-8-120-RAIS-V1,exterior_columns,pvc_column,square,column_wrap,"PVC Column Wrap 8""x8""x120"" Raised Panel",,,Allowed,,,,,8,8,120,,,,EA,EA,,,,,,,,,,,,,,,,Royal,,,,White,,,,,,,,,,,,,,column|exterior|pvc|raised_panel|non_structural,,N,style|load_rating|wrap_or_structural,,,,,,,ORDER,7,,"Non-structural wrap, 5/8"" thick cellular PVC"
COL-PVC-SQ-8-120-RECE,COL-PVC-SQ-8-120-RECE-V1,exterior_columns,pvc_column,square,column_wrap,"PVC Column Wrap 8""x8""x120"" Recessed",,,Allowed,,,,,8,8,120,,,,EA,EA,,,,,,,,,,,,,,,,Royal,,,,White,,,,,,,,,,,,,,column|exterior|pvc|recessed|non_structural,,N,style|load_rating|wrap_or_structural,,,,,,,ORDER,7,,"Non-structural wrap, 5/8"" thick cellular PVC"
COL-PVC-SQ-10-96-PLAI,COL-PVC-SQ-10-96-PLAI-V1,exterior_columns,pvc_column,square,column_wrap,"PVC Column Wrap 10""x10""x96"" Plain",,,Allowed,,,,,10,10,96,,,,EA,EA,,,,,,,,,,,,,,,,Royal,,,,White,,,,,,,,,,,,,,column|exterior|pvc|plain|non_structural,,N,style|load_rating|wrap_or_structural,,,,,,,ORDER,7,,"Non-structural wrap, 5/8"" thick cellular PVC"
COL-PVC-SQ-10-96-RAIS,COL-PVC-SQ-10-96-RAIS-V1,exterior_columns,pvc_column,square,column_wrap,"PVC Column Wrap 10""x10""x96"" Raised Panel",,,Allowed,,,,,10,10,96,,,,EA,EA,,,,,,,,,,,,,,,,Royal,,,,White,,,,,,,,,,,,,,column|exterior|pvc|raised_panel|non_structural,,N,style|load_rating|wrap_or_structural,,,,,,,ORDER,7,,"Non-structural wrap, 5/8"" thick cellular PVC"
COL-PVC-SQ-10-96-RECE,COL-PVC-SQ-10-96-RECE-V1,exterior_columns,pvc_column,square,column_wrap,"PVC Column Wrap 10""x10""x96"" Recessed",,,Allowed,,,,,10,10,96,,,,EA,EA,,,,,,,,,,,,,,,,Royal,,,,White,,,,,,,,,,,,,,column|exterior|pvc|recessed|non_structural,,N,style|load_rating|wrap_or_structural,,,,,,,ORDER,7,,"Non-structural wrap, 5/8"" thick cellular PVC"
COL-PVC-SQ-10-108-PLAI,COL-PVC-SQ-10-108-PLAI-V1,exterior_columns,pvc_column,square,column_wrap,"PVC Column Wrap 10""x10""x108"" Plain",,,Allowed,,,,,10,10,108,,,,EA,EA,,,,,,,,,,,,,,,,Royal,,,,White,,,,,,,,,,,,,,column|exterior|pvc|plain|non_structural,,N,style|load_rating|wrap_or_structural,,,,,,,ORDER,7,,"Non-structural wrap, 5/8"" thick cellular PVC"
COL-PVC-SQ-10-108-RAIS,COL-PVC-SQ-10-108-RAIS-V1,exterior_columns,pvc_column,square,column_wrap,"PVC Column Wrap 10""x10""x108"" Raised Panel",,,Allowed,,,,,10,10,108,,,,EA,EA,,,,,,,,,,,,,,,,Royal,,,,White,,,,,,,,,,,,,,column|exterior|pvc|raised_panel|non_structural,,N,style|load_rating|wrap_or_structural,,,,,,,ORDER,7,,"Non-structural wrap, 5/8"" thick cellular PVC"
COL-PVC-SQ-10-108-RECE,COL-PVC-SQ-10-108-RECE-V1,exterior_columns,pvc_column,square,column_wrap,"PVC Column Wrap 10""x10""x108"" Recessed",,,Allowed,,,,,10,10,108,,,,EA,EA,,,,,,,,,,,,,,,,Royal,,,,White,,,,,,,,,,,,,,column|exterior|pvc|recessed|non_structural,,N,style|load_rating|wrap_or_structural,,,,,,,ORDER,7,,"Non-structural wrap, 5/8"" thick cellular PVC"
COL-PVC-SQ-10-120-PLAI,COL-PVC-SQ-10-120-PLAI-V1,exterior_columns,pvc_column,square,column_wrap,"PVC Column Wrap 10""x10""x120"" Plain",,,Allowed,,,,,10,10,120,,,,EA,EA,,,,,,,,,,,,,,,,Royal,,,,White,,,,,,,,,,,,,,column|exterior|pvc|plain|non_structural,,N,style|load_rating|wrap_or_structural,,,,,,,ORDER,7,,"Non-structural wrap, 5/8"" thick cellular PVC"
COL-PVC-SQ-10-120-RAIS,COL-PVC-SQ-10-120-RAIS-V1,exterior_columns,pvc_column,square,column_wrap,"PVC Column Wrap 10""x10""x120"" Raised Panel",,,Allowed,,,,,10,10,120,,,,EA,EA,,,,,,,,,,,,,,,,Royal,,,,White,,,,,,,,,,,,,,column|exterior|pvc|raised_panel|non_structural,,N,style|load_rating|wrap_or_structural,,,,,,,ORDER,7,,"Non-structural wrap, 5/8"" thick cellular PVC"
COL-PVC-SQ-10-120-RECE,COL-PVC-SQ-10-120-RECE-V1,exterior_columns,pvc_column,square,column_wrap,"PVC Column Wrap 10""x10""x120"" Recessed",,,Allowed,,,,,10,10,120,,,,EA,EA,,,,,,,,,,,,,,,,Royal,,,,White,,,,,,,,,,,,,,column|exterior|pvc|recessed|non_structural,,N,style|load_rating|wrap_or_structural,,,,,,,ORDER,7,,"Non-structural wrap, 5/8"" thick cellular PVC"
COL-PVC-SQ-12-108-PLAI,COL-PVC-SQ-12-108-PLAI-V1,exterior_columns,pvc_column,square,column_wrap,"PVC Column Wrap 12""x12""x108"" Plain",,,Allowed,,,,,12,12,108,,,,EA,EA,,,,,,,,,,,,,,,,Royal,,,,White,,,,,,,,,,,,,,column|exterior|pvc|plain|non_structural,,N,style|load_rating|wrap_or_structural,,,,,,,ORDER,7,,"Non-structural wrap, 5/8"" thick cellular PVC"
COL-PVC-SQ-12-108-RAIS,COL-PVC-SQ-12-108-RAIS-V1,exterior_columns,pvc_column,square,column_wrap,"PVC Column Wrap 12""x12""x108"" Raised Panel",,,Allowed,,,,,12,12,108,,,,EA,EA,,,,,,,,,,,,,,,,Royal,,,,White,,,,,,,,,,,,,,column|exterior|pvc|raised_panel|non_structural,,N,style|load_rating|wrap_or_structural,,,,,,,ORDER,7,,"Non-structural wrap, 5/8"" thick cellular PVC"
COL-PVC-SQ-12-108-RECE,COL-PVC-SQ-12-108-RECE-V1,exterior_columns,pvc_column,square,column_wrap,"PVC Column Wrap 12""x12""x108"" Recessed",,,Allowed,,,,,12,12,108,,,,EA,EA,,,,,,,,,,,,,,,,Royal,,,,White,,,,,,,,,,,,,,column|exterior|pvc|recessed|non_structural,,N,style|load_rating|wrap_or_structural,,,,,,,ORDER,7,,"Non-structural wrap, 5/8"" thick cellular PVC"
COL-PVC-SQ-12-120-PLAI,COL-PVC-SQ-12-120-PLAI-V1,exterior_columns,pvc_column,square,column_wrap,"PVC Column Wrap 12""x12""x120"" Plain",,,Allowed,,,,,12,12,120,,,,EA,EA,,,,,,,,,,,,,,,,Royal,,,,White,,,,,,,,,,,,,,column|exterior|pvc|plain|non_structural,,N,style|load_rating|wrap_or_structural,,,,,,,ORDER,7,,"Non-structural wrap, 5/8"" thick cellular PVC"
COL-PVC-SQ-12-120-RAIS,COL-PVC-SQ-12-120-RAIS-V1,exterior_columns,pvc_column,square,column_wrap,"PVC Column Wrap 12""x12""x120"" Raised Panel",,,Allowed,,,,,12,12,120,,,,EA,EA,,,,,,,,,,,,,,,,Royal,,,,White,,,,,,,,,,,,,,column|exterior|pvc|raised_panel|non_structural,,N,style|load_rating|wrap_or_structural,,,,,,,ORDER,7,,"Non-structural wrap, 5/8"" thick cellular PVC"
COL-PVC-SQ-12-120-RECE,COL-PVC-SQ-12-120-RECE-V1,exterior_columns,pvc_column,square,column_wrap,"PVC Column Wrap 12""x12""x120"" Recessed",,,Allowed,,,,,12,12,120,,,,EA,EA,,,,,,,,,,,,,,,,Royal,,,,White,,,,,,,,,,,,,,column|exterior|pvc|recessed|non_structural,,N,style|load_rating|wrap_or_structural,,,,,,,ORDER,7,,"Non-structural wrap, 5/8"" thick cellular PVC"
COL-PVC-CRAFT-8-96,COL-PVC-CRAFT-8-96-V1,exterior_columns,pvc_column,craftsman,tapered_column,"Craftsman Tapered PVC Column 8""x96""",,,Allowed,,,,,8,8,96,,,,EA,EA,,,,,,,,,,,,,,,,Royal,,,,White,,,,,,,,,,,,,,column|exterior|pvc|craftsman|tapered|non_structural,,N,style|load_rating|wrap_or_structural,,,,,,,ORDER,10,,"Tapers from bottom to top, non-structural"
COL-PVC-CRAFT-8-108,COL-PVC-CRAFT-8-108-V1,exterior_columns,pvc_column,craftsman,tapered_column,"Craftsman Tapered PVC Column 8""x108""",,,Allowed,,,,,8,8,108,,,,EA,EA,,,,,,,,,,,,,,,,Royal,,,,White,,,,,,,,,,,,,,column|exterior|pvc|craftsman|tapered|non_structural,,N,style|load_rating|wrap_or_structural,,,,,,,ORDER,10,,"Tapers from bottom to top, non-structural"
COL-PVC-CRAFT-10-96,COL-PVC-CRAFT-10-96-V1,exterior_columns,pvc_column,craftsman,tapered_column,"Craftsman Tapered PVC Column 10""x96""",,,Allowed,,,,,10,10,96,,,,EA,EA,,,,,,,,,,,,,,,,Royal,,,,White,,,,,,,,,,,,,,column|exterior|pvc|craftsman|tapered|non_structural,,N,style|load_rating|wrap_or_structural,,,,,,,ORDER,10,,"Tapers from bottom to top, non-structural"
COL-PVC-CRAFT-10-108,COL-PVC-CRAFT-10-108-V1,exterior_columns,pvc_column,craftsman,tapered_column,"Craftsman Tapered PVC Column 10""x108""",,,Allowed,,,,,10,10,108,,,,EA,EA,,,,,,,,,,,,,,,,Royal,,,,White,,,,,,,,,,,,,,column|exterior|pvc|craftsman|tapered|non_structural,,N,style|load_rating|wrap_or_structural,,,,,,,ORDER,10,,"Tapers from bottom to top, non-structural"
COL-PVC-CRAFT-12-96,COL-PVC-CRAFT-12-96-V1,exterior_columns,pvc_column,craftsman,tapered_column,"Craftsman Tapered PVC Column 12""x96""",,,Allowed,,,,,12,12,96,,,,EA,EA,,,,,,,,,,,,,,,,Royal,,,,White,,,,,,,,,,,,,,column|exterior|pvc|craftsman|tapered|non_structural,,N,style|load_rating|wrap_or_structural,,,,,,,ORDER,10,,"Tapers from bottom to top, non-structural"
COL-PVC-CRAFT-12-108,COL-PVC-CRAFT-12-108-V1,exterior_columns,pvc_column,craftsman,tapered_column,"Craftsman Tapered PVC Column 12""x108""",,,Allowed,,,,,12,12,108,,,,EA,EA,,,,,,,,,,,,,,,,Royal,,,,White,,,,,,,,,,,,,,column|exterior|pvc|craftsman|tapered|non_structural,,N,style|load_rating|wrap_or_structural,,,,,,,ORDER,10,,"Tapers from bottom to top, non-structural"
COL-FG-RND-6-96-PLAI,COL-FG-RND-6-96-PLAI-V1,exterior_columns,fiberglass_column,round,round_column,"Fiberglass Round Column 6"" Dia x 96"" Plain",,,Allowed,,,,,,,96,6,,,EA,EA,,,,,,,,,,,,,,,,HB&G,,,,White Primed,,,,,,,,,,,,,,column|exterior|fiberglass|round|plain|load_bearing,,N,style|load_rating|wrap_or_structural,,,,,,,ORDER,10,,"Load-bearing, includes capital and base"
COL-FG-RND-6-96-FLUT,COL-FG-RND-6-96-FLUT-V1,exterior_columns,fiberglass_column,round,round_column,"Fiberglass Round Column 6"" Dia x 96"" Fluted",,,Allowed,,,,,,,96,6,,,EA,EA,,,,,,,,,,,,,,,,HB&G,,,,White Primed,,,,,,,,,,,,,,column|exterior|fiberglass|round|fluted|load_bearing,,N,style|load_rating|wrap_or_structural,,,,,,,ORDER,10,,"Load-bearing, includes capital and base"
COL-FG-RND-6-108-PLAI,COL-FG-RND-6-108-PLAI-V1,exterior_columns,fiberglass_column,round,round_column,"Fiberglass Round Column 6"" Dia x 108"" Plain",,,Allowed,,,,,,,108,6,,,EA,EA,,,,,,,,,,,,,,,,HB&G,,,,White Primed,,,,,,,,,,,,,,column|exterior|fiberglass|round|plain|load_bearing,,N,style|load_rating|wrap_or_structural,,,,,,,ORDER,10,,"Load-bearing, includes capital and base"
COL-FG-RND-6-108-FLUT,COL-FG-RND-6-108-FLUT-V1,exterior_columns,fiberglass_column,round,round_column,"Fiberglass Round Column 6"" Dia x 108"" Fluted",,,Allowed,,,,,,,108,6,,,EA,EA,,,,,,,,,,,,,,,,HB&G,,,,White Primed,,,,,,,,,,,,,,column|exterior|fiberglass|round|fluted|load_bearing,,N,style|load_rating|wrap_or_structural,,,,,,,ORDER,10,,"Load-bearing, includes capital and base"
COL-FG-RND-8-96-PLAI,COL-FG-RND-8-96-PLAI-V1,exterior_columns,fiberglass_column,round,round_column,"Fiberglass Round Column 8"" Dia x 96"" Plain",,,Allowed,,,,,,,96,8,,,EA,EA,,,,,,,,,,,,,,,,HB&G,,,,White Primed,,,,,,,,,,,,,,column|exterior|fiberglass|round|plain|load_bearing,,N,style|load_rating|wrap_or_structural,,,,,,,ORDER,10,,"Load-bearing, includes capital and base"
COL-FG-RND-8-96-FLUT,COL-FG-RND-8-96-FLUT-V1,exterior_columns,fiberglass_column,round,round_column,"Fiberglass Round Column 8"" Dia x 96"" Fluted",,,Allowed,,,,,,,96,8,,,EA,EA,,,,,,,,,,,,,,,,HB&G,,,,White Primed,,,,,,,,,,,,,,column|exterior|fiberglass|round|fluted|load_bearing,,N,style|load_rating|wrap_or_structural,,,,,,,ORDER,10,,"Load-bearing, includes capital and base"
COL-FG-RND-8-108-PLAI,COL-FG-RND-8-108-PLAI-V1,exterior_columns,fiberglass_column,round,round_column,"Fiberglass Round Column 8"" Dia x 108"" Plain",,,Allowed,,,,,,,108,8,,,EA,EA,,,,,,,,,,,,,,,,HB&G,,,,White Primed,,,,,,,,,,,,,,column|exterior|fiberglass|round|plain|load_bearing,,N,style|load_rating|wrap_or_structural,,,,,,,ORDER,10,,"Load-bearing, includes capital and base"
COL-FG-RND-8-108-FLUT,COL-FG-RND-8-108-FLUT-V1,exterior_columns,fiberglass_column,round,round_column,"Fiberglass Round Column 8"" Dia x 108"" Fluted",,,Allowed,,,,,,,108,8,,,EA,EA,,,,,,,,,,,,,,,,HB&G,,,,White Primed,,,,,,,,,,,,,,column|exterior|fiberglass|round|fluted|load_bearing,,N,style|load_rating|wrap_or_structural,,,,,,,ORDER,10,,"Load-bearing, includes capital and base"
COL-FG-RND-8-120-PLAI,COL-FG-RND-8-120-PLAI-V1,exterior_columns,fiberglass_column,round,round_column,"Fiberglass Round Column 8"" Dia x 120"" Plain",,,Allowed,,,,,,,120,8,,,EA,EA,,,,,,,,,,,,,,,,HB&G,,,,White Primed,,,,,,,,,,,,,,column|exterior|fiberglass|round|plain|load_bearing,,N,style|load_rating|wrap_or_structural,,,,,,,ORDER,10,,"Load-bearing, includes capital and base"
COL-FG-RND-8-120-FLUT,COL-FG-RND-8-120-FLUT-V1,exterior_columns,fiberglass_column,round,round_column,"Fiberglass Round Column 8"" Dia x 120"" Fluted",,,Allowed,,,,,,,120,8,,,EA,EA,,,,,,,,,,,,,,,,HB&G,,,,White Primed,,,,,,,,,,,,,,column|exterior|fiberglass|round|fluted|load_bearing,,N,style|load_rating|wrap_or_structural,,,,,,,ORDER,10,,"Load-bearing, includes capital and base"
COL-FG-RND-10-96-PLAI,COL-FG-RND-10-96-PLAI-V1,exterior_columns,fiberglass_column,round,round_column,"Fiberglass Round Column 10"" Dia x 96"" Plain",,,Allowed,,,,,,,96,10,,,EA,EA,,,,,,,,,,,,,,,,HB&G,,,,White Primed,,,,,,,,,,,,,,column|exterior|fiberglass|round|plain|load_bearing,,N,style|load_rating|wrap_or_structural,,,,,,,ORDER,10,,"Load-bearing, includes capital and base"
COL-FG-RND-10-96-FLUT,COL-FG-RND-10-96-FLUT-V1,exterior_columns,fiberglass_column,round,round_column,"Fiberglass Round Column 10"" Dia x 96"" Fluted",,,Allowed,,,,,,,96,10,,,EA,EA,,,,,,,,,,,,,,,,HB&G,,,,White Primed,,,,,,,,,,,,,,column|exterior|fiberglass|round|fluted|load_bearing,,N,style|load_rating|wrap_or_structural,,,,,,,ORDER,10,,"Load-bearing, includes capital and base"
COL-FG-RND-10-108-PLAI,COL-FG-RND-10-108-PLAI-V1,exterior_columns,fiberglass_column,round,round_column,"Fiberglass Round Column 10"" Dia x 108"" Plain",,,Allowed,,,,,,,108,10,,,EA,EA,,,,,,,,,,,,,,,,HB&G,,,,White Primed,,,,,,,,,,,,,,column|exterior|fiberglass|round|plain|load_bearing,,N,style|load_rating|wrap_or_structural,,,,,,,ORDER,10,,"Load-bearing, includes capital and base"
COL-FG-RND-10-108-FLUT,COL-FG-RND-10-108-FLUT-V1,exterior_columns,fiberglass_column,round,round_column,"Fiberglass Round Column 10"" Dia x 108"" Fluted",,,Allowed,,,,,,,108,10,,,EA,EA,,,,,,,,,,,,,,,,HB&G,,,,White Primed,,,,,,,,,,,,,,column|exterior|fiberglass|round|fluted|load_bearing,,N,style|load_rating|wrap_or_structural,,,,,,,ORDER,10,,"Load-bearing, includes capital and base"
COL-FG-RND-10-120-PLAI,COL-FG-RND-10-120-PLAI-V1,exterior_columns,fiberglass_column,round,round_column,"Fiberglass Round Column 10"" Dia x 120"" Plain",,,Allowed,,,,,,,120,10,,,EA,EA,,,,,,,,,,,,,,,,HB&G,,,,White Primed,,,,,,,,,,,,,,column|exterior|fiberglass|round|plain|load_bearing,,N,style|load_rating|wrap_or_structural,,,,,,,ORDER,10,,"Load-bearing, includes capital and base"
COL-FG-RND-10-120-FLUT,COL-FG-RND-10-120-FLUT-V1,exterior_columns,fiberglass_column,round,round_column,"Fiberglass Round Column 10"" Dia x 120"" Fluted",,,Allowed,,,,,,,120,10,,,EA,EA,,,,,,,,,,,,,,,,HB&G,,,,White Primed,,,,,,,,,,,,,,column|exterior|fiberglass|round|fluted|load_bearing,,N,style|load_rating|wrap_or_structural,,,,,,,ORDER,10,,"Load-bearing, includes capital and base"
COL-FG-RND-12-108-PLAI,COL-FG-RND-12-108-PLAI-V1,exterior_columns,fiberglass_column,round,round_column,"Fiberglass Round Column 12"" Dia x 108"" Plain",,,Allowed,,,,,,,108,12,,,EA,EA,,,,,,,,,,,,,,,,HB&G,,,,White Primed,,,,,,,,,,,,,,column|exterior|fiberglass|round|plain|load_bearing,,N,style|load_rating|wrap_or_structural,,,,,,,ORDER,10,,"Load-bearing, includes capital and base"
COL-FG-RND-12-108-FLUT,COL-FG-RND-12-108-FLUT-V1,exterior_columns,fiberglass_column,round,round_column,"Fiberglass Round Column 12"" Dia x 108"" Fluted",,,Allowed,,,,,,,108,12,,,EA,EA,,,,,,,,,,,,,,,,HB&G,,,,White Primed,,,,,,,,,,,,,,column|exterior|fiberglass|round|fluted|load_bearing,,N,style|load_rating|wrap_or_structural,,,,,,,ORDER,10,,"Load-bearing, includes capital and base"
COL-FG-RND-12-120-PLAI,COL-FG-RND-12-120-PLAI-V1,exterior_columns,fiberglass_column,round,round_column,"Fiberglass Round Column 12"" Dia x 120"" Plain",,,Allowed,,,,,,,120,12,,,EA,EA,,,,,,,,,,,,,,,,HB&G,,,,White Primed,,,,,,,,,,,,,,column|exterior|fiberglass|round|plain|load_bearing,,N,style|load_rating|wrap_or_structural,,,,,,,ORDER,10,,"Load-bearing, includes capital and base"
COL-FG-RND-12-120-FLUT,COL-FG-RND-12-120-FLUT-V1,exterior_columns,fiberglass_column,round,round_column,"Fiberglass Round Column 12"" Dia x 120"" Fluted",,,Allowed,,,,,,,120,12,,,EA,EA,,,,,,,,,,,,,,,,HB&G,,,,White Primed,,,,,,,,,,,,,,column|exterior|fiberglass|round|fluted|load_bearing,,N,style|load_rating|wrap_or_structural,,,,,,,ORDER,10,,"Load-bearing, includes capital and base"
COL-ACC-CAP-SQ-6,COL-ACC-CAP-SQ-6-V1,exterior_columns,column_accessories,cap,column_cap,"PVC Column Cap 6"" Square",,,Allowed,,,,,6,6,,,,,EA,EA,,,,,,,,,,,,,,,,Royal,,,,White,,,,,,,,,,,,,,column|cap|pvc|accessory,,N,style|load_rating|wrap_or_structural,,,,,,,STOCK,,,
COL-ACC-BASE-SQ-6,COL-ACC-BASE-SQ-6-V1,exterior_columns,column_accessories,base,column_base,"PVC Column Base 6"" Square",,,Allowed,,,,,6,6,,,,,EA,EA,,,,,,,,,,,,,,,,Royal,,,,White,,,,,,,,,,,,,,column|base|pvc|accessory,,N,style|load_rating|wrap_or_structural,,,,,,,STOCK,,,
COL-ACC-CAP-SQ-8,COL-ACC-CAP-SQ-8-V1,exterior_columns,column_accessories,cap,column_cap,"PVC Column Cap 8"" Square",,,Allowed,,,,,8,8,,,,,EA,EA,,,,,,,,,,,,,,,,Royal,,,,White,,,,,,,,,,,,,,column|cap|pvc|accessory,,N,style|load_rating|wrap_or_structural,,,,,,,STOCK,,,
COL-ACC-BASE-SQ-8,COL-ACC-BASE-SQ-8-V1,exterior_columns,column_accessories,base,column_base,"PVC Column Base 8"" Square",,,Allowed,,,,,8,8,,,,,EA,EA,,,,,,,,,,,,,,,,Royal,,,,White,,,,,,,,,,,,,,column|base|pvc|accessory,,N,style|load_rating|wrap_or_structural,,,,,,,STOCK,,,
COL-ACC-CAP-SQ-10,COL-ACC-CAP-SQ-10-V1,exterior_columns,column_accessories,cap,column_cap,"PVC Column Cap 10"" Square",,,Allowed,,,,,10,10,,,,,EA,EA,,,,,,,,,,,,,,,,Royal,,,,White,,,,,,,,,,,,,,column|cap|pvc|accessory,,N,style|load_rating|wrap_or_structural,,,,,,,STOCK,,,
COL-ACC-BASE-SQ-10,COL-ACC-BASE-SQ-10-V1,exterior_columns,column_accessories,base,column_base,"PVC Column Base 10"" Square",,,Allowed,,,,,10,10,,,,,EA,EA,,,,,,,,,,,,,,,,Royal,,,,White,,,,,,,,,,,,,,column|base|pvc|accessory,,N,style|load_rating|wrap_or_structural,,,,,,,STOCK,,,
COL-ACC-CAP-SQ-12,COL-ACC-CAP-SQ-12-V1,exterior_columns,column_accessories,cap,column_cap,"PVC Column Cap 12"" Square",,,Allowed,,,,,12,12,,,,,EA,EA,,,,,,,,,,,,,,,,Royal,,,,White,,,,,,,,,,,,,,column|cap|pvc|accessory,,N,style|load_rating|wrap_or_structural,,,,,,,STOCK,,,
COL-ACC-BASE-SQ-12,COL-ACC-BASE-SQ-12-V1,exterior_columns,column_accessories,base,column_base,"PVC Column Base 12"" Square",,,Allowed,,,,,12,12,,,,,EA,EA,,,,,,,,,,,,,,,,Royal,,,,White,,,,,,,,,,,,,,column|base|pvc|accessory,,N,style|load_rating|wrap_or_structural,,,,,,,STOCK,,,
ROOF-GAF-THDZ-CHARCOAL,ROOF-GAF-THDZ-CHARCOAL-V1,roofing,shingles,architectural,asphalt_shingle,GAF Timberline HDZ Charcoal,,,NotAllowed,,,,,,,,,,,SQ,BDL,,,,33.3,,,,,,,,,,,,GAF,Timberline HDZ,,,Charcoal,,,,,,,,,,,,,,roofing|shingle|architectural|laminated|130mph,R905.2,N,,,,,,,,STOCK,,,"Lifetime warranty, 130 mph wind rating, StainGuard Plus"
ROOF-GAF-THDZ-WEATHERED-WOOD,ROOF-GAF-THDZ-WEATHERED-WOOD-V1,roofing,shingles,architectural,asphalt_shingle,GAF Timberline HDZ Weathered Wood,,,NotAllowed,,,,,,,,,,,SQ,BDL,,,,33.3,,,,,,,,,,,,GAF,Timberline HDZ,,,Weathered Wood,,,,,,,,,,,,,,roofing|shingle|architectural|laminated|130mph,R905.2,N,,,,,,,,STOCK,,,"Lifetime warranty, 130 mph wind rating, StainGuard Plus"
ROOF-GAF-THDZ-SHAKEWOOD,ROOF-GAF-THDZ-SHAKEWOOD-V1,roofing,shingles,architectural,asphalt_shingle,GAF Timberline HDZ Shakewood,,,NotAllowed,,,,,,,,,,,SQ,BDL,,,,33.3,,,,,,,,,,,,GAF,Timberline HDZ,,,Shakewood,,,,,,,,,,,,,,roofing|shingle|architectural|laminated|130mph,R905.2,N,,,,,,,,STOCK,,,"Lifetime warranty, 130 mph wind rating, StainGuard Plus"
ROOF-GAF-THDZ-SLATE,ROOF-GAF-THDZ-SLATE-V1,roofing,shingles,architectural,asphalt_shingle,GAF Timberline HDZ Slate,,,NotAllowed,,,,,,,,,,,SQ,BDL,,,,33.3,,,,,,,,,,,,GAF,Timberline HDZ,,,Slate,,,,,,,,,,,,,,roofing|shingle|architectural|laminated|130mph,R905.2,N,,,,,,,,STOCK,,,"Lifetime warranty, 130 mph wind rating, StainGuard Plus"
ROOF-GAF-THDZ-BARKWOOD,ROOF-GAF-THDZ-BARKWOOD-V1,roofing,shingles,architectural,asphalt_shingle,GAF Timberline HDZ Barkwood,,,NotAllowed,,,,,,,,,,,SQ,BDL,,,,33.3,,,,,,,,,,,,GAF,Timberline HDZ,,,Barkwood,,,,,,,,,,,,,,roofing|shingle|architectural|laminated|130mph,R905.2,N,,,,,,,,STOCK,,,"Lifetime warranty, 130 mph wind rating, StainGuard Plus"
ROOF-GAF-THDZ-PEWTER-GRAY,ROOF-GAF-THDZ-PEWTER-GRAY-V1,roofing,shingles,architectural,asphalt_shingle,GAF Timberline HDZ Pewter Gray,,,NotAllowed,,,,,,,,,,,SQ,BDL,,,,33.3,,,,,,,,,,,,GAF,Timberline HDZ,,,Pewter Gray,,,,,,,,,,,,,,roofing|shingle|architectural|laminated|130mph,R905.2,N,,,,,,,,STOCK,,,"Lifetime warranty, 130 mph wind rating, StainGuard Plus"
ROOF-GAF-THDZ-HICKORY,ROOF-GAF-THDZ-HICKORY-V1,roofing,shingles,architectural,asphalt_shingle,GAF Timberline HDZ Hickory,,,NotAllowed,,,,,,,,,,,SQ,BDL,,,,33.3,,,,,,,,,,,,GAF,Timberline HDZ,,,Hickory,,,,,,,,,,,,,,roofing|shingle|architectural|laminated|130mph,R905.2,N,,,,,,,,STOCK,,,"Lifetime warranty, 130 mph wind rating, StainGuard Plus"
ROOF-GAF-THDZ-MISSION-BROWN,ROOF-GAF-THDZ-MISSION-BROWN-V1,roofing,shingles,architectural,asphalt_shingle,GAF Timberline HDZ Mission Brown,,,NotAllowed,,,,,,,,,,,SQ,BDL,,,,33.3,,,,,,,,,,,,GAF,Timberline HDZ,,,Mission Brown,,,,,,,,,,,,,,roofing|shingle|architectural|laminated|130mph,R905.2,N,,,,,,,,STOCK,,,"Lifetime warranty, 130 mph wind rating, StainGuard Plus"
ROOF-GAF-THDZ-PATRIOT-RED,ROOF-GAF-THDZ-PATRIOT-RED-V1,roofing,shingles,architectural,asphalt_shingle,GAF Timberline HDZ Patriot Red,,,NotAllowed,,,,,,,,,,,SQ,BDL,,,,33.3,,,,,,,,,,,,GAF,Timberline HDZ,,,Patriot Red,,,,,,,,,,,,,,roofing|shingle|architectural|laminated|130mph,R905.2,N,,,,,,,,STOCK,,,"Lifetime warranty, 130 mph wind rating, StainGuard Plus"
ROOF-GAF-THDZ-HUNTER-GREEN,ROOF-GAF-THDZ-HUNTER-GREEN-V1,roofing,shingles,architectural,asphalt_shingle,GAF Timberline HDZ Hunter Green,,,NotAllowed,,,,,,,,,,,SQ,BDL,,,,33.3,,,,,,,,,,,,GAF,Timberline HDZ,,,Hunter Green,,,,,,,,,,,,,,roofing|shingle|architectural|laminated|130mph,R905.2,N,,,,,,,,STOCK,,,"Lifetime warranty, 130 mph wind rating, StainGuard Plus"
ROOF-OC-DUR-ONYX-BLACK,ROOF-OC-DUR-ONYX-BLACK-V1,roofing,shingles,architectural,asphalt_shingle,Owens Corning Duration Onyx Black,,,NotAllowed,,,,,,,,,,,SQ,BDL,,,,33.3,,,,,,,,,,,,Owens Corning,Duration,,,Onyx Black,,,,,,,,,,,,,,roofing|shingle|architectural|surenail|130mph,R905.2,N,,,,,,,,STOCK,,,"Limited lifetime warranty, SureNail Technology"
ROOF-OC-DUR-ESTATE-GRAY,ROOF-OC-DUR-ESTATE-GRAY-V1,roofing,shingles,architectural,asphalt_shingle,Owens Corning Duration Estate Gray,,,NotAllowed,,,,,,,,,,,SQ,BDL,,,,33.3,,,,,,,,,,,,Owens Corning,Duration,,,Estate Gray,,,,,,,,,,,,,,roofing|shingle|architectural|surenail|130mph,R905.2,N,,,,,,,,STOCK,,,"Limited lifetime warranty, SureNail Technology"
ROOF-OC-DUR-DRIFTWOOD,ROOF-OC-DUR-DRIFTWOOD-V1,roofing,shingles,architectural,asphalt_shingle,Owens Corning Duration Driftwood,,,NotAllowed,,,,,,,,,,,SQ,BDL,,,,33.3,,,,,,,,,,,,Owens Corning,Duration,,,Driftwood,,,,,,,,,,,,,,roofing|shingle|architectural|surenail|130mph,R905.2,N,,,,,,,,STOCK,,,"Limited lifetime warranty, SureNail Technology"
ROOF-OC-DUR-BROWNWOOD,ROOF-OC-DUR-BROWNWOOD-V1,roofing,shingles,architectural,asphalt_shingle,Owens Corning Duration Brownwood,,,NotAllowed,,,,,,,,,,,SQ,BDL,,,,33.3,,,,,,,,,,,,Owens Corning,Duration,,,Brownwood,,,,,,,,,,,,,,roofing|shingle|architectural|surenail|130mph,R905.2,N,,,,,,,,STOCK,,,"Limited lifetime warranty, SureNail Technology"
ROOF-OC-DUR-DESERT-TAN,ROOF-OC-DUR-DESERT-TAN-V1,roofing,shingles,architectural,asphalt_shingle,Owens Corning Duration Desert Tan,,,NotAllowed,,,,,,,,,,,SQ,BDL,,,,33.3,,,,,,,,,,,,Owens Corning,Duration,,,Desert Tan,,,,,,,,,,,,,,roofing|shingle|architectural|surenail|130mph,R905.2,N,,,,,,,,STOCK,,,"Limited lifetime warranty, SureNail Technology"
ROOF-OC-DUR-COLONIAL-SLATE,ROOF-OC-DUR-COLONIAL-SLATE-V1,roofing,shingles,architectural,asphalt_shingle,Owens Corning Duration Colonial Slate,,,NotAllowed,,,,,,,,,,,SQ,BDL,,,,33.3,,,,,,,,,,,,Owens Corning,Duration,,,Colonial Slate,,,,,,,,,,,,,,roofing|shingle|architectural|surenail|130mph,R905.2,N,,,,,,,,STOCK,,,"Limited lifetime warranty, SureNail Technology"
ROOF-OC-DUR-TEAK,ROOF-OC-DUR-TEAK-V1,roofing,shingles,architectural,asphalt_shingle,Owens Corning Duration Teak,,,NotAllowed,,,,,,,,,,,SQ,BDL,,,,33.3,,,,,,,,,,,,Owens Corning,Duration,,,Teak,,,,,,,,,,,,,,roofing|shingle|architectural|surenail|130mph,R905.2,N,,,,,,,,STOCK,,,"Limited lifetime warranty, SureNail Technology"
ROOF-OC-DUR-AMBER,ROOF-OC-DUR-AMBER-V1,roofing,shingles,architectural,asphalt_shingle,Owens Corning Duration Amber,,,NotAllowed,,,,,,,,,,,SQ,BDL,,,,33.3,,,,,,,,,,,,Owens Corning,Duration,,,Amber,,,,,,,,,,,,,,roofing|shingle|architectural|surenail|130mph,R905.2,N,,,,,,,,STOCK,,,"Limited lifetime warranty, SureNail Technology"
ROOF-OC-DUR-HARBOR-BLUE,ROOF-OC-DUR-HARBOR-BLUE-V1,roofing,shingles,architectural,asphalt_shingle,Owens Corning Duration Harbor Blue,,,NotAllowed,,,,,,,,,,,SQ,BDL,,,,33.3,,,,,,,,,,,,Owens Corning,Duration,,,Harbor Blue,,,,,,,,,,,,,,roofing|shingle|architectural|surenail|130mph,R905.2,N,,,,,,,,STOCK,,,"Limited lifetime warranty, SureNail Technology"
ROOF-OC-DUR-CHATEAU-GREEN,ROOF-OC-DUR-CHATEAU-GREEN-V1,roofing,shingles,architectural,asphalt_shingle,Owens Corning Duration Chateau Green,,,NotAllowed,,,,,,,,,,,SQ,BDL,,,,33.3,,,,,,,,,,,,Owens Corning,Duration,,,Chateau Green,,,,,,,,,,,,,,roofing|shingle|architectural|surenail|130mph,R905.2,N,,,,,,,,STOCK,,,"Limited lifetime warranty, SureNail Technology"
ROOF-CT-LAND-MOIRE-BLACK,ROOF-CT-LAND-MOIRE-BLACK-V1,roofing,shingles,architectural,asphalt_shingle,CertainTeed Landmark Moire Black,,,NotAllowed,,,,,,,,,,,SQ,BDL,,,,33.3,,,,,,,,,,,,CertainTeed,Landmark,,,Moire Black,,,,,,,,,,,,,,roofing|shingle|architectural|laminated|110mph,R905.2,N,,,,,,,,ORDER,3,,"Limited lifetime warranty, NailTrack system"
ROOF-CT-LAND-WEATHERED-WOOD,ROOF-CT-LAND-WEATHERED-WOOD-V1,roofing,shingles,architectural,asphalt_shingle,CertainTeed Landmark Weathered Wood,,,NotAllowed,,,,,,,,,,,SQ,BDL,,,,33.3,,,,,,,,,,,,CertainTeed,Landmark,,,Weathered Wood,,,,,,,,,,,,,,roofing|shingle|architectural|laminated|110mph,R905.2,N,,,,,,,,ORDER,3,,"Limited lifetime warranty, NailTrack system"
ROOF-CT-LAND-DRIFTWOOD,ROOF-CT-LAND-DRIFTWOOD-V1,roofing,shingles,architectural,asphalt_shingle,CertainTeed Landmark Driftwood,,,NotAllowed,,,,,,,,,,,SQ,BDL,,,,33.3,,,,,,,,,,,,CertainTeed,Landmark,,,Driftwood,,,,,,,,,,,,,,roofing|shingle|architectural|laminated|110mph,R905.2,N,,,,,,,,ORDER,3,,"Limited lifetime warranty, NailTrack system"
ROOF-CT-LAND-GEORGETOWN-GRAY,ROOF-CT-LAND-GEORGETOWN-GRAY-V1,roofing,shingles,architectural,asphalt_shingle,CertainTeed Landmark Georgetown Gray,,,NotAllowed,,,,,,,,,,,SQ,BDL,,,,33.3,,,,,,,,,,,,CertainTeed,Landmark,,,Georgetown Gray,,,,,,,,,,,,,,roofing|shingle|architectural|laminated|110mph,R905.2,N,,,,,,,,ORDER,3,,"Limited lifetime warranty, NailTrack system"
ROOF-CT-LAND-HEATHER-BLEND,ROOF-CT-LAND-HEATHER-BLEND-V1,roofing,shingles,architectural,asphalt_shingle,CertainTeed Landmark Heather Blend,,,NotAllowed,,,,,,,,,,,SQ,BDL,,,,33.3,,,,,,,,,,,,CertainTeed,Landmark,,,Heather Blend,,,,,,,,,,,,,,roofing|shingle|architectural|laminated|110mph,R905.2,N,,,,,,,,ORDER,3,,"Limited lifetime warranty, NailTrack system"
ROOF-CT-LAND-BURNT-SIENNA,ROOF-CT-LAND-BURNT-SIENNA-V1,roofing,shingles,architectural,asphalt_shingle,CertainTeed Landmark Burnt Sienna,,,NotAllowed,,,,,,,,,,,SQ,BDL,,,,33.3,,,,,,,,,,,,CertainTeed,Landmark,,,Burnt Sienna,,,,,,,,,,,,,,roofing|shingle|architectural|laminated|110mph,R905.2,N,,,,,,,,ORDER,3,,"Limited lifetime warranty, NailTrack system"
ROOF-CT-LAND-COLONIAL-SLATE,ROOF-CT-LAND-COLONIAL-SLATE-V1,roofing,shingles,architectural,asphalt_shingle,CertainTeed Landmark Colonial Slate,,,NotAllowed,,,,,,,,,,,SQ,BDL,,,,33.3,,,,,,,,,,,,CertainTeed,Landmark,,,Colonial Slate,,,,,,,,,,,,,,roofing|shingle|architectural|laminated|110mph,R905.2,N,,,,,,,,ORDER,3,,"Limited lifetime warranty, NailTrack system"
ROOF-CT-LAND-RESAWN-SHAKE,ROOF-CT-LAND-RESAWN-SHAKE-V1,roofing,shingles,architectural,asphalt_shingle,CertainTeed Landmark Resawn Shake,,,NotAllowed,,,,,,,,,,,SQ,BDL,,,,33.3,,,,,,,,,,,,CertainTeed,Landmark,,,Resawn Shake,,,,,,,,,,,,,,roofing|shingle|architectural|laminated|110mph,R905.2,N,,,,,,,,ORDER,3,,"Limited lifetime warranty, NailTrack system"
ROOF-CT-LAND-HUNTER-GREEN,ROOF-CT-LAND-HUNTER-GREEN-V1,roofing,shingles,architectural,asphalt_shingle,CertainTeed Landmark Hunter Green,,,NotAllowed,,,,,,,,,,,SQ,BDL,,,,33.3,,,,,,,,,,,,CertainTeed,Landmark,,,Hunter Green,,,,,,,,,,,,,,roofing|shingle|architectural|laminated|110mph,R905.2,N,,,,,,,,ORDER,3,,"Limited lifetime warranty, NailTrack system"
ROOF-CT-LAND-MAX-DEF-PEWTER,ROOF-CT-LAND-MAX-DEF-PEWTER-V1,roofing,shingles,architectural,asphalt_shingle,CertainTeed Landmark Max Def Pewter,,,NotAllowed,,,,,,,,,,,SQ,BDL,,,,33.3,,,,,,,,,,,,CertainTeed,Landmark,,,Max Def Pewter,,,,,,,,,,,,,,roofing|shingle|architectural|laminated|110mph,R905.2,N,,,,,,,,ORDER,3,,"Limited lifetime warranty, NailTrack system"
ROOF-GA-3TAB-CHARCOAL,ROOF-GA-3TAB-CHARCOAL-V1,roofing,shingles,3_tab,asphalt_shingle,GAF Royal Sovereign 3-Tab Charcoal,,,NotAllowed,,,,,,,,,,,SQ,BDL,,,,33.3,,,,,,,,,,,,GAF,Royal Sovereign,,,Charcoal,,,,,,,,,,,,,,roofing|shingle|3tab|economy|60mph,R905.2,N,,,,,,,,STOCK,,,"25-year warranty, 60 mph wind rating"
ROOF-GA-3TAB-WEATHERED-GRAY,ROOF-GA-3TAB-WEATHERED-GRAY-V1,roofing,shingles,3_tab,asphalt_shingle,GAF Royal Sovereign 3-Tab Weathered Gray,,,NotAllowed,,,,,,,,,,,SQ,BDL,,,,33.3,,,,,,,,,,,,GAF,Royal Sovereign,,,Weathered Gray,,,,,,,,,,,,,,roofing|shingle|3tab|economy|60mph,R905.2,N,,,,,,,,STOCK,,,"25-year warranty, 60 mph wind rating"
ROOF-GA-3TAB-DRIFTWOOD,ROOF-GA-3TAB-DRIFTWOOD-V1,roofing,shingles,3_tab,asphalt_shingle,GAF Royal Sovereign 3-Tab Driftwood,,,NotAllowed,,,,,,,,,,,SQ,BDL,,,,33.3,,,,,,,,,,,,GAF,Royal Sovereign,,,Driftwood,,,,,,,,,,,,,,roofing|shingle|3tab|economy|60mph,R905.2,N,,,,,,,,STOCK,,,"25-year warranty, 60 mph wind rating"
ROOF-OW-3TAB-CHARCOAL,ROOF-OW-3TAB-CHARCOAL-V1,roofing,shingles,3_tab,asphalt_shingle,Owens Corning Supreme 3-Tab Charcoal,,,NotAllowed,,,,,,,,,,,SQ,BDL,,,,33.3,,,,,,,,,,,,Owens Corning,Supreme,,,Charcoal,,,,,,,,,,,,,,roofing|shingle|3tab|economy|60mph,R905.2,N,,,,,,,,STOCK,,,"25-year warranty, 60 mph wind rating"
ROOF-OW-3TAB-WEATHERED-GRAY,ROOF-OW-3TAB-WEATHERED-GRAY-V1,roofing,shingles,3_tab,asphalt_shingle,Owens Corning Supreme 3-Tab Weathered Gray,,,NotAllowed,,,,,,,,,,,SQ,BDL,,,,33.3,,,,,,,,,,,,Owens Corning,Supreme,,,Weathered Gray,,,,,,,,,,,,,,roofing|shingle|3tab|economy|60mph,R905.2,N,,,,,,,,STOCK,,,"25-year warranty, 60 mph wind rating"
ROOF-OW-3TAB-DRIFTWOOD,ROOF-OW-3TAB-DRIFTWOOD-V1,roofing,shingles,3_tab,asphalt_shingle,Owens Corning Supreme 3-Tab Driftwood,,,NotAllowed,,,,,,,,,,,SQ,BDL,,,,33.3,,,,,,,,,,,,Owens Corning,Supreme,,,Driftwood,,,,,,,,,,,,,,roofing|shingle|3tab|economy|60mph,R905.2,N,,,,,,,,STOCK,,,"25-year warranty, 60 mph wind rating"
ROOF-GA-STARTER,ROOF-GA-STARTER-V1,roofing,accessories,starter,starter_strip,GAF Starter Strip Shingles,,,EquivalentOnlySameSpec,,,,,,,,,,,LF,BDL,,,,120,,,,,,,,,,,,GAF,,,,,,,,,,,,,,,,,,roofing|starter|eave|rake,R905.2,N,,,,,,,,STOCK,,,
ROOF-OW-STARTER,ROOF-OW-STARTER-V1,roofing,accessories,starter,starter_strip,Owens Corning Starter Strip Shingles,,,EquivalentOnlySameSpec,,,,,,,,,,,LF,BDL,,,,120,,,,,,,,,,,,Owens Corning,,,,,,,,,,,,,,,,,,roofing|starter|eave|rake,R905.2,N,,,,,,,,STOCK,,,
ROOF-CE-STARTER,ROOF-CE-STARTER-V1,roofing,accessories,starter,starter_strip,CertainTeed Starter Strip Shingles,,,EquivalentOnlySameSpec,,,,,,,,,,,LF,BDL,,,,120,,,,,,,,,,,,CertainTeed,,,,,,,,,,,,,,,,,,roofing|starter|eave|rake,R905.2,N,,,,,,,,STOCK,,,
ROOF-GA-RIDGE-CHARCOAL,ROOF-GA-RIDGE-CHARCOAL-V1,roofing,accessories,hip_ridge,hip_ridge_cap,GAF Seal-A-Ridge Hip & Ridge Charcoal,,,EquivalentOnlySameSpec,,,,,,,,,,,LF,BDL,,,,20,,,,,,,,,,,,GAF,Seal-A-Ridge,,,Charcoal,,,,,,,,,,,,,,roofing|ridge|hip|cap,R905.2,N,,,,,,,,STOCK,,,
ROOF-GA-RIDGE-WEATHERED-WOOD,ROOF-GA-RIDGE-WEATHERED-WOOD-V1,roofing,accessories,hip_ridge,hip_ridge_cap,GAF Seal-A-Ridge Hip & Ridge Weathered Wood,,,EquivalentOnlySameSpec,,,,,,,,,,,LF,BDL,,,,20,,,,,,,,,,,,GAF,Seal-A-Ridge,,,Weathered Wood,,,,,,,,,,,,,,roofing|ridge|hip|cap,R905.2,N,,,,,,,,STOCK,,,
ROOF-GA-RIDGE-DRIFTWOOD,ROOF-GA-RIDGE-DRIFTWOOD-V1,roofing,accessories,hip_ridge,hip_ridge_cap,GAF Seal-A-Ridge Hip & Ridge Driftwood,,,EquivalentOnlySameSpec,,,,,,,,,,,LF,BDL,,,,20,,,,,,,,,,,,GAF,Seal-A-Ridge,,,Driftwood,,,,,,,,,,,,,,roofing|ridge|hip|cap,R905.2,N,,,,,,,,STOCK,,,
ROOF-OW-RIDGE-CHARCOAL,ROOF-OW-RIDGE-CHARCOAL-V1,roofing,accessories,hip_ridge,hip_ridge_cap,Owens Corning DecoRidge Hip & Ridge Charcoal,,,EquivalentOnlySameSpec,,,,,,,,,,,LF,BDL,,,,20,,,,,,,,,,,,Owens Corning,DecoRidge,,,Charcoal,,,,,,,,,,,,,,roofing|ridge|hip|cap,R905.2,N,,,,,,,,STOCK,,,
ROOF-OW-RIDGE-WEATHERED-WOOD,ROOF-OW-RIDGE-WEATHERED-WOOD-V1,roofing,accessories,hip_ridge,hip_ridge_cap,Owens Corning DecoRidge Hip & Ridge Weathered Wood,,,EquivalentOnlySameSpec,,,,,,,,,,,LF,BDL,,,,20,,,,,,,,,,,,Owens Corning,DecoRidge,,,Weathered Wood,,,,,,,,,,,,,,roofing|ridge|hip|cap,R905.2,N,,,,,,,,STOCK,,,
ROOF-OW-RIDGE-DRIFTWOOD,ROOF-OW-RIDGE-DRIFTWOOD-V1,roofing,accessories,hip_ridge,hip_ridge_cap,Owens Corning DecoRidge Hip & Ridge Driftwood,,,EquivalentOnlySameSpec,,,,,,,,,,,LF,BDL,,,,20,,,,,,,,,,,,Owens Corning,DecoRidge,,,Driftwood,,,,,,,,,,,,,,roofing|ridge|hip|cap,R905.2,N,,,,,,,,STOCK,,,
ROOF-VENT-RIDGE-4FT-BLACK,ROOF-VENT-RIDGE-4FT-BLACK-V1,roofing,ventilation,ridge_vent,roof_vent,Ridge Vent 4' Black,,,EquivalentOnlySameSpec,,,,,,,,,,,EA,EA,,,,,,,,,,,,,,,,,,,,Black,,,,,,,,,,,,,,roofing|ventilation|ridge_vent,R806,N,,,,,,,,STOCK,,,
ROOF-VENT-RIDGE-4FT-BROWN,ROOF-VENT-RIDGE-4FT-BROWN-V1,roofing,ventilation,ridge_vent,roof_vent,Ridge Vent 4' Brown,,,EquivalentOnlySameSpec,,,,,,,,,,,EA,EA,,,,,,,,,,,,,,,,,,,,Brown,,,,,,,,,,,,,,roofing|ventilation|ridge_vent,R806,N,,,,,,,,STOCK,,,
ROOF-VENT-RIDGE-4FT-GRAY,ROOF-VENT-RIDGE-4FT-GRAY-V1,roofing,ventilation,ridge_vent,roof_vent,Ridge Vent 4' Gray,,,EquivalentOnlySameSpec,,,,,,,,,,,EA,EA,,,,,,,,,,,,,,,,,,,,Gray,,,,,,,,,,,,,,roofing|ventilation|ridge_vent,R806,N,,,,,,,,STOCK,,,
ROOF-VENT-BOX-STATIC-BLACK,ROOF-VENT-BOX-STATIC-BLACK-V1,roofing,ventilation,static_vent,roof_vent,Box Vent Static 12x12 Black,,,EquivalentOnlySameSpec,,,,,,,,,,,EA,EA,,,,,,,,,,,,,,,,,,,,Black,,,,,,,,,,,,,,roofing|ventilation|static_vent,R806,N,,,,,,,,STOCK,,,
ROOF-VENT-BOX-STATIC-BROWN,ROOF-VENT-BOX-STATIC-BROWN-V1,roofing,ventilation,static_vent,roof_vent,Box Vent Static 12x12 Brown,,,EquivalentOnlySameSpec,,,,,,,,,,,EA,EA,,,,,,,,,,,,,,,,,,,,Brown,,,,,,,,,,,,,,roofing|ventilation|static_vent,R806,N,,,,,,,,STOCK,,,
ROOF-VENT-BOX-STATIC-GRAY,ROOF-VENT-BOX-STATIC-GRAY-V1,roofing,ventilation,static_vent,roof_vent,Box Vent Static 12x12 Gray,,,EquivalentOnlySameSpec,,,,,,,,,,,EA,EA,,,,,,,,,,,,,,,,,,,,Gray,,,,,,,,,,,,,,roofing|ventilation|static_vent,R806,N,,,,,,,,STOCK,,,
ROOF-VENT-TURBINE-12-BLACK,ROOF-VENT-TURBINE-12-BLACK-V1,roofing,ventilation,turbine_vent,roof_vent,"Turbine Vent 12"" Black",,,EquivalentOnlySameSpec,,,,,,,,,,,EA,EA,,,,,,,,,,,,,,,,,,,,Black,,,,,,,,,,,,,,roofing|ventilation|turbine_vent,R806,N,,,,,,,,STOCK,,,
ROOF-VENT-TURBINE-12-BROWN,ROOF-VENT-TURBINE-12-BROWN-V1,roofing,ventilation,turbine_vent,roof_vent,"Turbine Vent 12"" Brown",,,EquivalentOnlySameSpec,,,,,,,,,,,EA,EA,,,,,,,,,,,,,,,,,,,,Brown,,,,,,,,,,,,,,roofing|ventilation|turbine_vent,R806,N,,,,,,,,STOCK,,,
ROOF-VENT-TURBINE-12-GRAY,ROOF-VENT-TURBINE-12-GRAY-V1,roofing,ventilation,turbine_vent,roof_vent,"Turbine Vent 12"" Gray",,,EquivalentOnlySameSpec,,,,,,,,,,,EA,EA,,,,,,,,,,,,,,,,,,,,Gray,,,,,,,,,,,,,,roofing|ventilation|turbine_vent,R806,N,,,,,,,,STOCK,,,
ROOF-VENT-OFF-RIDGE-BLACK,ROOF-VENT-OFF-RIDGE-BLACK-V1,roofing,ventilation,off_ridge_vent,roof_vent,Off-Ridge Vent Black,,,EquivalentOnlySameSpec,,,,,,,,,,,EA,EA,,,,,,,,,,,,,,,,,,,,Black,,,,,,,,,,,,,,roofing|ventilation|off_ridge_vent,R806,N,,,,,,,,STOCK,,,
ROOF-VENT-OFF-RIDGE-BROWN,ROOF-VENT-OFF-RIDGE-BROWN-V1,roofing,ventilation,off_ridge_vent,roof_vent,Off-Ridge Vent Brown,,,EquivalentOnlySameSpec,,,,,,,,,,,EA,EA,,,,,,,,,,,,,,,,,,,,Brown,,,,,,,,,,,,,,roofing|ventilation|off_ridge_vent,R806,N,,,,,,,,STOCK,,,
ROOF-VENT-OFF-RIDGE-GRAY,ROOF-VENT-OFF-RIDGE-GRAY-V1,roofing,ventilation,off_ridge_vent,roof_vent,Off-Ridge Vent Gray,,,EquivalentOnlySameSpec,,,,,,,,,,,EA,EA,,,,,,,,,,,,,,,,,,,,Gray,,,,,,,,,,,,,,roofing|ventilation|off_ridge_vent,R806,N,,,,,,,,STOCK,,,
ROOF-DRIP-15-WHITE-10,ROOF-DRIP-15-WHITE-10-V1,roofing,flashing,drip_edge,drip_edge,"Drip Edge 1.5""x2"" White 10'",,,EquivalentOnlySameSpec,,,,,1.5,,120,,,,LF,EA,10,,,,,,,,,,,,,,,,,,,White,,,,,,,,,,,,,,roofing|drip_edge|eave|rake,R905.2.8.5,N,,,,,,,,STOCK,,,
ROOF-DRIP-15-BROWN-10,ROOF-DRIP-15-BROWN-10-V1,roofing,flashing,drip_edge,drip_edge,"Drip Edge 1.5""x2"" Brown 10'",,,EquivalentOnlySameSpec,,,,,1.5,,120,,,,LF,EA,10,,,,,,,,,,,,,,,,,,,Brown,,,,,,,,,,,,,,roofing|drip_edge|eave|rake,R905.2.8.5,N,,,,,,,,STOCK,,,
ROOF-DRIP-15-BLACK-10,ROOF-DRIP-15-BLACK-10-V1,roofing,flashing,drip_edge,drip_edge,"Drip Edge 1.5""x2"" Black 10'",,,EquivalentOnlySameSpec,,,,,1.5,,120,,,,LF,EA,10,,,,,,,,,,,,,,,,,,,Black,,,,,,,,,,,,,,roofing|drip_edge|eave|rake,R905.2.8.5,N,,,,,,,,STOCK,,,
ROOF-DRIP-2-WHITE-10,ROOF-DRIP-2-WHITE-10-V1,roofing,flashing,drip_edge,drip_edge,"Drip Edge 2""x2"" White 10'",,,EquivalentOnlySameSpec,,,,,2,,120,,,,LF,EA,10,,,,,,,,,,,,,,,,,,,White,,,,,,,,,,,,,,roofing|drip_edge|eave|rake,R905.2.8.5,N,,,,,,,,STOCK,,,
ROOF-DRIP-2-BROWN-10,ROOF-DRIP-2-BROWN-10-V1,roofing,flashing,drip_edge,drip_edge,"Drip Edge 2""x2"" Brown 10'",,,EquivalentOnlySameSpec,,,,,2,,120,,,,LF,EA,10,,,,,,,,,,,,,,,,,,,Brown,,,,,,,,,,,,,,roofing|drip_edge|eave|rake,R905.2.8.5,N,,,,,,,,STOCK,,,
ROOF-DRIP-2-BLACK-10,ROOF-DRIP-2-BLACK-10-V1,roofing,flashing,drip_edge,drip_edge,"Drip Edge 2""x2"" Black 10'",,,EquivalentOnlySameSpec,,,,,2,,120,,,,LF,EA,10,,,,,,,,,,,,,,,,,,,Black,,,,,,,,,,,,,,roofing|drip_edge|eave|rake,R905.2.8.5,N,,,,,,,,STOCK,,,
ROOF-DRIP-25-WHITE-10,ROOF-DRIP-25-WHITE-10-V1,roofing,flashing,drip_edge,drip_edge,"Drip Edge 2.5""x2"" White 10'",,,EquivalentOnlySameSpec,,,,,2.5,,120,,,,LF,EA,10,,,,,,,,,,,,,,,,,,,White,,,,,,,,,,,,,,roofing|drip_edge|eave|rake,R905.2.8.5,N,,,,,,,,STOCK,,,
ROOF-DRIP-25-BROWN-10,ROOF-DRIP-25-BROWN-10-V1,roofing,flashing,drip_edge,drip_edge,"Drip Edge 2.5""x2"" Brown 10'",,,EquivalentOnlySameSpec,,,,,2.5,,120,,,,LF,EA,10,,,,,,,,,,,,,,,,,,,Brown,,,,,,,,,,,,,,roofing|drip_edge|eave|rake,R905.2.8.5,N,,,,,,,,STOCK,,,
ROOF-DRIP-25-BLACK-10,ROOF-DRIP-25-BLACK-10-V1,roofing,flashing,drip_edge,drip_edge,"Drip Edge 2.5""x2"" Black 10'",,,EquivalentOnlySameSpec,,,,,2.5,,120,,,,LF,EA,10,,,,,,,,,,,,,,,,,,,Black,,,,,,,,,,,,,,roofing|drip_edge|eave|rake,R905.2.8.5,N,,,,,,,,STOCK,,,
SIDING-LPSS-LAP-7-16-SG-12,SIDING-LPSS-LAP-7-16-SG-12-V1,siding,lp_smartside,lap_siding,lap_siding,"LP SmartSide Lap 7.0625"" Strandgrain Primed 12'",,,EquivalentOnlySameSpec,,,,0.4375,7.0625,,144,,,,LF,EA,12,,,7.1,,,,,,,,,,,,LP,SmartSide,,,Primed,,,,,,,,,,,,,,siding|lap|engineered_wood|treated,R703.3,N,,,,,,,,STOCK,,,Cedar texture
SIDING-LPSS-LAP-7-16-SM-12,SIDING-LPSS-LAP-7-16-SM-12-V1,siding,lp_smartside,lap_siding,lap_siding,"LP SmartSide Lap 7.0625"" Smooth Primed 12'",,,EquivalentOnlySameSpec,,,,0.4375,7.0625,,144,,,,LF,EA,12,,,7.1,,,,,,,,,,,,LP,SmartSide,,,Primed,,,,,,,,,,,,,,siding|lap|engineered_wood|treated,R703.3,N,,,,,,,,STOCK,,,Smooth finish
SIDING-LPSS-LAP-7-16-SG-16,SIDING-LPSS-LAP-7-16-SG-16-V1,siding,lp_smartside,lap_siding,lap_siding,"LP SmartSide Lap 7.0625"" Strandgrain Primed 16'",,,EquivalentOnlySameSpec,,,,0.4375,7.0625,,192,,,,LF,EA,16,,,9.4,,,,,,,,,,,,LP,SmartSide,,,Primed,,,,,,,,,,,,,,siding|lap|engineered_wood|treated,R703.3,N,,,,,,,,STOCK,,,Cedar texture
SIDING-LPSS-LAP-7-16-SM-16,SIDING-LPSS-LAP-7-16-SM-16-V1,siding,lp_smartside,lap_siding,lap_siding,"LP SmartSide Lap 7.0625"" Smooth Primed 16'",,,EquivalentOnlySameSpec,,,,0.4375,7.0625,,192,,,,LF,EA,16,,,9.4,,,,,,,,,,,,LP,SmartSide,,,Primed,,,,,,,,,,,,,,siding|lap|engineered_wood|treated,R703.3,N,,,,,,,,STOCK,,,Smooth finish
SIDING-LPSS-LAP-8-SG-12,SIDING-LPSS-LAP-8-SG-12-V1,siding,lp_smartside,lap_siding,lap_siding,"LP SmartSide Lap 8.0"" Strandgrain Primed 12'",,,EquivalentOnlySameSpec,,,,0.4375,8.0,,144,,,,LF,EA,12,,,8.0,,,,,,,,,,,,LP,SmartSide,,,Primed,,,,,,,,,,,,,,siding|lap|engineered_wood|treated,R703.3,N,,,,,,,,STOCK,,,Cedar texture
SIDING-LPSS-LAP-8-SM-12,SIDING-LPSS-LAP-8-SM-12-V1,siding,lp_smartside,lap_siding,lap_siding,"LP SmartSide Lap 8.0"" Smooth Primed 12'",,,EquivalentOnlySameSpec,,,,0.4375,8.0,,144,,,,LF,EA,12,,,8.0,,,,,,,,,,,,LP,SmartSide,,,Primed,,,,,,,,,,,,,,siding|lap|engineered_wood|treated,R703.3,N,,,,,,,,STOCK,,,Smooth finish
SIDING-LPSS-LAP-8-SG-16,SIDING-LPSS-LAP-8-SG-16-V1,siding,lp_smartside,lap_siding,lap_siding,"LP SmartSide Lap 8.0"" Strandgrain Primed 16'",,,EquivalentOnlySameSpec,,,,0.4375,8.0,,192,,,,LF,EA,16,,,10.7,,,,,,,,,,,,LP,SmartSide,,,Primed,,,,,,,,,,,,,,siding|lap|engineered_wood|treated,R703.3,N,,,,,,,,STOCK,,,Cedar texture
SIDING-LPSS-LAP-8-SM-16,SIDING-LPSS-LAP-8-SM-16-V1,siding,lp_smartside,lap_siding,lap_siding,"LP SmartSide Lap 8.0"" Smooth Primed 16'",,,EquivalentOnlySameSpec,,,,0.4375,8.0,,192,,,,LF,EA,16,,,10.7,,,,,,,,,,,,LP,SmartSide,,,Primed,,,,,,,,,,,,,,siding|lap|engineered_wood|treated,R703.3,N,,,,,,,,STOCK,,,Smooth finish
SIDING-LPSS-LAP-9-1-8-SG-12,SIDING-LPSS-LAP-9-1-8-SG-12-V1,siding,lp_smartside,lap_siding,lap_siding,"LP SmartSide Lap 9.125"" Strandgrain Primed 12'",,,EquivalentOnlySameSpec,,,,0.4375,9.125,,144,,,,LF,EA,12,,,9.1,,,,,,,,,,,,LP,SmartSide,,,Primed,,,,,,,,,,,,,,siding|lap|engineered_wood|treated,R703.3,N,,,,,,,,STOCK,,,Cedar texture
SIDING-LPSS-LAP-9-1-8-SM-12,SIDING-LPSS-LAP-9-1-8-SM-12-V1,siding,lp_smartside,lap_siding,lap_siding,"LP SmartSide Lap 9.125"" Smooth Primed 12'",,,EquivalentOnlySameSpec,,,,0.4375,9.125,,144,,,,LF,EA,12,,,9.1,,,,,,,,,,,,LP,SmartSide,,,Primed,,,,,,,,,,,,,,siding|lap|engineered_wood|treated,R703.3,N,,,,,,,,STOCK,,,Smooth finish
SIDING-LPSS-LAP-9-1-8-SG-16,SIDING-LPSS-LAP-9-1-8-SG-16-V1,siding,lp_smartside,lap_siding,lap_siding,"LP SmartSide Lap 9.125"" Strandgrain Primed 16'",,,EquivalentOnlySameSpec,,,,0.4375,9.125,,192,,,,LF,EA,16,,,12.2,,,,,,,,,,,,LP,SmartSide,,,Primed,,,,,,,,,,,,,,siding|lap|engineered_wood|treated,R703.3,N,,,,,,,,STOCK,,,Cedar texture
SIDING-LPSS-LAP-9-1-8-SM-16,SIDING-LPSS-LAP-9-1-8-SM-16-V1,siding,lp_smartside,lap_siding,lap_siding,"LP SmartSide Lap 9.125"" Smooth Primed 16'",,,EquivalentOnlySameSpec,,,,0.4375,9.125,,192,,,,LF,EA,16,,,12.2,,,,,,,,,,,,LP,SmartSide,,,Primed,,,,,,,,,,,,,,siding|lap|engineered_wood|treated,R703.3,N,,,,,,,,STOCK,,,Smooth finish
SIDING-LPSS-PAN-T111-8OC-48,SIDING-LPSS-PAN-T111-8OC-48-V1,siding,lp_smartside,panel_siding,panel_siding,"LP SmartSide Panel T1-11 8"" OC 4x8 Primed",,,EquivalentOnlySameSpec,,,,0.4375,,,,,,,SF,SHT,,,32,,,,,,,48,96,,,,,LP,SmartSide,,,Primed,,,,,,,,,,,,,,siding|panel|engineered_wood,R703.3,N,,,,,,,,STOCK,,,"8"" on-center grooves"
SIDING-LPSS-PAN-T111-8OC-49,SIDING-LPSS-PAN-T111-8OC-49-V1,siding,lp_smartside,panel_siding,panel_siding,"LP SmartSide Panel T1-11 8"" OC 4x9 Primed",,,EquivalentOnlySameSpec,,,,0.4375,,,,,,,SF,SHT,,,36,,,,,,,48,108,,,,,LP,SmartSide,,,Primed,,,,,,,,,,,,,,siding|panel|engineered_wood,R703.3,N,,,,,,,,STOCK,,,"8"" on-center grooves"
SIDING-LPSS-PAN-T111-4OC-48,SIDING-LPSS-PAN-T111-4OC-48-V1,siding,lp_smartside,panel_siding,panel_siding,"LP SmartSide Panel T1-11 4"" OC 4x8 Primed",,,EquivalentOnlySameSpec,,,,0.4375,,,,,,,SF,SHT,,,32,,,,,,,48,96,,,,,LP,SmartSide,,,Primed,,,,,,,,,,,,,,siding|panel|engineered_wood,R703.3,N,,,,,,,,STOCK,,,"4"" on-center grooves"
SIDING-LPSS-PAN-T111-4OC-49,SIDING-LPSS-PAN-T111-4OC-49-V1,siding,lp_smartside,panel_siding,panel_siding,"LP SmartSide Panel T1-11 4"" OC 4x9 Primed",,,EquivalentOnlySameSpec,,,,0.4375,,,,,,,SF,SHT,,,36,,,,,,,48,108,,,,,LP,SmartSide,,,Primed,,,,,,,,,,,,,,siding|panel|engineered_wood,R703.3,N,,,,,,,,STOCK,,,"4"" on-center grooves"
SIDING-LPSS-PAN-CEDAR-48,SIDING-LPSS-PAN-CEDAR-48-V1,siding,lp_smartside,panel_siding,panel_siding,LP SmartSide Panel Cedar Texture 4x8 Primed,,,EquivalentOnlySameSpec,,,,0.4375,,,,,,,SF,SHT,,,32,,,,,,,48,96,,,,,LP,SmartSide,,,Primed,,,,,,,,,,,,,,siding|panel|engineered_wood,R703.3,N,,,,,,,,STOCK,,,Cedar grain texture
SIDING-LPSS-PAN-CEDAR-49,SIDING-LPSS-PAN-CEDAR-49-V1,siding,lp_smartside,panel_siding,panel_siding,LP SmartSide Panel Cedar Texture 4x9 Primed,,,EquivalentOnlySameSpec,,,,0.4375,,,,,,,SF,SHT,,,36,,,,,,,48,108,,,,,LP,SmartSide,,,Primed,,,,,,,,,,,,,,siding|panel|engineered_wood,R703.3,N,,,,,,,,STOCK,,,Cedar grain texture
SIDING-LPSS-PAN-SMOOTH-48,SIDING-LPSS-PAN-SMOOTH-48-V1,siding,lp_smartside,panel_siding,panel_siding,LP SmartSide Panel Smooth 4x8 Primed,,,EquivalentOnlySameSpec,,,,0.4375,,,,,,,SF,SHT,,,32,,,,,,,48,96,,,,,LP,SmartSide,,,Primed,,,,,,,,,,,,,,siding|panel|engineered_wood,R703.3,N,,,,,,,,STOCK,,,Smooth finish
SIDING-LPSS-PAN-SMOOTH-49,SIDING-LPSS-PAN-SMOOTH-49-V1,siding,lp_smartside,panel_siding,panel_siding,LP SmartSide Panel Smooth 4x9 Primed,,,EquivalentOnlySameSpec,,,,0.4375,,,,,,,SF,SHT,,,36,,,,,,,48,108,,,,,LP,SmartSide,,,Primed,,,,,,,,,,,,,,siding|panel|engineered_wood,R703.3,N,,,,,,,,STOCK,,,Smooth finish
SIDING-LPSS-TRIM-1X4-12,SIDING-LPSS-TRIM-1X4-12-V1,siding,lp_smartside,trim,trim_board,LP SmartSide Trim 1x4 12' Primed,,,EquivalentOnlySameSpec,,,,0.75,3.5,,144,,1x4,0.75x3.5,LF,EA,12,,,,,,,,,,,,,,,LP,SmartSide Trim,,,Primed,,,,,,,,,,,,,,trim|fascia|corner|engineered_wood,R703.3,N,,,,,,,,STOCK,,,
SIDING-LPSS-TRIM-1X4-16,SIDING-LPSS-TRIM-1X4-16-V1,siding,lp_smartside,trim,trim_board,LP SmartSide Trim 1x4 16' Primed,,,EquivalentOnlySameSpec,,,,0.75,3.5,,192,,1x4,0.75x3.5,LF,EA,16,,,,,,,,,,,,,,,LP,SmartSide Trim,,,Primed,,,,,,,,,,,,,,trim|fascia|corner|engineered_wood,R703.3,N,,,,,,,,STOCK,,,
SIDING-LPSS-TRIM-1X6-12,SIDING-LPSS-TRIM-1X6-12-V1,siding,lp_smartside,trim,trim_board,LP SmartSide Trim 1x6 12' Primed,,,EquivalentOnlySameSpec,,,,0.75,5.5,,144,,1x6,0.75x5.5,LF,EA,12,,,,,,,,,,,,,,,LP,SmartSide Trim,,,Primed,,,,,,,,,,,,,,trim|fascia|corner|engineered_wood,R703.3,N,,,,,,,,STOCK,,,
SIDING-LPSS-TRIM-1X6-16,SIDING-LPSS-TRIM-1X6-16-V1,siding,lp_smartside,trim,trim_board,LP SmartSide Trim 1x6 16' Primed,,,EquivalentOnlySameSpec,,,,0.75,5.5,,192,,1x6,0.75x5.5,LF,EA,16,,,,,,,,,,,,,,,LP,SmartSide Trim,,,Primed,,,,,,,,,,,,,,trim|fascia|corner|engineered_wood,R703.3,N,,,,,,,,STOCK,,,
SIDING-LPSS-TRIM-1X8-12,SIDING-LPSS-TRIM-1X8-12-V1,siding,lp_smartside,trim,trim_board,LP SmartSide Trim 1x8 12' Primed,,,EquivalentOnlySameSpec,,,,0.75,7.25,,144,,1x8,0.75x7.25,LF,EA,12,,,,,,,,,,,,,,,LP,SmartSide Trim,,,Primed,,,,,,,,,,,,,,trim|fascia|corner|engineered_wood,R703.3,N,,,,,,,,STOCK,,,
SIDING-LPSS-TRIM-1X8-16,SIDING-LPSS-TRIM-1X8-16-V1,siding,lp_smartside,trim,trim_board,LP SmartSide Trim 1x8 16' Primed,,,EquivalentOnlySameSpec,,,,0.75,7.25,,192,,1x8,0.75x7.25,LF,EA,16,,,,,,,,,,,,,,,LP,SmartSide Trim,,,Primed,,,,,,,,,,,,,,trim|fascia|corner|engineered_wood,R703.3,N,,,,,,,,STOCK,,,
SIDING-LPSS-TRIM-1X10-12,SIDING-LPSS-TRIM-1X10-12-V1,siding,lp_smartside,trim,trim_board,LP SmartSide Trim 1x10 12' Primed,,,EquivalentOnlySameSpec,,,,0.75,9.25,,144,,1x10,0.75x9.25,LF,EA,12,,,,,,,,,,,,,,,LP,SmartSide Trim,,,Primed,,,,,,,,,,,,,,trim|fascia|corner|engineered_wood,R703.3,N,,,,,,,,STOCK,,,
SIDING-LPSS-TRIM-1X10-16,SIDING-LPSS-TRIM-1X10-16-V1,siding,lp_smartside,trim,trim_board,LP SmartSide Trim 1x10 16' Primed,,,EquivalentOnlySameSpec,,,,0.75,9.25,,192,,1x10,0.75x9.25,LF,EA,16,,,,,,,,,,,,,,,LP,SmartSide Trim,,,Primed,,,,,,,,,,,,,,trim|fascia|corner|engineered_wood,R703.3,N,,,,,,,,STOCK,,,
SIDING-LPSS-TRIM-1X12-12,SIDING-LPSS-TRIM-1X12-12-V1,siding,lp_smartside,trim,trim_board,LP SmartSide Trim 1x12 12' Primed,,,EquivalentOnlySameSpec,,,,0.75,11.25,,144,,1x12,0.75x11.25,LF,EA,12,,,,,,,,,,,,,,,LP,SmartSide Trim,,,Primed,,,,,,,,,,,,,,trim|fascia|corner|engineered_wood,R703.3,N,,,,,,,,STOCK,,,
SIDING-LPSS-TRIM-1X12-16,SIDING-LPSS-TRIM-1X12-16-V1,siding,lp_smartside,trim,trim_board,LP SmartSide Trim 1x12 16' Primed,,,EquivalentOnlySameSpec,,,,0.75,11.25,,192,,1x12,0.75x11.25,LF,EA,16,,,,,,,,,,,,,,,LP,SmartSide Trim,,,Primed,,,,,,,,,,,,,,trim|fascia|corner|engineered_wood,R703.3,N,,,,,,,,STOCK,,,
SIDING-LPSS-SOFFIT-V-48X96,SIDING-LPSS-SOFFIT-V-48X96-V1,siding,lp_smartside,soffit,soffit_panel,LP SmartSide Soffit Vented 4x8 Primed,,,EquivalentOnlySameSpec,,,,0.375,,,,,,,SF,SHT,,,32,,,,,,,48,96,,,,,LP,SmartSide,,,Primed,,,,,,,,,,,,,,soffit|vented|ventilation,R703.3,N,,,,,,,,STOCK,,,
SIDING-LPSS-SOFFIT-S-48X96,SIDING-LPSS-SOFFIT-S-48X96-V1,siding,lp_smartside,soffit,soffit_panel,LP SmartSide Soffit Solid 4x8 Primed,,,EquivalentOnlySameSpec,,,,0.375,,,,,,,SF,SHT,,,32,,,,,,,48,96,,,,,LP,SmartSide,,,Primed,,,,,,,,,,,,,,soffit|solid,R703.3,N,,,,,,,,STOCK,,,
SIDING-VNL-D4-WHI,SIDING-VNL-D4-WHI-V1,siding,vinyl_siding,lap_siding,lap_siding,"Vinyl Siding Double 4"" White",,,EquivalentOnlySameSpec,,,,0.044,16,,144,,,,SF,EA,,,,1.3,,,,,,,,,,,,,,,,White,,,,,,,,,,,,,,siding|vinyl|lap,R703.11,N,,,,,,,,STOCK,,,
SIDING-VNL-D4-GRA,SIDING-VNL-D4-GRA-V1,siding,vinyl_siding,lap_siding,lap_siding,"Vinyl Siding Double 4"" Gray",,,EquivalentOnlySameSpec,,,,0.044,16,,144,,,,SF,EA,,,,1.3,,,,,,,,,,,,,,,,Gray,,,,,,,,,,,,,,siding|vinyl|lap,R703.11,N,,,,,,,,STOCK,,,
SIDING-VNL-D4-CLA,SIDING-VNL-D4-CLA-V1,siding,vinyl_siding,lap_siding,lap_siding,"Vinyl Siding Double 4"" Clay",,,EquivalentOnlySameSpec,,,,0.044,16,,144,,,,SF,EA,,,,1.3,,,,,,,,,,,,,,,,Clay,,,,,,,,,,,,,,siding|vinyl|lap,R703.11,N,,,,,,,,STOCK,,,
SIDING-VNL-D4-ALM,SIDING-VNL-D4-ALM-V1,siding,vinyl_siding,lap_siding,lap_siding,"Vinyl Siding Double 4"" Almond",,,EquivalentOnlySameSpec,,,,0.044,16,,144,,,,SF,EA,,,,1.3,,,,,,,,,,,,,,,,Almond,,,,,,,,,,,,,,siding|vinyl|lap,R703.11,N,,,,,,,,STOCK,,,
SIDING-VNL-D5-WHI,SIDING-VNL-D5-WHI-V1,siding,vinyl_siding,lap_siding,lap_siding,"Vinyl Siding Double 5"" White",,,EquivalentOnlySameSpec,,,,0.044,20,,144,,,,SF,EA,,,,1.7,,,,,,,,,,,,,,,,White,,,,,,,,,,,,,,siding|vinyl|lap,R703.11,N,,,,,,,,STOCK,,,
SIDING-VNL-D5-GRA,SIDING-VNL-D5-GRA-V1,siding,vinyl_siding,lap_siding,lap_siding,"Vinyl Siding Double 5"" Gray",,,EquivalentOnlySameSpec,,,,0.044,20,,144,,,,SF,EA,,,,1.7,,,,,,,,,,,,,,,,Gray,,,,,,,,,,,,,,siding|vinyl|lap,R703.11,N,,,,,,,,STOCK,,,
SIDING-VNL-D5-CLA,SIDING-VNL-D5-CLA-V1,siding,vinyl_siding,lap_siding,lap_siding,"Vinyl Siding Double 5"" Clay",,,EquivalentOnlySameSpec,,,,0.044,20,,144,,,,SF,EA,,,,1.7,,,,,,,,,,,,,,,,Clay,,,,,,,,,,,,,,siding|vinyl|lap,R703.11,N,,,,,,,,STOCK,,,
SIDING-VNL-D5-ALM,SIDING-VNL-D5-ALM-V1,siding,vinyl_siding,lap_siding,lap_siding,"Vinyl Siding Double 5"" Almond",,,EquivalentOnlySameSpec,,,,0.044,20,,144,,,,SF,EA,,,,1.7,,,,,,,,,,,,,,,,Almond,,,,,,,,,,,,,,siding|vinyl|lap,R703.11,N,,,,,,,,STOCK,,,
SIDING-VNL-D45-WHI,SIDING-VNL-D45-WHI-V1,siding,vinyl_siding,lap_siding,lap_siding,"Vinyl Siding Double 4.5"" White",,,EquivalentOnlySameSpec,,,,0.044,18,,144,,,,SF,EA,,,,1.5,,,,,,,,,,,,,,,,White,,,,,,,,,,,,,,siding|vinyl|lap,R703.11,N,,,,,,,,STOCK,,,
SIDING-VNL-D45-GRA,SIDING-VNL-D45-GRA-V1,siding,vinyl_siding,lap_siding,lap_siding,"Vinyl Siding Double 4.5"" Gray",,,EquivalentOnlySameSpec,,,,0.044,18,,144,,,,SF,EA,,,,1.5,,,,,,,,,,,,,,,,Gray,,,,,,,,,,,,,,siding|vinyl|lap,R703.11,N,,,,,,,,STOCK,,,
SIDING-VNL-D45-CLA,SIDING-VNL-D45-CLA-V1,siding,vinyl_siding,lap_siding,lap_siding,"Vinyl Siding Double 4.5"" Clay",,,EquivalentOnlySameSpec,,,,0.044,18,,144,,,,SF,EA,,,,1.5,,,,,,,,,,,,,,,,Clay,,,,,,,,,,,,,,siding|vinyl|lap,R703.11,N,,,,,,,,STOCK,,,
SIDING-VNL-D45-ALM,SIDING-VNL-D45-ALM-V1,siding,vinyl_siding,lap_siding,lap_siding,"Vinyl Siding Double 4.5"" Almond",,,EquivalentOnlySameSpec,,,,0.044,18,,144,,,,SF,EA,,,,1.5,,,,,,,,,,,,,,,,Almond,,,,,,,,,,,,,,siding|vinyl|lap,R703.11,N,,,,,,,,STOCK,,,
SIDING-VNL-DUTCH-WHI,SIDING-VNL-DUTCH-WHI-V1,siding,vinyl_siding,lap_siding,lap_siding,Vinyl Siding Dutch Lap White,,,EquivalentOnlySameSpec,,,,0.044,16,,144,,,,SF,EA,,,,1.3,,,,,,,,,,,,,,,,White,,,,,,,,,,,,,,siding|vinyl|lap,R703.11,N,,,,,,,,STOCK,,,
SIDING-VNL-DUTCH-GRA,SIDING-VNL-DUTCH-GRA-V1,siding,vinyl_siding,lap_siding,lap_siding,Vinyl Siding Dutch Lap Gray,,,EquivalentOnlySameSpec,,,,0.044,16,,144,,,,SF,EA,,,,1.3,,,,,,,,,,,,,,,,Gray,,,,,,,,,,,,,,siding|vinyl|lap,R703.11,N,,,,,,,,STOCK,,,
SIDING-VNL-DUTCH-CLA,SIDING-VNL-DUTCH-CLA-V1,siding,vinyl_siding,lap_siding,lap_siding,Vinyl Siding Dutch Lap Clay,,,EquivalentOnlySameSpec,,,,0.044,16,,144,,,,SF,EA,,,,1.3,,,,,,,,,,,,,,,,Clay,,,,,,,,,,,,,,siding|vinyl|lap,R703.11,N,,,,,,,,STOCK,,,
SIDING-VNL-DUTCH-ALM,SIDING-VNL-DUTCH-ALM-V1,siding,vinyl_siding,lap_siding,lap_siding,Vinyl Siding Dutch Lap Almond,,,EquivalentOnlySameSpec,,,,0.044,16,,144,,,,SF,EA,,,,1.3,,,,,,,,,,,,,,,,Almond,,,,,,,,,,,,,,siding|vinyl|lap,R703.11,N,,,,,,,,STOCK,,,
SIDING-VNL-ACC-STARTER-WHI,SIDING-VNL-ACC-STARTER-WHI-V1,siding,vinyl_siding,starter_strip,siding_accessory,Vinyl Starter Strip White,,,EquivalentOnlySameSpec,,,,,,,,,,,LF,EA,10,,,,,,,,,,,,,,,,,,,White,,,,,,,,,,,,,,starter|base,R703.11,N,,,,,,,,STOCK,,,
SIDING-VNL-ACC-STARTER-GRA,SIDING-VNL-ACC-STARTER-GRA-V1,siding,vinyl_siding,starter_strip,siding_accessory,Vinyl Starter Strip Gray,,,EquivalentOnlySameSpec,,,,,,,,,,,LF,EA,10,,,,,,,,,,,,,,,,,,,Gray,,,,,,,,,,,,,,starter|base,R703.11,N,,,,,,,,STOCK,,,
SIDING-VNL-ACC-JCHAN-WHI,SIDING-VNL-ACC-JCHAN-WHI-V1,siding,vinyl_siding,j_channel,siding_accessory,Vinyl J-Channel White,,,EquivalentOnlySameSpec,,,,,,,,,,,LF,EA,12.5,,,,,,,,,,,,,,,,,,,White,,,,,,,,,,,,,,j_channel|window|door,R703.11,N,,,,,,,,STOCK,,,
SIDING-VNL-ACC-JCHAN-GRA,SIDING-VNL-ACC-JCHAN-GRA-V1,siding,vinyl_siding,j_channel,siding_accessory,Vinyl J-Channel Gray,,,EquivalentOnlySameSpec,,,,,,,,,,,LF,EA,12.5,,,,,,,,,,,,,,,,,,,Gray,,,,,,,,,,,,,,j_channel|window|door,R703.11,N,,,,,,,,STOCK,,,
SIDING-VNL-ACC-FCHAN-WHI,SIDING-VNL-ACC-FCHAN-WHI-V1,siding,vinyl_siding,f_channel,siding_accessory,Vinyl F-Channel (Receiver) White,,,EquivalentOnlySameSpec,,,,,,,,,,,LF,EA,12.5,,,,,,,,,,,,,,,,,,,White,,,,,,,,,,,,,,f_channel|soffit,R703.11,N,,,,,,,,STOCK,,,
SIDING-VNL-ACC-FCHAN-GRA,SIDING-VNL-ACC-FCHAN-GRA-V1,siding,vinyl_siding,f_channel,siding_accessory,Vinyl F-Channel (Receiver) Gray,,,EquivalentOnlySameSpec,,,,,,,,,,,LF,EA,12.5,,,,,,,,,,,,,,,,,,,Gray,,,,,,,,,,,,,,f_channel|soffit,R703.11,N,,,,,,,,STOCK,,,
SIDING-VNL-ACC-UNDERSILL-WHI,SIDING-VNL-ACC-UNDERSILL-WHI-V1,siding,vinyl_siding,undersill,siding_accessory,Vinyl Undersill/Utility Trim White,,,EquivalentOnlySameSpec,,,,,,,,,,,LF,EA,12.5,,,,,,,,,,,,,,,,,,,White,,,,,,,,,,,,,,undersill|utility,R703.11,N,,,,,,,,STOCK,,,
SIDING-VNL-ACC-UNDERSILL-GRA,SIDING-VNL-ACC-UNDERSILL-GRA-V1,siding,vinyl_siding,undersill,siding_accessory,Vinyl Undersill/Utility Trim Gray,,,EquivalentOnlySameSpec,,,,,,,,,,,LF,EA,12.5,,,,,,,,,,,,,,,,,,,Gray,,,,,,,,,,,,,,undersill|utility,R703.11,N,,,,,,,,STOCK,,,
SIDING-VNL-ACC-CORNER-IN-WHI,SIDING-VNL-ACC-CORNER-IN-WHI-V1,siding,vinyl_siding,inside_corner,siding_accessory,Vinyl Inside Corner Post White,,,EquivalentOnlySameSpec,,,,,,,,,,,LF,EA,10,,,,,,,,,,,,,,,,,,,White,,,,,,,,,,,,,,corner|inside,R703.11,N,,,,,,,,STOCK,,,
SIDING-VNL-ACC-CORNER-IN-GRA,SIDING-VNL-ACC-CORNER-IN-GRA-V1,siding,vinyl_siding,inside_corner,siding_accessory,Vinyl Inside Corner Post Gray,,,EquivalentOnlySameSpec,,,,,,,,,,,LF,EA,10,,,,,,,,,,,,,,,,,,,Gray,,,,,,,,,,,,,,corner|inside,R703.11,N,,,,,,,,STOCK,,,
SIDING-VNL-ACC-CORNER-OUT-WHI,SIDING-VNL-ACC-CORNER-OUT-WHI-V1,siding,vinyl_siding,outside_corner,siding_accessory,Vinyl Outside Corner Post White,,,EquivalentOnlySameSpec,,,,,,,,,,,LF,EA,10,,,,,,,,,,,,,,,,,,,White,,,,,,,,,,,,,,corner|outside,R703.11,N,,,,,,,,STOCK,,,
SIDING-VNL-ACC-CORNER-OUT-GRA,SIDING-VNL-ACC-CORNER-OUT-GRA-V1,siding,vinyl_siding,outside_corner,siding_accessory,Vinyl Outside Corner Post Gray,,,EquivalentOnlySameSpec,,,,,,,,,,,LF,EA,10,,,,,,,,,,,,,,,,,,,Gray,,,,,,,,,,,,,,corner|outside,R703.11,N,,,,,,,,STOCK,,,
SIDING-VNL-ACC-WINTRIM-WHI,SIDING-VNL-ACC-WINTRIM-WHI-V1,siding,vinyl_siding,window_trim,siding_accessory,Vinyl Window/Door Trim White,,,EquivalentOnlySameSpec,,,,,,,,,,,LF,EA,12.5,,,,,,,,,,,,,,,,,,,White,,,,,,,,,,,,,,trim|window|door,R703.11,N,,,,,,,,STOCK,,,
SIDING-VNL-ACC-WINTRIM-GRA,SIDING-VNL-ACC-WINTRIM-GRA-V1,siding,vinyl_siding,window_trim,siding_accessory,Vinyl Window/Door Trim Gray,,,EquivalentOnlySameSpec,,,,,,,,,,,LF,EA,12.5,,,,,,,,,,,,,,,,,,,Gray,,,,,,,,,,,,,,trim|window|door,R703.11,N,,,,,,,,STOCK,,,
SIDING-VNL-ACC-SOFFIT-V-WHI,SIDING-VNL-ACC-SOFFIT-V-WHI-V1,siding,vinyl_siding,soffit_vented,siding_accessory,Vinyl Soffit Panel Vented White,,,EquivalentOnlySameSpec,,,,,,,,,,,SF,EA,12,,,,,,,,,,,,,,,,,,,White,,,,,,,,,,,,,,soffit|vented,R703.11,N,,,,,,,,STOCK,,,
SIDING-VNL-ACC-SOFFIT-V-GRA,SIDING-VNL-ACC-SOFFIT-V-GRA-V1,siding,vinyl_siding,soffit_vented,siding_accessory,Vinyl Soffit Panel Vented Gray,,,EquivalentOnlySameSpec,,,,,,,,,,,SF,EA,12,,,,,,,,,,,,,,,,,,,Gray,,,,,,,,,,,,,,soffit|vented,R703.11,N,,,,,,,,STOCK,,,
SIDING-VNL-ACC-SOFFIT-S-WHI,SIDING-VNL-ACC-SOFFIT-S-WHI-V1,siding,vinyl_siding,soffit_solid,siding_accessory,Vinyl Soffit Panel Solid White,,,EquivalentOnlySameSpec,,,,,,,,,,,SF,EA,12,,,,,,,,,,,,,,,,,,,White,,,,,,,,,,,,,,soffit|solid,R703.11,N,,,,,,,,STOCK,,,
SIDING-VNL-ACC-SOFFIT-S-GRA,SIDING-VNL-ACC-SOFFIT-S-GRA-V1,siding,vinyl_siding,soffit_solid,siding_accessory,Vinyl Soffit Panel Solid Gray,,,EquivalentOnlySameSpec,,,,,,,,,,,SF,EA,12,,,,,,,,,,,,,,,,,,,Gray,,,,,,,,,,,,,,soffit|solid,R703.11,N,,,,,,,,STOCK,,,
SIDING-CED-BEV-6-CLR-8,SIDING-CED-BEV-6-CLR-8-V1,siding,cedar_siding,bevel,bevel_siding,"Cedar Bevel 6"" Clear 8'",WRC,,EquivalentOnlySameSpec,Clear,,,0.5,5.5,,96,,,,LF,EA,8,,,,,,,,,,,,,,,,,,,,,,,,,,,,,,,,,siding|cedar|bevel|natural,R703.5,N,,,,,,,,ORDER,7,,#1 clear
SIDING-CED-BEV-6-CLR-10,SIDING-CED-BEV-6-CLR-10-V1,siding,cedar_siding,bevel,bevel_siding,"Cedar Bevel 6"" Clear 10'",WRC,,EquivalentOnlySameSpec,Clear,,,0.5,5.5,,120,,,,LF,EA,10,,,,,,,,,,,,,,,,,,,,,,,,,,,,,,,,,siding|cedar|bevel|natural,R703.5,N,,,,,,,,ORDER,7,,#1 clear
SIDING-CED-BEV-6-CLR-12,SIDING-CED-BEV-6-CLR-12-V1,siding,cedar_siding,bevel,bevel_siding,"Cedar Bevel 6"" Clear 12'",WRC,,EquivalentOnlySameSpec,Clear,,,0.5,5.5,,144,,,,LF,EA,12,,,,,,,,,,,,,,,,,,,,,,,,,,,,,,,,,siding|cedar|bevel|natural,R703.5,N,,,,,,,,ORDER,7,,#1 clear
SIDING-CED-BEV-6-CLR-16,SIDING-CED-BEV-6-CLR-16-V1,siding,cedar_siding,bevel,bevel_siding,"Cedar Bevel 6"" Clear 16'",WRC,,EquivalentOnlySameSpec,Clear,,,0.5,5.5,,192,,,,LF,EA,16,,,,,,,,,,,,,,,,,,,,,,,,,,,,,,,,,siding|cedar|bevel|natural,R703.5,N,,,,,,,,ORDER,7,,#1 clear
SIDING-CED-BEV-8-CLR-8,SIDING-CED-BEV-8-CLR-8-V1,siding,cedar_siding,bevel,bevel_siding,"Cedar Bevel 8"" Clear 8'",WRC,,EquivalentOnlySameSpec,Clear,,,0.5,7.25,,96,,,,LF,EA,8,,,,,,,,,,,,,,,,,,,,,,,,,,,,,,,,,siding|cedar|bevel|natural,R703.5,N,,,,,,,,ORDER,7,,#1 clear
SIDING-CED-BEV-8-CLR-10,SIDING-CED-BEV-8-CLR-10-V1,siding,cedar_siding,bevel,bevel_siding,"Cedar Bevel 8"" Clear 10'",WRC,,EquivalentOnlySameSpec,Clear,,,0.5,7.25,,120,,,,LF,EA,10,,,,,,,,,,,,,,,,,,,,,,,,,,,,,,,,,siding|cedar|bevel|natural,R703.5,N,,,,,,,,ORDER,7,,#1 clear
SIDING-CED-BEV-8-CLR-12,SIDING-CED-BEV-8-CLR-12-V1,siding,cedar_siding,bevel,bevel_siding,"Cedar Bevel 8"" Clear 12'",WRC,,EquivalentOnlySameSpec,Clear,,,0.5,7.25,,144,,,,LF,EA,12,,,,,,,,,,,,,,,,,,,,,,,,,,,,,,,,,siding|cedar|bevel|natural,R703.5,N,,,,,,,,ORDER,7,,#1 clear
SIDING-CED-BEV-8-CLR-16,SIDING-CED-BEV-8-CLR-16-V1,siding,cedar_siding,bevel,bevel_siding,"Cedar Bevel 8"" Clear 16'",WRC,,EquivalentOnlySameSpec,Clear,,,0.5,7.25,,192,,,,LF,EA,16,,,,,,,,,,,,,,,,,,,,,,,,,,,,,,,,,siding|cedar|bevel|natural,R703.5,N,,,,,,,,ORDER,7,,#1 clear
SIDING-CED-BEV-6-A-8,SIDING-CED-BEV-6-A-8-V1,siding,cedar_siding,bevel,bevel_siding,"Cedar Bevel 6"" A Grade 8'",WRC,,EquivalentOnlySameSpec,A Grade,,,0.5,5.5,,96,,,,LF,EA,8,,,,,,,,,,,,,,,,,,,,,,,,,,,,,,,,,siding|cedar|bevel|natural,R703.5,N,,,,,,,,ORDER,7,,A grade
SIDING-CED-BEV-6-A-10,SIDING-CED-BEV-6-A-10-V1,siding,cedar_siding,bevel,bevel_siding,"Cedar Bevel 6"" A Grade 10'",WRC,,EquivalentOnlySameSpec,A Grade,,,0.5,5.5,,120,,,,LF,EA,10,,,,,,,,,,,,,,,,,,,,,,,,,,,,,,,,,siding|cedar|bevel|natural,R703.5,N,,,,,,,,ORDER,7,,A grade
SIDING-CED-BEV-6-A-12,SIDING-CED-BEV-6-A-12-V1,siding,cedar_siding,bevel,bevel_siding,"Cedar Bevel 6"" A Grade 12'",WRC,,EquivalentOnlySameSpec,A Grade,,,0.5,5.5,,144,,,,LF,EA,12,,,,,,,,,,,,,,,,,,,,,,,,,,,,,,,,,siding|cedar|bevel|natural,R703.5,N,,,,,,,,ORDER,7,,A grade
SIDING-CED-BEV-6-A-16,SIDING-CED-BEV-6-A-16-V1,siding,cedar_siding,bevel,bevel_siding,"Cedar Bevel 6"" A Grade 16'",WRC,,EquivalentOnlySameSpec,A Grade,,,0.5,5.5,,192,,,,LF,EA,16,,,,,,,,,,,,,,,,,,,,,,,,,,,,,,,,,siding|cedar|bevel|natural,R703.5,N,,,,,,,,ORDER,7,,A grade
SIDING-CED-BEV-8-A-8,SIDING-CED-BEV-8-A-8-V1,siding,cedar_siding,bevel,bevel_siding,"Cedar Bevel 8"" A Grade 8'",WRC,,EquivalentOnlySameSpec,A Grade,,,0.5,7.25,,96,,,,LF,EA,8,,,,,,,,,,,,,,,,,,,,,,,,,,,,,,,,,siding|cedar|bevel|natural,R703.5,N,,,,,,,,ORDER,7,,A grade
SIDING-CED-BEV-8-A-10,SIDING-CED-BEV-8-A-10-V1,siding,cedar_siding,bevel,bevel_siding,"Cedar Bevel 8"" A Grade 10'",WRC,,EquivalentOnlySameSpec,A Grade,,,0.5,7.25,,120,,,,LF,EA,10,,,,,,,,,,,,,,,,,,,,,,,,,,,,,,,,,siding|cedar|bevel|natural,R703.5,N,,,,,,,,ORDER,7,,A grade
SIDING-CED-BEV-8-A-12,SIDING-CED-BEV-8-A-12-V1,siding,cedar_siding,bevel,bevel_siding,"Cedar Bevel 8"" A Grade 12'",WRC,,EquivalentOnlySameSpec,A Grade,,,0.5,7.25,,144,,,,LF,EA,12,,,,,,,,,,,,,,,,,,,,,,,,,,,,,,,,,siding|cedar|bevel|natural,R703.5,N,,,,,,,,ORDER,7,,A grade
SIDING-CED-BEV-8-A-16,SIDING-CED-BEV-8-A-16-V1,siding,cedar_siding,bevel,bevel_siding,"Cedar Bevel 8"" A Grade 16'",WRC,,EquivalentOnlySameSpec,A Grade,,,0.5,7.25,,192,,,,LF,EA,16,,,,,,,,,,,,,,,,,,,,,,,,,,,,,,,,,siding|cedar|bevel|natural,R703.5,N,,,,,,,,ORDER,7,,A grade
SIDING-CED-BEV-6-STK-8,SIDING-CED-BEV-6-STK-8-V1,siding,cedar_siding,bevel,bevel_siding,"Cedar Bevel 6"" STK 8'",WRC,,EquivalentOnlySameSpec,STK,,,0.5,5.5,,96,,,,LF,EA,8,,,,,,,,,,,,,,,,,,,,,,,,,,,,,,,,,siding|cedar|bevel|natural,R703.5,N,,,,,,,,ORDER,7,,Rustic
SIDING-CED-BEV-6-STK-10,SIDING-CED-BEV-6-STK-10-V1,siding,cedar_siding,bevel,bevel_siding,"Cedar Bevel 6"" STK 10'",WRC,,EquivalentOnlySameSpec,STK,,,0.5,5.5,,120,,,,LF,EA,10,,,,,,,,,,,,,,,,,,,,,,,,,,,,,,,,,siding|cedar|bevel|natural,R703.5,N,,,,,,,,ORDER,7,,Rustic
SIDING-CED-BEV-6-STK-12,SIDING-CED-BEV-6-STK-12-V1,siding,cedar_siding,bevel,bevel_siding,"Cedar Bevel 6"" STK 12'",WRC,,EquivalentOnlySameSpec,STK,,,0.5,5.5,,144,,,,LF,EA,12,,,,,,,,,,,,,,,,,,,,,,,,,,,,,,,,,siding|cedar|bevel|natural,R703.5,N,,,,,,,,ORDER,7,,Rustic
SIDING-CED-BEV-6-STK-16,SIDING-CED-BEV-6-STK-16-V1,siding,cedar_siding,bevel,bevel_siding,"Cedar Bevel 6"" STK 16'",WRC,,EquivalentOnlySameSpec,STK,,,0.5,5.5,,192,,,,LF,EA,16,,,,,,,,,,,,,,,,,,,,,,,,,,,,,,,,,siding|cedar|bevel|natural,R703.5,N,,,,,,,,ORDER,7,,Rustic
SIDING-CED-BEV-8-STK-8,SIDING-CED-BEV-8-STK-8-V1,siding,cedar_siding,bevel,bevel_siding,"Cedar Bevel 8"" STK 8'",WRC,,EquivalentOnlySameSpec,STK,,,0.5,7.25,,96,,,,LF,EA,8,,,,,,,,,,,,,,,,,,,,,,,,,,,,,,,,,siding|cedar|bevel|natural,R703.5,N,,,,,,,,ORDER,7,,Rustic
SIDING-CED-BEV-8-STK-10,SIDING-CED-BEV-8-STK-10-V1,siding,cedar_siding,bevel,bevel_siding,"Cedar Bevel 8"" STK 10'",WRC,,EquivalentOnlySameSpec,STK,,,0.5,7.25,,120,,,,LF,EA,10,,,,,,,,,,,,,,,,,,,,,,,,,,,,,,,,,siding|cedar|bevel|natural,R703.5,N,,,,,,,,ORDER,7,,Rustic
SIDING-CED-BEV-8-STK-12,SIDING-CED-BEV-8-STK-12-V1,siding,cedar_siding,bevel,bevel_siding,"Cedar Bevel 8"" STK 12'",WRC,,EquivalentOnlySameSpec,STK,,,0.5,7.25,,144,,,,LF,EA,12,,,,,,,,,,,,,,,,,,,,,,,,,,,,,,,,,siding|cedar|bevel|natural,R703.5,N,,,,,,,,ORDER,7,,Rustic
SIDING-CED-BEV-8-STK-16,SIDING-CED-BEV-8-STK-16-V1,siding,cedar_siding,bevel,bevel_siding,"Cedar Bevel 8"" STK 16'",WRC,,EquivalentOnlySameSpec,STK,,,0.5,7.25,,192,,,,LF,EA,16,,,,,,,,,,,,,,,,,,,,,,,,,,,,,,,,,siding|cedar|bevel|natural,R703.5,N,,,,,,,,ORDER,7,,Rustic
SIDING-CED-SHINGLE-1,SIDING-CED-SHINGLE-1-V1,siding,cedar_siding,shingles,wood_shingle,"Cedar Shingles Blue Label 16""",WRC,,EquivalentOnlySameSpec,Blue Label,,,0.4,,,16,,,,SF,BDL,,,,25,,,,,,,,,,,,,,,,,,,,,,,,,,,,,,siding|cedar|shingle|natural,R703.5,N,,,,,,,,ORDER,7,,
SIDING-CED-SHINGLE-2,SIDING-CED-SHINGLE-2-V1,siding,cedar_siding,shingles,wood_shingle,"Cedar Shingles Red Label 16""",WRC,,EquivalentOnlySameSpec,Red Label,,,0.4,,,16,,,,SF,BDL,,,,25,,,,,,,,,,,,,,,,,,,,,,,,,,,,,,siding|cedar|shingle|natural,R703.5,N,,,,,,,,ORDER,7,,
SIDING-CED-SHAKE-1,SIDING-CED-SHAKE-1-V1,siding,cedar_siding,shakes,wood_shake,"Cedar Shakes Premium 24""",WRC,,EquivalentOnlySameSpec,Premium,,,0.75,,,24,,,,SF,BDL,,,,25,,,,,,,,,,,,,,,,,,,,,,,,,,,,,,siding|cedar|shake|natural,R703.5,N,,,,,,,,ORDER,7,,
SIDING-CED-SHAKE-TAPER,SIDING-CED-SHAKE-TAPER-V1,siding,cedar_siding,shakes,wood_shake,"Cedar Shakes Taper-Split 24""",WRC,,EquivalentOnlySameSpec,Taper-Split,,,0.75,,,24,,,,SF,BDL,,,,25,,,,,,,,,,,,,,,,,,,,,,,,,,,,,,siding|cedar|shake|natural,R703.5,N,,,,,,,,ORDER,7,,
SIDING-MTL-AG-29-GALV-8,SIDING-MTL-AG-29-GALV-8-V1,siding,metal_siding,panel,metal_panel,AG Panel (Ag Rib) 29 Gauge Galvalume 8',,,EquivalentOnlySameSpec,,,,0.015,36,,96,,,,SF,EA,,,,24,,,,,,,,,,,,,,,,Galvalume,,,,,,,,,,,,,,siding|metal|panel,R703.4,N,,,,,,,,ORDER,5,,"29 Gauge, 36"" coverage"
SIDING-MTL-AG-29-GALV-10,SIDING-MTL-AG-29-GALV-10-V1,siding,metal_siding,panel,metal_panel,AG Panel (Ag Rib) 29 Gauge Galvalume 10',,,EquivalentOnlySameSpec,,,,0.015,36,,120,,,,SF,EA,,,,30,,,,,,,,,,,,,,,,Galvalume,,,,,,,,,,,,,,siding|metal|panel,R703.4,N,,,,,,,,ORDER,5,,"29 Gauge, 36"" coverage"
SIDING-MTL-AG-29-GALV-12,SIDING-MTL-AG-29-GALV-12-V1,siding,metal_siding,panel,metal_panel,AG Panel (Ag Rib) 29 Gauge Galvalume 12',,,EquivalentOnlySameSpec,,,,0.015,36,,144,,,,SF,EA,,,,36,,,,,,,,,,,,,,,,Galvalume,,,,,,,,,,,,,,siding|metal|panel,R703.4,N,,,,,,,,ORDER,5,,"29 Gauge, 36"" coverage"
SIDING-MTL-AG-29-GALV-16,SIDING-MTL-AG-29-GALV-16-V1,siding,metal_siding,panel,metal_panel,AG Panel (Ag Rib) 29 Gauge Galvalume 16',,,EquivalentOnlySameSpec,,,,0.015,36,,192,,,,SF,EA,,,,48,,,,,,,,,,,,,,,,Galvalume,,,,,,,,,,,,,,siding|metal|panel,R703.4,N,,,,,,,,ORDER,5,,"29 Gauge, 36"" coverage"
SIDING-MTL-AG-29-WHIT-8,SIDING-MTL-AG-29-WHIT-8-V1,siding,metal_siding,panel,metal_panel,AG Panel (Ag Rib) 29 Gauge White 8',,,EquivalentOnlySameSpec,,,,0.015,36,,96,,,,SF,EA,,,,24,,,,,,,,,,,,,,,,White,,,,,,,,,,,,,,siding|metal|panel,R703.4,N,,,,,,,,ORDER,5,,"29 Gauge, 36"" coverage"
SIDING-MTL-AG-29-WHIT-10,SIDING-MTL-AG-29-WHIT-10-V1,siding,metal_siding,panel,metal_panel,AG Panel (Ag Rib) 29 Gauge White 10',,,EquivalentOnlySameSpec,,,,0.015,36,,120,,,,SF,EA,,,,30,,,,,,,,,,,,,,,,White,,,,,,,,,,,,,,siding|metal|panel,R703.4,N,,,,,,,,ORDER,5,,"29 Gauge, 36"" coverage"
SIDING-MTL-AG-29-WHIT-12,SIDING-MTL-AG-29-WHIT-12-V1,siding,metal_siding,panel,metal_panel,AG Panel (Ag Rib) 29 Gauge White 12',,,EquivalentOnlySameSpec,,,,0.015,36,,144,,,,SF,EA,,,,36,,,,,,,,,,,,,,,,White,,,,,,,,,,,,,,siding|metal|panel,R703.4,N,,,,,,,,ORDER,5,,"29 Gauge, 36"" coverage"
SIDING-MTL-AG-29-WHIT-16,SIDING-MTL-AG-29-WHIT-16-V1,siding,metal_siding,panel,metal_panel,AG Panel (Ag Rib) 29 Gauge White 16',,,EquivalentOnlySameSpec,,,,0.015,36,,192,,,,SF,EA,,,,48,,,,,,,,,,,,,,,,White,,,,,,,,,,,,,,siding|metal|panel,R703.4,N,,,,,,,,ORDER,5,,"29 Gauge, 36"" coverage"
SIDING-MTL-AG-29-CHAR-8,SIDING-MTL-AG-29-CHAR-8-V1,siding,metal_siding,panel,metal_panel,AG Panel (Ag Rib) 29 Gauge Charcoal 8',,,EquivalentOnlySameSpec,,,,0.015,36,,96,,,,SF,EA,,,,24,,,,,,,,,,,,,,,,Charcoal,,,,,,,,,,,,,,siding|metal|panel,R703.4,N,,,,,,,,ORDER,5,,"29 Gauge, 36"" coverage"
SIDING-MTL-AG-29-CHAR-10,SIDING-MTL-AG-29-CHAR-10-V1,siding,metal_siding,panel,metal_panel,AG Panel (Ag Rib) 29 Gauge Charcoal 10',,,EquivalentOnlySameSpec,,,,0.015,36,,120,,,,SF,EA,,,,30,,,,,,,,,,,,,,,,Charcoal,,,,,,,,,,,,,,siding|metal|panel,R703.4,N,,,,,,,,ORDER,5,,"29 Gauge, 36"" coverage"
SIDING-MTL-AG-29-CHAR-12,SIDING-MTL-AG-29-CHAR-12-V1,siding,metal_siding,panel,metal_panel,AG Panel (Ag Rib) 29 Gauge Charcoal 12',,,EquivalentOnlySameSpec,,,,0.015,36,,144,,,,SF,EA,,,,36,,,,,,,,,,,,,,,,Charcoal,,,,,,,,,,,,,,siding|metal|panel,R703.4,N,,,,,,,,ORDER,5,,"29 Gauge, 36"" coverage"
SIDING-MTL-AG-29-CHAR-16,SIDING-MTL-AG-29-CHAR-16-V1,siding,metal_siding,panel,metal_panel,AG Panel (Ag Rib) 29 Gauge Charcoal 16',,,EquivalentOnlySameSpec,,,,0.015,36,,192,,,,SF,EA,,,,48,,,,,,,,,,,,,,,,Charcoal,,,,,,,,,,,,,,siding|metal|panel,R703.4,N,,,,,,,,ORDER,5,,"29 Gauge, 36"" coverage"
SIDING-MTL-AG-29-BROW-8,SIDING-MTL-AG-29-BROW-8-V1,siding,metal_siding,panel,metal_panel,AG Panel (Ag Rib) 29 Gauge Brown 8',,,EquivalentOnlySameSpec,,,,0.015,36,,96,,,,SF,EA,,,,24,,,,,,,,,,,,,,,,Brown,,,,,,,,,,,,,,siding|metal|panel,R703.4,N,,,,,,,,ORDER,5,,"29 Gauge, 36"" coverage"
SIDING-MTL-AG-29-BROW-10,SIDING-MTL-AG-29-BROW-10-V1,siding,metal_siding,panel,metal_panel,AG Panel (Ag Rib) 29 Gauge Brown 10',,,EquivalentOnlySameSpec,,,,0.015,36,,120,,,,SF,EA,,,,30,,,,,,,,,,,,,,,,Brown,,,,,,,,,,,,,,siding|metal|panel,R703.4,N,,,,,,,,ORDER,5,,"29 Gauge, 36"" coverage"
SIDING-MTL-AG-29-BROW-12,SIDING-MTL-AG-29-BROW-12-V1,siding,metal_siding,panel,metal_panel,AG Panel (Ag Rib) 29 Gauge Brown 12',,,EquivalentOnlySameSpec,,,,0.015,36,,144,,,,SF,EA,,,,36,,,,,,,,,,,,,,,,Brown,,,,,,,,,,,,,,siding|metal|panel,R703.4,N,,,,,,,,ORDER,5,,"29 Gauge, 36"" coverage"
SIDING-MTL-AG-29-BROW-16,SIDING-MTL-AG-29-BROW-16-V1,siding,metal_siding,panel,metal_panel,AG Panel (Ag Rib) 29 Gauge Brown 16',,,EquivalentOnlySameSpec,,,,0.015,36,,192,,,,SF,EA,,,,48,,,,,,,,,,,,,,,,Brown,,,,,,,,,,,,,,siding|metal|panel,R703.4,N,,,,,,,,ORDER,5,,"29 Gauge, 36"" coverage"
SIDING-MTL-AG-29-GREE-8,SIDING-MTL-AG-29-GREE-8-V1,siding,metal_siding,panel,metal_panel,AG Panel (Ag Rib) 29 Gauge Green 8',,,EquivalentOnlySameSpec,,,,0.015,36,,96,,,,SF,EA,,,,24,,,,,,,,,,,,,,,,Green,,,,,,,,,,,,,,siding|metal|panel,R703.4,N,,,,,,,,ORDER,5,,"29 Gauge, 36"" coverage"
SIDING-MTL-AG-29-GREE-10,SIDING-MTL-AG-29-GREE-10-V1,siding,metal_siding,panel,metal_panel,AG Panel (Ag Rib) 29 Gauge Green 10',,,EquivalentOnlySameSpec,,,,0.015,36,,120,,,,SF,EA,,,,30,,,,,,,,,,,,,,,,Green,,,,,,,,,,,,,,siding|metal|panel,R703.4,N,,,,,,,,ORDER,5,,"29 Gauge, 36"" coverage"
SIDING-MTL-AG-29-GREE-12,SIDING-MTL-AG-29-GREE-12-V1,siding,metal_siding,panel,metal_panel,AG Panel (Ag Rib) 29 Gauge Green 12',,,EquivalentOnlySameSpec,,,,0.015,36,,144,,,,SF,EA,,,,36,,,,,,,,,,,,,,,,Green,,,,,,,,,,,,,,siding|metal|panel,R703.4,N,,,,,,,,ORDER,5,,"29 Gauge, 36"" coverage"
SIDING-MTL-AG-29-GREE-16,SIDING-MTL-AG-29-GREE-16-V1,siding,metal_siding,panel,metal_panel,AG Panel (Ag Rib) 29 Gauge Green 16',,,EquivalentOnlySameSpec,,,,0.015,36,,192,,,,SF,EA,,,,48,,,,,,,,,,,,,,,,Green,,,,,,,,,,,,,,siding|metal|panel,R703.4,N,,,,,,,,ORDER,5,,"29 Gauge, 36"" coverage"
SIDING-MTL-AG-26-GALV-8,SIDING-MTL-AG-26-GALV-8-V1,siding,metal_siding,panel,metal_panel,AG Panel (Ag Rib) 26 Gauge Galvalume 8',,,EquivalentOnlySameSpec,,,,0.018,36,,96,,,,SF,EA,,,,24,,,,,,,,,,,,,,,,Galvalume,,,,,,,,,,,,,,siding|metal|panel,R703.4,N,,,,,,,,ORDER,5,,"26 Gauge, 36"" coverage"
SIDING-MTL-AG-26-GALV-10,SIDING-MTL-AG-26-GALV-10-V1,siding,metal_siding,panel,metal_panel,AG Panel (Ag Rib) 26 Gauge Galvalume 10',,,EquivalentOnlySameSpec,,,,0.018,36,,120,,,,SF,EA,,,,30,,,,,,,,,,,,,,,,Galvalume,,,,,,,,,,,,,,siding|metal|panel,R703.4,N,,,,,,,,ORDER,5,,"26 Gauge, 36"" coverage"
SIDING-MTL-AG-26-GALV-12,SIDING-MTL-AG-26-GALV-12-V1,siding,metal_siding,panel,metal_panel,AG Panel (Ag Rib) 26 Gauge Galvalume 12',,,EquivalentOnlySameSpec,,,,0.018,36,,144,,,,SF,EA,,,,36,,,,,,,,,,,,,,,,Galvalume,,,,,,,,,,,,,,siding|metal|panel,R703.4,N,,,,,,,,ORDER,5,,"26 Gauge, 36"" coverage"
SIDING-MTL-AG-26-GALV-16,SIDING-MTL-AG-26-GALV-16-V1,siding,metal_siding,panel,metal_panel,AG Panel (Ag Rib) 26 Gauge Galvalume 16',,,EquivalentOnlySameSpec,,,,0.018,36,,192,,,,SF,EA,,,,48,,,,,,,,,,,,,,,,Galvalume,,,,,,,,,,,,,,siding|metal|panel,R703.4,N,,,,,,,,ORDER,5,,"26 Gauge, 36"" coverage"
SIDING-MTL-AG-26-WHIT-8,SIDING-MTL-AG-26-WHIT-8-V1,siding,metal_siding,panel,metal_panel,AG Panel (Ag Rib) 26 Gauge White 8',,,EquivalentOnlySameSpec,,,,0.018,36,,96,,,,SF,EA,,,,24,,,,,,,,,,,,,,,,White,,,,,,,,,,,,,,siding|metal|panel,R703.4,N,,,,,,,,ORDER,5,,"26 Gauge, 36"" coverage"
SIDING-MTL-AG-26-WHIT-10,SIDING-MTL-AG-26-WHIT-10-V1,siding,metal_siding,panel,metal_panel,AG Panel (Ag Rib) 26 Gauge White 10',,,EquivalentOnlySameSpec,,,,0.018,36,,120,,,,SF,EA,,,,30,,,,,,,,,,,,,,,,White,,,,,,,,,,,,,,siding|metal|panel,R703.4,N,,,,,,,,ORDER,5,,"26 Gauge, 36"" coverage"
SIDING-MTL-AG-26-WHIT-12,SIDING-MTL-AG-26-WHIT-12-V1,siding,metal_siding,panel,metal_panel,AG Panel (Ag Rib) 26 Gauge White 12',,,EquivalentOnlySameSpec,,,,0.018,36,,144,,,,SF,EA,,,,36,,,,,,,,,,,,,,,,White,,,,,,,,,,,,,,siding|metal|panel,R703.4,N,,,,,,,,ORDER,5,,"26 Gauge, 36"" coverage"
SIDING-MTL-AG-26-WHIT-16,SIDING-MTL-AG-26-WHIT-16-V1,siding,metal_siding,panel,metal_panel,AG Panel (Ag Rib) 26 Gauge White 16',,,EquivalentOnlySameSpec,,,,0.018,36,,192,,,,SF,EA,,,,48,,,,,,,,,,,,,,,,White,,,,,,,,,,,,,,siding|metal|panel,R703.4,N,,,,,,,,ORDER,5,,"26 Gauge, 36"" coverage"
SIDING-MTL-AG-26-CHAR-8,SIDING-MTL-AG-26-CHAR-8-V1,siding,metal_siding,panel,metal_panel,AG Panel (Ag Rib) 26 Gauge Charcoal 8',,,EquivalentOnlySameSpec,,,,0.018,36,,96,,,,SF,EA,,,,24,,,,,,,,,,,,,,,,Charcoal,,,,,,,,,,,,,,siding|metal|panel,R703.4,N,,,,,,,,ORDER,5,,"26 Gauge, 36"" coverage"
SIDING-MTL-AG-26-CHAR-10,SIDING-MTL-AG-26-CHAR-10-V1,siding,metal_siding,panel,metal_panel,AG Panel (Ag Rib) 26 Gauge Charcoal 10',,,EquivalentOnlySameSpec,,,,0.018,36,,120,,,,SF,EA,,,,30,,,,,,,,,,,,,,,,Charcoal,,,,,,,,,,,,,,siding|metal|panel,R703.4,N,,,,,,,,ORDER,5,,"26 Gauge, 36"" coverage"
SIDING-MTL-AG-26-CHAR-12,SIDING-MTL-AG-26-CHAR-12-V1,siding,metal_siding,panel,metal_panel,AG Panel (Ag Rib) 26 Gauge Charcoal 12',,,EquivalentOnlySameSpec,,,,0.018,36,,144,,,,SF,EA,,,,36,,,,,,,,,,,,,,,,Charcoal,,,,,,,,,,,,,,siding|metal|panel,R703.4,N,,,,,,,,ORDER,5,,"26 Gauge, 36"" coverage"
SIDING-MTL-AG-26-CHAR-16,SIDING-MTL-AG-26-CHAR-16-V1,siding,metal_siding,panel,metal_panel,AG Panel (Ag Rib) 26 Gauge Charcoal 16',,,EquivalentOnlySameSpec,,,,0.018,36,,192,,,,SF,EA,,,,48,,,,,,,,,,,,,,,,Charcoal,,,,,,,,,,,,,,siding|metal|panel,R703.4,N,,,,,,,,ORDER,5,,"26 Gauge, 36"" coverage"
SIDING-MTL-AG-26-BROW-8,SIDING-MTL-AG-26-BROW-8-V1,siding,metal_siding,panel,metal_panel,AG Panel (Ag Rib) 26 Gauge Brown 8',,,EquivalentOnlySameSpec,,,,0.018,36,,96,,,,SF,EA,,,,24,,,,,,,,,,,,,,,,Brown,,,,,,,,,,,,,,siding|metal|panel,R703.4,N,,,,,,,,ORDER,5,,"26 Gauge, 36"" coverage"
SIDING-MTL-AG-26-BROW-10,SIDING-MTL-AG-26-BROW-10-V1,siding,metal_siding,panel,metal_panel,AG Panel (Ag Rib) 26 Gauge Brown 10',,,EquivalentOnlySameSpec,,,,0.018,36,,120,,,,SF,EA,,,,30,,,,,,,,,,,,,,,,Brown,,,,,,,,,,,,,,siding|metal|panel,R703.4,N,,,,,,,,ORDER,5,,"26 Gauge, 36"" coverage"
SIDING-MTL-AG-26-BROW-12,SIDING-MTL-AG-26-BROW-12-V1,siding,metal_siding,panel,metal_panel,AG Panel (Ag Rib) 26 Gauge Brown 12',,,EquivalentOnlySameSpec,,,,0.018,36,,144,,,,SF,EA,,,,36,,,,,,,,,,,,,,,,Brown,,,,,,,,,,,,,,siding|metal|panel,R703.4,N,,,,,,,,ORDER,5,,"26 Gauge, 36"" coverage"
SIDING-MTL-AG-26-BROW-16,SIDING-MTL-AG-26-BROW-16-V1,siding,metal_siding,panel,metal_panel,AG Panel (Ag Rib) 26 Gauge Brown 16',,,EquivalentOnlySameSpec,,,,0.018,36,,192,,,,SF,EA,,,,48,,,,,,,,,,,,,,,,Brown,,,,,,,,,,,,,,siding|metal|panel,R703.4,N,,,,,,,,ORDER,5,,"26 Gauge, 36"" coverage"
SIDING-MTL-AG-26-GREE-8,SIDING-MTL-AG-26-GREE-8-V1,siding,metal_siding,panel,metal_panel,AG Panel (Ag Rib) 26 Gauge Green 8',,,EquivalentOnlySameSpec,,,,0.018,36,,96,,,,SF,EA,,,,24,,,,,,,,,,,,,,,,Green,,,,,,,,,,,,,,siding|metal|panel,R703.4,N,,,,,,,,ORDER,5,,"26 Gauge, 36"" coverage"
SIDING-MTL-AG-26-GREE-10,SIDING-MTL-AG-26-GREE-10-V1,siding,metal_siding,panel,metal_panel,AG Panel (Ag Rib) 26 Gauge Green 10',,,EquivalentOnlySameSpec,,,,0.018,36,,120,,,,SF,EA,,,,30,,,,,,,,,,,,,,,,Green,,,,,,,,,,,,,,siding|metal|panel,R703.4,N,,,,,,,,ORDER,5,,"26 Gauge, 36"" coverage"
SIDING-MTL-AG-26-GREE-12,SIDING-MTL-AG-26-GREE-12-V1,siding,metal_siding,panel,metal_panel,AG Panel (Ag Rib) 26 Gauge Green 12',,,EquivalentOnlySameSpec,,,,0.018,36,,144,,,,SF,EA,,,,36,,,,,,,,,,,,,,,,Green,,,,,,,,,,,,,,siding|metal|panel,R703.4,N,,,,,,,,ORDER,5,,"26 Gauge, 36"" coverage"
SIDING-MTL-AG-26-GREE-16,SIDING-MTL-AG-26-GREE-16-V1,siding,metal_siding,panel,metal_panel,AG Panel (Ag Rib) 26 Gauge Green 16',,,EquivalentOnlySameSpec,,,,0.018,36,,192,,,,SF,EA,,,,48,,,,,,,,,,,,,,,,Green,,,,,,,,,,,,,,siding|metal|panel,R703.4,N,,,,,,,,ORDER,5,,"26 Gauge, 36"" coverage"
SIDING-MTL-PBR-29-GALV-8,SIDING-MTL-PBR-29-GALV-8-V1,siding,metal_siding,panel,metal_panel,PBR Panel 29 Gauge Galvalume 8',,,EquivalentOnlySameSpec,,,,0.015,36,,96,,,,SF,EA,,,,24,,,,,,,,,,,,,,,,Galvalume,,,,,,,,,,,,,,siding|metal|panel,R703.4,N,,,,,,,,ORDER,5,,"29 Gauge, 36"" coverage"
SIDING-MTL-PBR-29-GALV-10,SIDING-MTL-PBR-29-GALV-10-V1,siding,metal_siding,panel,metal_panel,PBR Panel 29 Gauge Galvalume 10',,,EquivalentOnlySameSpec,,,,0.015,36,,120,,,,SF,EA,,,,30,,,,,,,,,,,,,,,,Galvalume,,,,,,,,,,,,,,siding|metal|panel,R703.4,N,,,,,,,,ORDER,5,,"29 Gauge, 36"" coverage"
SIDING-MTL-PBR-29-GALV-12,SIDING-MTL-PBR-29-GALV-12-V1,siding,metal_siding,panel,metal_panel,PBR Panel 29 Gauge Galvalume 12',,,EquivalentOnlySameSpec,,,,0.015,36,,144,,,,SF,EA,,,,36,,,,,,,,,,,,,,,,Galvalume,,,,,,,,,,,,,,siding|metal|panel,R703.4,N,,,,,,,,ORDER,5,,"29 Gauge, 36"" coverage"
SIDING-MTL-PBR-29-GALV-16,SIDING-MTL-PBR-29-GALV-16-V1,siding,metal_siding,panel,metal_panel,PBR Panel 29 Gauge Galvalume 16',,,EquivalentOnlySameSpec,,,,0.015,36,,192,,,,SF,EA,,,,48,,,,,,,,,,,,,,,,Galvalume,,,,,,,,,,,,,,siding|metal|panel,R703.4,N,,,,,,,,ORDER,5,,"29 Gauge, 36"" coverage"
SIDING-MTL-PBR-29-WHIT-8,SIDING-MTL-PBR-29-WHIT-8-V1,siding,metal_siding,panel,metal_panel,PBR Panel 29 Gauge White 8',,,EquivalentOnlySameSpec,,,,0.015,36,,96,,,,SF,EA,,,,24,,,,,,,,,,,,,,,,White,,,,,,,,,,,,,,siding|metal|panel,R703.4,N,,,,,,,,ORDER,5,,"29 Gauge, 36"" coverage"
SIDING-MTL-PBR-29-WHIT-10,SIDING-MTL-PBR-29-WHIT-10-V1,siding,metal_siding,panel,metal_panel,PBR Panel 29 Gauge White 10',,,EquivalentOnlySameSpec,,,,0.015,36,,120,,,,SF,EA,,,,30,,,,,,,,,,,,,,,,White,,,,,,,,,,,,,,siding|metal|panel,R703.4,N,,,,,,,,ORDER,5,,"29 Gauge, 36"" coverage"
SIDING-MTL-PBR-29-WHIT-12,SIDING-MTL-PBR-29-WHIT-12-V1,siding,metal_siding,panel,metal_panel,PBR Panel 29 Gauge White 12',,,EquivalentOnlySameSpec,,,,0.015,36,,144,,,,SF,EA,,,,36,,,,,,,,,,,,,,,,White,,,,,,,,,,,,,,siding|metal|panel,R703.4,N,,,,,,,,ORDER,5,,"29 Gauge, 36"" coverage"
SIDING-MTL-PBR-29-WHIT-16,SIDING-MTL-PBR-29-WHIT-16-V1,siding,metal_siding,panel,metal_panel,PBR Panel 29 Gauge White 16',,,EquivalentOnlySameSpec,,,,0.015,36,,192,,,,SF,EA,,,,48,,,,,,,,,,,,,,,,White,,,,,,,,,,,,,,siding|metal|panel,R703.4,N,,,,,,,,ORDER,5,,"29 Gauge, 36"" coverage"
SIDING-MTL-PBR-29-CHAR-8,SIDING-MTL-PBR-29-CHAR-8-V1,siding,metal_siding,panel,metal_panel,PBR Panel 29 Gauge Charcoal 8',,,EquivalentOnlySameSpec,,,,0.015,36,,96,,,,SF,EA,,,,24,,,,,,,,,,,,,,,,Charcoal,,,,,,,,,,,,,,siding|metal|panel,R703.4,N,,,,,,,,ORDER,5,,"29 Gauge, 36"" coverage"
SIDING-MTL-PBR-29-CHAR-10,SIDING-MTL-PBR-29-CHAR-10-V1,siding,metal_siding,panel,metal_panel,PBR Panel 29 Gauge Charcoal 10',,,EquivalentOnlySameSpec,,,,0.015,36,,120,,,,SF,EA,,,,30,,,,,,,,,,,,,,,,Charcoal,,,,,,,,,,,,,,siding|metal|panel,R703.4,N,,,,,,,,ORDER,5,,"29 Gauge, 36"" coverage"
SIDING-MTL-PBR-29-CHAR-12,SIDING-MTL-PBR-29-CHAR-12-V1,siding,metal_siding,panel,metal_panel,PBR Panel 29 Gauge Charcoal 12',,,EquivalentOnlySameSpec,,,,0.015,36,,144,,,,SF,EA,,,,36,,,,,,,,,,,,,,,,Charcoal,,,,,,,,,,,,,,siding|metal|panel,R703.4,N,,,,,,,,ORDER,5,,"29 Gauge, 36"" coverage"
SIDING-MTL-PBR-29-CHAR-16,SIDING-MTL-PBR-29-CHAR-16-V1,siding,metal_siding,panel,metal_panel,PBR Panel 29 Gauge Charcoal 16',,,EquivalentOnlySameSpec,,,,0.015,36,,192,,,,SF,EA,,,,48,,,,,,,,,,,,,,,,Charcoal,,,,,,,,,,,,,,siding|metal|panel,R703.4,N,,,,,,,,ORDER,5,,"29 Gauge, 36"" coverage"
SIDING-MTL-PBR-29-BROW-8,SIDING-MTL-PBR-29-BROW-8-V1,siding,metal_siding,panel,metal_panel,PBR Panel 29 Gauge Brown 8',,,EquivalentOnlySameSpec,,,,0.015,36,,96,,,,SF,EA,,,,24,,,,,,,,,,,,,,,,Brown,,,,,,,,,,,,,,siding|metal|panel,R703.4,N,,,,,,,,ORDER,5,,"29 Gauge, 36"" coverage"
SIDING-MTL-PBR-29-BROW-10,SIDING-MTL-PBR-29-BROW-10-V1,siding,metal_siding,panel,metal_panel,PBR Panel 29 Gauge Brown 10',,,EquivalentOnlySameSpec,,,,0.015,36,,120,,,,SF,EA,,,,30,,,,,,,,,,,,,,,,Brown,,,,,,,,,,,,,,siding|metal|panel,R703.4,N,,,,,,,,ORDER,5,,"29 Gauge, 36"" coverage"
SIDING-MTL-PBR-29-BROW-12,SIDING-MTL-PBR-29-BROW-12-V1,siding,metal_siding,panel,metal_panel,PBR Panel 29 Gauge Brown 12',,,EquivalentOnlySameSpec,,,,0.015,36,,144,,,,SF,EA,,,,36,,,,,,,,,,,,,,,,Brown,,,,,,,,,,,,,,siding|metal|panel,R703.4,N,,,,,,,,ORDER,5,,"29 Gauge, 36"" coverage"
SIDING-MTL-PBR-29-BROW-16,SIDING-MTL-PBR-29-BROW-16-V1,siding,metal_siding,panel,metal_panel,PBR Panel 29 Gauge Brown 16',,,EquivalentOnlySameSpec,,,,0.015,36,,192,,,,SF,EA,,,,48,,,,,,,,,,,,,,,,Brown,,,,,,,,,,,,,,siding|metal|panel,R703.4,N,,,,,,,,ORDER,5,,"29 Gauge, 36"" coverage"
SIDING-MTL-PBR-29-GREE-8,SIDING-MTL-PBR-29-GREE-8-V1,siding,metal_siding,panel,metal_panel,PBR Panel 29 Gauge Green 8',,,EquivalentOnlySameSpec,,,,0.015,36,,96,,,,SF,EA,,,,24,,,,,,,,,,,,,,,,Green,,,,,,,,,,,,,,siding|metal|panel,R703.4,N,,,,,,,,ORDER,5,,"29 Gauge, 36"" coverage"
SIDING-MTL-PBR-29-GREE-10,SIDING-MTL-PBR-29-GREE-10-V1,siding,metal_siding,panel,metal_panel,PBR Panel 29 Gauge Green 10',,,EquivalentOnlySameSpec,,,,0.015,36,,120,,,,SF,EA,,,,30,,,,,,,,,,,,,,,,Green,,,,,,,,,,,,,,siding|metal|panel,R703.4,N,,,,,,,,ORDER,5,,"29 Gauge, 36"" coverage"
SIDING-MTL-PBR-29-GREE-12,SIDING-MTL-PBR-29-GREE-12-V1,siding,metal_siding,panel,metal_panel,PBR Panel 29 Gauge Green 12',,,EquivalentOnlySameSpec,,,,0.015,36,,144,,,,SF,EA,,,,36,,,,,,,,,,,,,,,,Green,,,,,,,,,,,,,,siding|metal|panel,R703.4,N,,,,,,,,ORDER,5,,"29 Gauge, 36"" coverage"
SIDING-MTL-PBR-29-GREE-16,SIDING-MTL-PBR-29-GREE-16-V1,siding,metal_siding,panel,metal_panel,PBR Panel 29 Gauge Green 16',,,EquivalentOnlySameSpec,,,,0.015,36,,192,,,,SF,EA,,,,48,,,,,,,,,,,,,,,,Green,,,,,,,,,,,,,,siding|metal|panel,R703.4,N,,,,,,,,ORDER,5,,"29 Gauge, 36"" coverage"
SIDING-MTL-PBR-26-GALV-8,SIDING-MTL-PBR-26-GALV-8-V1,siding,metal_siding,panel,metal_panel,PBR Panel 26 Gauge Galvalume 8',,,EquivalentOnlySameSpec,,,,0.018,36,,96,,,,SF,EA,,,,24,,,,,,,,,,,,,,,,Galvalume,,,,,,,,,,,,,,siding|metal|panel,R703.4,N,,,,,,,,ORDER,5,,"26 Gauge, 36"" coverage"
SIDING-MTL-PBR-26-GALV-10,SIDING-MTL-PBR-26-GALV-10-V1,siding,metal_siding,panel,metal_panel,PBR Panel 26 Gauge Galvalume 10',,,EquivalentOnlySameSpec,,,,0.018,36,,120,,,,SF,EA,,,,30,,,,,,,,,,,,,,,,Galvalume,,,,,,,,,,,,,,siding|metal|panel,R703.4,N,,,,,,,,ORDER,5,,"26 Gauge, 36"" coverage"
SIDING-MTL-PBR-26-GALV-12,SIDING-MTL-PBR-26-GALV-12-V1,siding,metal_siding,panel,metal_panel,PBR Panel 26 Gauge Galvalume 12',,,EquivalentOnlySameSpec,,,,0.018,36,,144,,,,SF,EA,,,,36,,,,,,,,,,,,,,,,Galvalume,,,,,,,,,,,,,,siding|metal|panel,R703.4,N,,,,,,,,ORDER,5,,"26 Gauge, 36"" coverage"
SIDING-MTL-PBR-26-GALV-16,SIDING-MTL-PBR-26-GALV-16-V1,siding,metal_siding,panel,metal_panel,PBR Panel 26 Gauge Galvalume 16',,,EquivalentOnlySameSpec,,,,0.018,36,,192,,,,SF,EA,,,,48,,,,,,,,,,,,,,,,Galvalume,,,,,,,,,,,,,,siding|metal|panel,R703.4,N,,,,,,,,ORDER,5,,"26 Gauge, 36"" coverage"
SIDING-MTL-PBR-26-WHIT-8,SIDING-MTL-PBR-26-WHIT-8-V1,siding,metal_siding,panel,metal_panel,PBR Panel 26 Gauge White 8',,,EquivalentOnlySameSpec,,,,0.018,36,,96,,,,SF,EA,,,,24,,,,,,,,,,,,,,,,White,,,,,,,,,,,,,,siding|metal|panel,R703.4,N,,,,,,,,ORDER,5,,"26 Gauge, 36"" coverage"
SIDING-MTL-PBR-26-WHIT-10,SIDING-MTL-PBR-26-WHIT-10-V1,siding,metal_siding,panel,metal_panel,PBR Panel 26 Gauge White 10',,,EquivalentOnlySameSpec,,,,0.018,36,,120,,,,SF,EA,,,,30,,,,,,,,,,,,,,,,White,,,,,,,,,,,,,,siding|metal|panel,R703.4,N,,,,,,,,ORDER,5,,"26 Gauge, 36"" coverage"
SIDING-MTL-PBR-26-WHIT-12,SIDING-MTL-PBR-26-WHIT-12-V1,siding,metal_siding,panel,metal_panel,PBR Panel 26 Gauge White 12',,,EquivalentOnlySameSpec,,,,0.018,36,,144,,,,SF,EA,,,,36,,,,,,,,,,,,,,,,White,,,,,,,,,,,,,,siding|metal|panel,R703.4,N,,,,,,,,ORDER,5,,"26 Gauge, 36"" coverage"
SIDING-MTL-PBR-26-WHIT-16,SIDING-MTL-PBR-26-WHIT-16-V1,siding,metal_siding,panel,metal_panel,PBR Panel 26 Gauge White 16',,,EquivalentOnlySameSpec,,,,0.018,36,,192,,,,SF,EA,,,,48,,,,,,,,,,,,,,,,White,,,,,,,,,,,,,,siding|metal|panel,R703.4,N,,,,,,,,ORDER,5,,"26 Gauge, 36"" coverage"
SIDING-MTL-PBR-26-CHAR-8,SIDING-MTL-PBR-26-CHAR-8-V1,siding,metal_siding,panel,metal_panel,PBR Panel 26 Gauge Charcoal 8',,,EquivalentOnlySameSpec,,,,0.018,36,,96,,,,SF,EA,,,,24,,,,,,,,,,,,,,,,Charcoal,,,,,,,,,,,,,,siding|metal|panel,R703.4,N,,,,,,,,ORDER,5,,"26 Gauge, 36"" coverage"
SIDING-MTL-PBR-26-CHAR-10,SIDING-MTL-PBR-26-CHAR-10-V1,siding,metal_siding,panel,metal_panel,PBR Panel 26 Gauge Charcoal 10',,,EquivalentOnlySameSpec,,,,0.018,36,,120,,,,SF,EA,,,,30,,,,,,,,,,,,,,,,Charcoal,,,,,,,,,,,,,,siding|metal|panel,R703.4,N,,,,,,,,ORDER,5,,"26 Gauge, 36"" coverage"
SIDING-MTL-PBR-26-CHAR-12,SIDING-MTL-PBR-26-CHAR-12-V1,siding,metal_siding,panel,metal_panel,PBR Panel 26 Gauge Charcoal 12',,,EquivalentOnlySameSpec,,,,0.018,36,,144,,,,SF,EA,,,,36,,,,,,,,,,,,,,,,Charcoal,,,,,,,,,,,,,,siding|metal|panel,R703.4,N,,,,,,,,ORDER,5,,"26 Gauge, 36"" coverage"
SIDING-MTL-PBR-26-CHAR-16,SIDING-MTL-PBR-26-CHAR-16-V1,siding,metal_siding,panel,metal_panel,PBR Panel 26 Gauge Charcoal 16',,,EquivalentOnlySameSpec,,,,0.018,36,,192,,,,SF,EA,,,,48,,,,,,,,,,,,,,,,Charcoal,,,,,,,,,,,,,,siding|metal|panel,R703.4,N,,,,,,,,ORDER,5,,"26 Gauge, 36"" coverage"
SIDING-MTL-PBR-26-BROW-8,SIDING-MTL-PBR-26-BROW-8-V1,siding,metal_siding,panel,metal_panel,PBR Panel 26 Gauge Brown 8',,,EquivalentOnlySameSpec,,,,0.018,36,,96,,,,SF,EA,,,,24,,,,,,,,,,,,,,,,Brown,,,,,,,,,,,,,,siding|metal|panel,R703.4,N,,,,,,,,ORDER,5,,"26 Gauge, 36"" coverage"
SIDING-MTL-PBR-26-BROW-10,SIDING-MTL-PBR-26-BROW-10-V1,siding,metal_siding,panel,metal_panel,PBR Panel 26 Gauge Brown 10',,,EquivalentOnlySameSpec,,,,0.018,36,,120,,,,SF,EA,,,,30,,,,,,,,,,,,,,,,Brown,,,,,,,,,,,,,,siding|metal|panel,R703.4,N,,,,,,,,ORDER,5,,"26 Gauge, 36"" coverage"
SIDING-MTL-PBR-26-BROW-12,SIDING-MTL-PBR-26-BROW-12-V1,siding,metal_siding,panel,metal_panel,PBR Panel 26 Gauge Brown 12',,,EquivalentOnlySameSpec,,,,0.018,36,,144,,,,SF,EA,,,,36,,,,,,,,,,,,,,,,Brown,,,,,,,,,,,,,,siding|metal|panel,R703.4,N,,,,,,,,ORDER,5,,"26 Gauge, 36"" coverage"
SIDING-MTL-PBR-26-BROW-16,SIDING-MTL-PBR-26-BROW-16-V1,siding,metal_siding,panel,metal_panel,PBR Panel 26 Gauge Brown 16',,,EquivalentOnlySameSpec,,,,0.018,36,,192,,,,SF,EA,,,,48,,,,,,,,,,,,,,,,Brown,,,,,,,,,,,,,,siding|metal|panel,R703.4,N,,,,,,,,ORDER,5,,"26 Gauge, 36"" coverage"
SIDING-MTL-PBR-26-GREE-8,SIDING-MTL-PBR-26-GREE-8-V1,siding,metal_siding,panel,metal_panel,PBR Panel 26 Gauge Green 8',,,EquivalentOnlySameSpec,,,,0.018,36,,96,,,,SF,EA,,,,24,,,,,,,,,,,,,,,,Green,,,,,,,,,,,,,,siding|metal|panel,R703.4,N,,,,,,,,ORDER,5,,"26 Gauge, 36"" coverage"
SIDING-MTL-PBR-26-GREE-10,SIDING-MTL-PBR-26-GREE-10-V1,siding,metal_siding,panel,metal_panel,PBR Panel 26 Gauge Green 10',,,EquivalentOnlySameSpec,,,,0.018,36,,120,,,,SF,EA,,,,30,,,,,,,,,,,,,,,,Green,,,,,,,,,,,,,,siding|metal|panel,R703.4,N,,,,,,,,ORDER,5,,"26 Gauge, 36"" coverage"
SIDING-MTL-PBR-26-GREE-12,SIDING-MTL-PBR-26-GREE-12-V1,siding,metal_siding,panel,metal_panel,PBR Panel 26 Gauge Green 12',,,EquivalentOnlySameSpec,,,,0.018,36,,144,,,,SF,EA,,,,36,,,,,,,,,,,,,,,,Green,,,,,,,,,,,,,,siding|metal|panel,R703.4,N,,,,,,,,ORDER,5,,"26 Gauge, 36"" coverage"
SIDING-MTL-PBR-26-GREE-16,SIDING-MTL-PBR-26-GREE-16-V1,siding,metal_siding,panel,metal_panel,PBR Panel 26 Gauge Green 16',,,EquivalentOnlySameSpec,,,,0.018,36,,192,,,,SF,EA,,,,48,,,,,,,,,,,,,,,,Green,,,,,,,,,,,,,,siding|metal|panel,R703.4,N,,,,,,,,ORDER,5,,"26 Gauge, 36"" coverage"
SIDING-MTL-5V-29-GALV-8,SIDING-MTL-5V-29-GALV-8-V1,siding,metal_siding,panel,metal_panel,5-V Crimp 29 Gauge Galvalume 8',,,EquivalentOnlySameSpec,,,,0.015,36,,96,,,,SF,EA,,,,24,,,,,,,,,,,,,,,,Galvalume,,,,,,,,,,,,,,siding|metal|panel,R703.4,N,,,,,,,,ORDER,5,,"29 Gauge, 24"" coverage"
SIDING-MTL-5V-29-GALV-10,SIDING-MTL-5V-29-GALV-10-V1,siding,metal_siding,panel,metal_panel,5-V Crimp 29 Gauge Galvalume 10',,,EquivalentOnlySameSpec,,,,0.015,36,,120,,,,SF,EA,,,,30,,,,,,,,,,,,,,,,Galvalume,,,,,,,,,,,,,,siding|metal|panel,R703.4,N,,,,,,,,ORDER,5,,"29 Gauge, 24"" coverage"
SIDING-MTL-5V-29-GALV-12,SIDING-MTL-5V-29-GALV-12-V1,siding,metal_siding,panel,metal_panel,5-V Crimp 29 Gauge Galvalume 12',,,EquivalentOnlySameSpec,,,,0.015,36,,144,,,,SF,EA,,,,36,,,,,,,,,,,,,,,,Galvalume,,,,,,,,,,,,,,siding|metal|panel,R703.4,N,,,,,,,,ORDER,5,,"29 Gauge, 24"" coverage"
SIDING-MTL-5V-29-GALV-16,SIDING-MTL-5V-29-GALV-16-V1,siding,metal_siding,panel,metal_panel,5-V Crimp 29 Gauge Galvalume 16',,,EquivalentOnlySameSpec,,,,0.015,36,,192,,,,SF,EA,,,,48,,,,,,,,,,,,,,,,Galvalume,,,,,,,,,,,,,,siding|metal|panel,R703.4,N,,,,,,,,ORDER,5,,"29 Gauge, 24"" coverage"
SIDING-MTL-5V-29-WHIT-8,SIDING-MTL-5V-29-WHIT-8-V1,siding,metal_siding,panel,metal_panel,5-V Crimp 29 Gauge White 8',,,EquivalentOnlySameSpec,,,,0.015,36,,96,,,,SF,EA,,,,24,,,,,,,,,,,,,,,,White,,,,,,,,,,,,,,siding|metal|panel,R703.4,N,,,,,,,,ORDER,5,,"29 Gauge, 24"" coverage"
SIDING-MTL-5V-29-WHIT-10,SIDING-MTL-5V-29-WHIT-10-V1,siding,metal_siding,panel,metal_panel,5-V Crimp 29 Gauge White 10',,,EquivalentOnlySameSpec,,,,0.015,36,,120,,,,SF,EA,,,,30,,,,,,,,,,,,,,,,White,,,,,,,,,,,,,,siding|metal|panel,R703.4,N,,,,,,,,ORDER,5,,"29 Gauge, 24"" coverage"
SIDING-MTL-5V-29-WHIT-12,SIDING-MTL-5V-29-WHIT-12-V1,siding,metal_siding,panel,metal_panel,5-V Crimp 29 Gauge White 12',,,EquivalentOnlySameSpec,,,,0.015,36,,144,,,,SF,EA,,,,36,,,,,,,,,,,,,,,,White,,,,,,,,,,,,,,siding|metal|panel,R703.4,N,,,,,,,,ORDER,5,,"29 Gauge, 24"" coverage"
SIDING-MTL-5V-29-WHIT-16,SIDING-MTL-5V-29-WHIT-16-V1,siding,metal_siding,panel,metal_panel,5-V Crimp 29 Gauge White 16',,,EquivalentOnlySameSpec,,,,0.015,36,,192,,,,SF,EA,,,,48,,,,,,,,,,,,,,,,White,,,,,,,,,,,,,,siding|metal|panel,R703.4,N,,,,,,,,ORDER,5,,"29 Gauge, 24"" coverage"
SIDING-MTL-5V-29-CHAR-8,SIDING-MTL-5V-29-CHAR-8-V1,siding,metal_siding,panel,metal_panel,5-V Crimp 29 Gauge Charcoal 8',,,EquivalentOnlySameSpec,,,,0.015,36,,96,,,,SF,EA,,,,24,,,,,,,,,,,,,,,,Charcoal,,,,,,,,,,,,,,siding|metal|panel,R703.4,N,,,,,,,,ORDER,5,,"29 Gauge, 24"" coverage"
SIDING-MTL-5V-29-CHAR-10,SIDING-MTL-5V-29-CHAR-10-V1,siding,metal_siding,panel,metal_panel,5-V Crimp 29 Gauge Charcoal 10',,,EquivalentOnlySameSpec,,,,0.015,36,,120,,,,SF,EA,,,,30,,,,,,,,,,,,,,,,Charcoal,,,,,,,,,,,,,,siding|metal|panel,R703.4,N,,,,,,,,ORDER,5,,"29 Gauge, 24"" coverage"
SIDING-MTL-5V-29-CHAR-12,SIDING-MTL-5V-29-CHAR-12-V1,siding,metal_siding,panel,metal_panel,5-V Crimp 29 Gauge Charcoal 12',,,EquivalentOnlySameSpec,,,,0.015,36,,144,,,,SF,EA,,,,36,,,,,,,,,,,,,,,,Charcoal,,,,,,,,,,,,,,siding|metal|panel,R703.4,N,,,,,,,,ORDER,5,,"29 Gauge, 24"" coverage"
SIDING-MTL-5V-29-CHAR-16,SIDING-MTL-5V-29-CHAR-16-V1,siding,metal_siding,panel,metal_panel,5-V Crimp 29 Gauge Charcoal 16',,,EquivalentOnlySameSpec,,,,0.015,36,,192,,,,SF,EA,,,,48,,,,,,,,,,,,,,,,Charcoal,,,,,,,,,,,,,,siding|metal|panel,R703.4,N,,,,,,,,ORDER,5,,"29 Gauge, 24"" coverage"
SIDING-MTL-5V-29-BROW-8,SIDING-MTL-5V-29-BROW-8-V1,siding,metal_siding,panel,metal_panel,5-V Crimp 29 Gauge Brown 8',,,EquivalentOnlySameSpec,,,,0.015,36,,96,,,,SF,EA,,,,24,,,,,,,,,,,,,,,,Brown,,,,,,,,,,,,,,siding|metal|panel,R703.4,N,,,,,,,,ORDER,5,,"29 Gauge, 24"" coverage"
SIDING-MTL-5V-29-BROW-10,SIDING-MTL-5V-29-BROW-10-V1,siding,metal_siding,panel,metal_panel,5-V Crimp 29 Gauge Brown 10',,,EquivalentOnlySameSpec,,,,0.015,36,,120,,,,SF,EA,,,,30,,,,,,,,,,,,,,,,Brown,,,,,,,,,,,,,,siding|metal|panel,R703.4,N,,,,,,,,ORDER,5,,"29 Gauge, 24"" coverage"
SIDING-MTL-5V-29-BROW-12,SIDING-MTL-5V-29-BROW-12-V1,siding,metal_siding,panel,metal_panel,5-V Crimp 29 Gauge Brown 12',,,EquivalentOnlySameSpec,,,,0.015,36,,144,,,,SF,EA,,,,36,,,,,,,,,,,,,,,,Brown,,,,,,,,,,,,,,siding|metal|panel,R703.4,N,,,,,,,,ORDER,5,,"29 Gauge, 24"" coverage"
SIDING-MTL-5V-29-BROW-16,SIDING-MTL-5V-29-BROW-16-V1,siding,metal_siding,panel,metal_panel,5-V Crimp 29 Gauge Brown 16',,,EquivalentOnlySameSpec,,,,0.015,36,,192,,,,SF,EA,,,,48,,,,,,,,,,,,,,,,Brown,,,,,,,,,,,,,,siding|metal|panel,R703.4,N,,,,,,,,ORDER,5,,"29 Gauge, 24"" coverage"
SIDING-MTL-5V-29-GREE-8,SIDING-MTL-5V-29-GREE-8-V1,siding,metal_siding,panel,metal_panel,5-V Crimp 29 Gauge Green 8',,,EquivalentOnlySameSpec,,,,0.015,36,,96,,,,SF,EA,,,,24,,,,,,,,,,,,,,,,Green,,,,,,,,,,,,,,siding|metal|panel,R703.4,N,,,,,,,,ORDER,5,,"29 Gauge, 24"" coverage"
SIDING-MTL-5V-29-GREE-10,SIDING-MTL-5V-29-GREE-10-V1,siding,metal_siding,panel,metal_panel,5-V Crimp 29 Gauge Green 10',,,EquivalentOnlySameSpec,,,,0.015,36,,120,,,,SF,EA,,,,30,,,,,,,,,,,,,,,,Green,,,,,,,,,,,,,,siding|metal|panel,R703.4,N,,,,,,,,ORDER,5,,"29 Gauge, 24"" coverage"
SIDING-MTL-5V-29-GREE-12,SIDING-MTL-5V-29-GREE-12-V1,siding,metal_siding,panel,metal_panel,5-V Crimp 29 Gauge Green 12',,,EquivalentOnlySameSpec,,,,0.015,36,,144,,,,SF,EA,,,,36,,,,,,,,,,,,,,,,Green,,,,,,,,,,,,,,siding|metal|panel,R703.4,N,,,,,,,,ORDER,5,,"29 Gauge, 24"" coverage"
SIDING-MTL-5V-29-GREE-16,SIDING-MTL-5V-29-GREE-16-V1,siding,metal_siding,panel,metal_panel,5-V Crimp 29 Gauge Green 16',,,EquivalentOnlySameSpec,,,,0.015,36,,192,,,,SF,EA,,,,48,,,,,,,,,,,,,,,,Green,,,,,,,,,,,,,,siding|metal|panel,R703.4,N,,,,,,,,ORDER,5,,"29 Gauge, 24"" coverage"
SIDING-MTL-5V-26-GALV-8,SIDING-MTL-5V-26-GALV-8-V1,siding,metal_siding,panel,metal_panel,5-V Crimp 26 Gauge Galvalume 8',,,EquivalentOnlySameSpec,,,,0.018,36,,96,,,,SF,EA,,,,24,,,,,,,,,,,,,,,,Galvalume,,,,,,,,,,,,,,siding|metal|panel,R703.4,N,,,,,,,,ORDER,5,,"26 Gauge, 24"" coverage"
SIDING-MTL-5V-26-GALV-10,SIDING-MTL-5V-26-GALV-10-V1,siding,metal_siding,panel,metal_panel,5-V Crimp 26 Gauge Galvalume 10',,,EquivalentOnlySameSpec,,,,0.018,36,,120,,,,SF,EA,,,,30,,,,,,,,,,,,,,,,Galvalume,,,,,,,,,,,,,,siding|metal|panel,R703.4,N,,,,,,,,ORDER,5,,"26 Gauge, 24"" coverage"
SIDING-MTL-5V-26-GALV-12,SIDING-MTL-5V-26-GALV-12-V1,siding,metal_siding,panel,metal_panel,5-V Crimp 26 Gauge Galvalume 12',,,EquivalentOnlySameSpec,,,,0.018,36,,144,,,,SF,EA,,,,36,,,,,,,,,,,,,,,,Galvalume,,,,,,,,,,,,,,siding|metal|panel,R703.4,N,,,,,,,,ORDER,5,,"26 Gauge, 24"" coverage"
SIDING-MTL-5V-26-GALV-16,SIDING-MTL-5V-26-GALV-16-V1,siding,metal_siding,panel,metal_panel,5-V Crimp 26 Gauge Galvalume 16',,,EquivalentOnlySameSpec,,,,0.018,36,,192,,,,SF,EA,,,,48,,,,,,,,,,,,,,,,Galvalume,,,,,,,,,,,,,,siding|metal|panel,R703.4,N,,,,,,,,ORDER,5,,"26 Gauge, 24"" coverage"
SIDING-MTL-5V-26-WHIT-8,SIDING-MTL-5V-26-WHIT-8-V1,siding,metal_siding,panel,metal_panel,5-V Crimp 26 Gauge White 8',,,EquivalentOnlySameSpec,,,,0.018,36,,96,,,,SF,EA,,,,24,,,,,,,,,,,,,,,,White,,,,,,,,,,,,,,siding|metal|panel,R703.4,N,,,,,,,,ORDER,5,,"26 Gauge, 24"" coverage"
SIDING-MTL-5V-26-WHIT-10,SIDING-MTL-5V-26-WHIT-10-V1,siding,metal_siding,panel,metal_panel,5-V Crimp 26 Gauge White 10',,,EquivalentOnlySameSpec,,,,0.018,36,,120,,,,SF,EA,,,,30,,,,,,,,,,,,,,,,White,,,,,,,,,,,,,,siding|metal|panel,R703.4,N,,,,,,,,ORDER,5,,"26 Gauge, 24"" coverage"
SIDING-MTL-5V-26-WHIT-12,SIDING-MTL-5V-26-WHIT-12-V1,siding,metal_siding,panel,metal_panel,5-V Crimp 26 Gauge White 12',,,EquivalentOnlySameSpec,,,,0.018,36,,144,,,,SF,EA,,,,36,,,,,,,,,,,,,,,,White,,,,,,,,,,,,,,siding|metal|panel,R703.4,N,,,,,,,,ORDER,5,,"26 Gauge, 24"" coverage"
SIDING-MTL-5V-26-WHIT-16,SIDING-MTL-5V-26-WHIT-16-V1,siding,metal_siding,panel,metal_panel,5-V Crimp 26 Gauge White 16',,,EquivalentOnlySameSpec,,,,0.018,36,,192,,,,SF,EA,,,,48,,,,,,,,,,,,,,,,White,,,,,,,,,,,,,,siding|metal|panel,R703.4,N,,,,,,,,ORDER,5,,"26 Gauge, 24"" coverage"
SIDING-MTL-5V-26-CHAR-8,SIDING-MTL-5V-26-CHAR-8-V1,siding,metal_siding,panel,metal_panel,5-V Crimp 26 Gauge Charcoal 8',,,EquivalentOnlySameSpec,,,,0.018,36,,96,,,,SF,EA,,,,24,,,,,,,,,,,,,,,,Charcoal,,,,,,,,,,,,,,siding|metal|panel,R703.4,N,,,,,,,,ORDER,5,,"26 Gauge, 24"" coverage"
SIDING-MTL-5V-26-CHAR-10,SIDING-MTL-5V-26-CHAR-10-V1,siding,metal_siding,panel,metal_panel,5-V Crimp 26 Gauge Charcoal 10',,,EquivalentOnlySameSpec,,,,0.018,36,,120,,,,SF,EA,,,,30,,,,,,,,,,,,,,,,Charcoal,,,,,,,,,,,,,,siding|metal|panel,R703.4,N,,,,,,,,ORDER,5,,"26 Gauge, 24"" coverage"
SIDING-MTL-5V-26-CHAR-12,SIDING-MTL-5V-26-CHAR-12-V1,siding,metal_siding,panel,metal_panel,5-V Crimp 26 Gauge Charcoal 12',,,EquivalentOnlySameSpec,,,,0.018,36,,144,,,,SF,EA,,,,36,,,,,,,,,,,,,,,,Charcoal,,,,,,,,,,,,,,siding|metal|panel,R703.4,N,,,,,,,,ORDER,5,,"26 Gauge, 24"" coverage"
SIDING-MTL-5V-26-CHAR-16,SIDING-MTL-5V-26-CHAR-16-V1,siding,metal_siding,panel,metal_panel,5-V Crimp 26 Gauge Charcoal 16',,,EquivalentOnlySameSpec,,,,0.018,36,,192,,,,SF,EA,,,,48,,,,,,,,,,,,,,,,Charcoal,,,,,,,,,,,,,,siding|metal|panel,R703.4,N,,,,,,,,ORDER,5,,"26 Gauge, 24"" coverage"
SIDING-MTL-5V-26-BROW-8,SIDING-MTL-5V-26-BROW-8-V1,siding,metal_siding,panel,metal_panel,5-V Crimp 26 Gauge Brown 8',,,EquivalentOnlySameSpec,,,,0.018,36,,96,,,,SF,EA,,,,24,,,,,,,,,,,,,,,,Brown,,,,,,,,,,,,,,siding|metal|panel,R703.4,N,,,,,,,,ORDER,5,,"26 Gauge, 24"" coverage"
SIDING-MTL-5V-26-BROW-10,SIDING-MTL-5V-26-BROW-10-V1,siding,metal_siding,panel,metal_panel,5-V Crimp 26 Gauge Brown 10',,,EquivalentOnlySameSpec,,,,0.018,36,,120,,,,SF,EA,,,,30,,,,,,,,,,,,,,,,Brown,,,,,,,,,,,,,,siding|metal|panel,R703.4,N,,,,,,,,ORDER,5,,"26 Gauge, 24"" coverage"
SIDING-MTL-5V-26-BROW-12,SIDING-MTL-5V-26-BROW-12-V1,siding,metal_siding,panel,metal_panel,5-V Crimp 26 Gauge Brown 12',,,EquivalentOnlySameSpec,,,,0.018,36,,144,,,,SF,EA,,,,36,,,,,,,,,,,,,,,,Brown,,,,,,,,,,,,,,siding|metal|panel,R703.4,N,,,,,,,,ORDER,5,,"26 Gauge, 24"" coverage"
SIDING-MTL-5V-26-BROW-16,SIDING-MTL-5V-26-BROW-16-V1,siding,metal_siding,panel,metal_panel,5-V Crimp 26 Gauge Brown 16',,,EquivalentOnlySameSpec,,,,0.018,36,,192,,,,SF,EA,,,,48,,,,,,,,,,,,,,,,Brown,,,,,,,,,,,,,,siding|metal|panel,R703.4,N,,,,,,,,ORDER,5,,"26 Gauge, 24"" coverage"
SIDING-MTL-5V-26-GREE-8,SIDING-MTL-5V-26-GREE-8-V1,siding,metal_siding,panel,metal_panel,5-V Crimp 26 Gauge Green 8',,,EquivalentOnlySameSpec,,,,0.018,36,,96,,,,SF,EA,,,,24,,,,,,,,,,,,,,,,Green,,,,,,,,,,,,,,siding|metal|panel,R703.4,N,,,,,,,,ORDER,5,,"26 Gauge, 24"" coverage"
SIDING-MTL-5V-26-GREE-10,SIDING-MTL-5V-26-GREE-10-V1,siding,metal_siding,panel,metal_panel,5-V Crimp 26 Gauge Green 10',,,EquivalentOnlySameSpec,,,,0.018,36,,120,,,,SF,EA,,,,30,,,,,,,,,,,,,,,,Green,,,,,,,,,,,,,,siding|metal|panel,R703.4,N,,,,,,,,ORDER,5,,"26 Gauge, 24"" coverage"
SIDING-MTL-5V-26-GREE-12,SIDING-MTL-5V-26-GREE-12-V1,siding,metal_siding,panel,metal_panel,5-V Crimp 26 Gauge Green 12',,,EquivalentOnlySameSpec,,,,0.018,36,,144,,,,SF,EA,,,,36,,,,,,,,,,,,,,,,Green,,,,,,,,,,,,,,siding|metal|panel,R703.4,N,,,,,,,,ORDER,5,,"26 Gauge, 24"" coverage"
SIDING-MTL-5V-26-GREE-16,SIDING-MTL-5V-26-GREE-16-V1,siding,metal_siding,panel,metal_panel,5-V Crimp 26 Gauge Green 16',,,EquivalentOnlySameSpec,,,,0.018,36,,192,,,,SF,EA,,,,48,,,,,,,,,,,,,,,,Green,,,,,,,,,,,,,,siding|metal|panel,R703.4,N,,,,,,,,ORDER,5,,"26 Gauge, 24"" coverage"
SIDING-MTL-STAND-29-GALV-8,SIDING-MTL-STAND-29-GALV-8-V1,siding,metal_siding,panel,metal_panel,Standing Seam 29 Gauge Galvalume 8',,,EquivalentOnlySameSpec,,,,0.015,36,,96,,,,SF,EA,,,,24,,,,,,,,,,,,,,,,Galvalume,,,,,,,,,,,,,,siding|metal|panel,R703.4,N,,,,,,,,ORDER,5,,"29 Gauge, 12"" or 16"" coverage"
SIDING-MTL-STAND-29-GALV-10,SIDING-MTL-STAND-29-GALV-10-V1,siding,metal_siding,panel,metal_panel,Standing Seam 29 Gauge Galvalume 10',,,EquivalentOnlySameSpec,,,,0.015,36,,120,,,,SF,EA,,,,30,,,,,,,,,,,,,,,,Galvalume,,,,,,,,,,,,,,siding|metal|panel,R703.4,N,,,,,,,,ORDER,5,,"29 Gauge, 12"" or 16"" coverage"
SIDING-MTL-STAND-29-GALV-12,SIDING-MTL-STAND-29-GALV-12-V1,siding,metal_siding,panel,metal_panel,Standing Seam 29 Gauge Galvalume 12',,,EquivalentOnlySameSpec,,,,0.015,36,,144,,,,SF,EA,,,,36,,,,,,,,,,,,,,,,Galvalume,,,,,,,,,,,,,,siding|metal|panel,R703.4,N,,,,,,,,ORDER,5,,"29 Gauge, 12"" or 16"" coverage"
SIDING-MTL-STAND-29-GALV-16,SIDING-MTL-STAND-29-GALV-16-V1,siding,metal_siding,panel,metal_panel,Standing Seam 29 Gauge Galvalume 16',,,EquivalentOnlySameSpec,,,,0.015,36,,192,,,,SF,EA,,,,48,,,,,,,,,,,,,,,,Galvalume,,,,,,,,,,,,,,siding|metal|panel,R703.4,N,,,,,,,,ORDER,5,,"29 Gauge, 12"" or 16"" coverage"
SIDING-MTL-STAND-29-WHIT-8,SIDING-MTL-STAND-29-WHIT-8-V1,siding,metal_siding,panel,metal_panel,Standing Seam 29 Gauge White 8',,,EquivalentOnlySameSpec,,,,0.015,36,,96,,,,SF,EA,,,,24,,,,,,,,,,,,,,,,White,,,,,,,,,,,,,,siding|metal|panel,R703.4,N,,,,,,,,ORDER,5,,"29 Gauge, 12"" or 16"" coverage"
SIDING-MTL-STAND-29-WHIT-10,SIDING-MTL-STAND-29-WHIT-10-V1,siding,metal_siding,panel,metal_panel,Standing Seam 29 Gauge White 10',,,EquivalentOnlySameSpec,,,,0.015,36,,120,,,,SF,EA,,,,30,,,,,,,,,,,,,,,,White,,,,,,,,,,,,,,siding|metal|panel,R703.4,N,,,,,,,,ORDER,5,,"29 Gauge, 12"" or 16"" coverage"
SIDING-MTL-STAND-29-WHIT-12,SIDING-MTL-STAND-29-WHIT-12-V1,siding,metal_siding,panel,metal_panel,Standing Seam 29 Gauge White 12',,,EquivalentOnlySameSpec,,,,0.015,36,,144,,,,SF,EA,,,,36,,,,,,,,,,,,,,,,White,,,,,,,,,,,,,,siding|metal|panel,R703.4,N,,,,,,,,ORDER,5,,"29 Gauge, 12"" or 16"" coverage"
SIDING-MTL-STAND-29-WHIT-16,SIDING-MTL-STAND-29-WHIT-16-V1,siding,metal_siding,panel,metal_panel,Standing Seam 29 Gauge White 16',,,EquivalentOnlySameSpec,,,,0.015,36,,192,,,,SF,EA,,,,48,,,,,,,,,,,,,,,,White,,,,,,,,,,,,,,siding|metal|panel,R703.4,N,,,,,,,,ORDER,5,,"29 Gauge, 12"" or 16"" coverage"
SIDING-MTL-STAND-29-CHAR-8,SIDING-MTL-STAND-29-CHAR-8-V1,siding,metal_siding,panel,metal_panel,Standing Seam 29 Gauge Charcoal 8',,,EquivalentOnlySameSpec,,,,0.015,36,,96,,,,SF,EA,,,,24,,,,,,,,,,,,,,,,Charcoal,,,,,,,,,,,,,,siding|metal|panel,R703.4,N,,,,,,,,ORDER,5,,"29 Gauge, 12"" or 16"" coverage"
SIDING-MTL-STAND-29-CHAR-10,SIDING-MTL-STAND-29-CHAR-10-V1,siding,metal_siding,panel,metal_panel,Standing Seam 29 Gauge Charcoal 10',,,EquivalentOnlySameSpec,,,,0.015,36,,120,,,,SF,EA,,,,30,,,,,,,,,,,,,,,,Charcoal,,,,,,,,,,,,,,siding|metal|panel,R703.4,N,,,,,,,,ORDER,5,,"29 Gauge, 12"" or 16"" coverage"
SIDING-MTL-STAND-29-CHAR-12,SIDING-MTL-STAND-29-CHAR-12-V1,siding,metal_siding,panel,metal_panel,Standing Seam 29 Gauge Charcoal 12',,,EquivalentOnlySameSpec,,,,0.015,36,,144,,,,SF,EA,,,,36,,,,,,,,,,,,,,,,Charcoal,,,,,,,,,,,,,,siding|metal|panel,R703.4,N,,,,,,,,ORDER,5,,"29 Gauge, 12"" or 16"" coverage"
SIDING-MTL-STAND-29-CHAR-16,SIDING-MTL-STAND-29-CHAR-16-V1,siding,metal_siding,panel,metal_panel,Standing Seam 29 Gauge Charcoal 16',,,EquivalentOnlySameSpec,,,,0.015,36,,192,,,,SF,EA,,,,48,,,,,,,,,,,,,,,,Charcoal,,,,,,,,,,,,,,siding|metal|panel,R703.4,N,,,,,,,,ORDER,5,,"29 Gauge, 12"" or 16"" coverage"
SIDING-MTL-STAND-29-BROW-8,SIDING-MTL-STAND-29-BROW-8-V1,siding,metal_siding,panel,metal_panel,Standing Seam 29 Gauge Brown 8',,,EquivalentOnlySameSpec,,,,0.015,36,,96,,,,SF,EA,,,,24,,,,,,,,,,,,,,,,Brown,,,,,,,,,,,,,,siding|metal|panel,R703.4,N,,,,,,,,ORDER,5,,"29 Gauge, 12"" or 16"" coverage"
SIDING-MTL-STAND-29-BROW-10,SIDING-MTL-STAND-29-BROW-10-V1,siding,metal_siding,panel,metal_panel,Standing Seam 29 Gauge Brown 10',,,EquivalentOnlySameSpec,,,,0.015,36,,120,,,,SF,EA,,,,30,,,,,,,,,,,,,,,,Brown,,,,,,,,,,,,,,siding|metal|panel,R703.4,N,,,,,,,,ORDER,5,,"29 Gauge, 12"" or 16"" coverage"
SIDING-MTL-STAND-29-BROW-12,SIDING-MTL-STAND-29-BROW-12-V1,siding,metal_siding,panel,metal_panel,Standing Seam 29 Gauge Brown 12',,,EquivalentOnlySameSpec,,,,0.015,36,,144,,,,SF,EA,,,,36,,,,,,,,,,,,,,,,Brown,,,,,,,,,,,,,,siding|metal|panel,R703.4,N,,,,,,,,ORDER,5,,"29 Gauge, 12"" or 16"" coverage"
SIDING-MTL-STAND-29-BROW-16,SIDING-MTL-STAND-29-BROW-16-V1,siding,metal_siding,panel,metal_panel,Standing Seam 29 Gauge Brown 16',,,EquivalentOnlySameSpec,,,,0.015,36,,192,,,,SF,EA,,,,48,,,,,,,,,,,,,,,,Brown,,,,,,,,,,,,,,siding|metal|panel,R703.4,N,,,,,,,,ORDER,5,,"29 Gauge, 12"" or 16"" coverage"
SIDING-MTL-STAND-29-GREE-8,SIDING-MTL-STAND-29-GREE-8-V1,siding,metal_siding,panel,metal_panel,Standing Seam 29 Gauge Green 8',,,EquivalentOnlySameSpec,,,,0.015,36,,96,,,,SF,EA,,,,24,,,,,,,,,,,,,,,,Green,,,,,,,,,,,,,,siding|metal|panel,R703.4,N,,,,,,,,ORDER,5,,"29 Gauge, 12"" or 16"" coverage"
SIDING-MTL-STAND-29-GREE-10,SIDING-MTL-STAND-29-GREE-10-V1,siding,metal_siding,panel,metal_panel,Standing Seam 29 Gauge Green 10',,,EquivalentOnlySameSpec,,,,0.015,36,,120,,,,SF,EA,,,,30,,,,,,,,,,,,,,,,Green,,,,,,,,,,,,,,siding|metal|panel,R703.4,N,,,,,,,,ORDER,5,,"29 Gauge, 12"" or 16"" coverage"
SIDING-MTL-STAND-29-GREE-12,SIDING-MTL-STAND-29-GREE-12-V1,siding,metal_siding,panel,metal_panel,Standing Seam 29 Gauge Green 12',,,EquivalentOnlySameSpec,,,,0.015,36,,144,,,,SF,EA,,,,36,,,,,,,,,,,,,,,,Green,,,,,,,,,,,,,,siding|metal|panel,R703.4,N,,,,,,,,ORDER,5,,"29 Gauge, 12"" or 16"" coverage"
SIDING-MTL-STAND-29-GREE-16,SIDING-MTL-STAND-29-GREE-16-V1,siding,metal_siding,panel,metal_panel,Standing Seam 29 Gauge Green 16',,,EquivalentOnlySameSpec,,,,0.015,36,,192,,,,SF,EA,,,,48,,,,,,,,,,,,,,,,Green,,,,,,,,,,,,,,siding|metal|panel,R703.4,N,,,,,,,,ORDER,5,,"29 Gauge, 12"" or 16"" coverage"
SIDING-MTL-STAND-26-GALV-8,SIDING-MTL-STAND-26-GALV-8-V1,siding,metal_siding,panel,metal_panel,Standing Seam 26 Gauge Galvalume 8',,,EquivalentOnlySameSpec,,,,0.018,36,,96,,,,SF,EA,,,,24,,,,,,,,,,,,,,,,Galvalume,,,,,,,,,,,,,,siding|metal|panel,R703.4,N,,,,,,,,ORDER,5,,"26 Gauge, 12"" or 16"" coverage"
SIDING-MTL-STAND-26-GALV-10,SIDING-MTL-STAND-26-GALV-10-V1,siding,metal_siding,panel,metal_panel,Standing Seam 26 Gauge Galvalume 10',,,EquivalentOnlySameSpec,,,,0.018,36,,120,,,,SF,EA,,,,30,,,,,,,,,,,,,,,,Galvalume,,,,,,,,,,,,,,siding|metal|panel,R703.4,N,,,,,,,,ORDER,5,,"26 Gauge, 12"" or 16"" coverage"
SIDING-MTL-STAND-26-GALV-12,SIDING-MTL-STAND-26-GALV-12-V1,siding,metal_siding,panel,metal_panel,Standing Seam 26 Gauge Galvalume 12',,,EquivalentOnlySameSpec,,,,0.018,36,,144,,,,SF,EA,,,,36,,,,,,,,,,,,,,,,Galvalume,,,,,,,,,,,,,,siding|metal|panel,R703.4,N,,,,,,,,ORDER,5,,"26 Gauge, 12"" or 16"" coverage"
SIDING-MTL-STAND-26-GALV-16,SIDING-MTL-STAND-26-GALV-16-V1,siding,metal_siding,panel,metal_panel,Standing Seam 26 Gauge Galvalume 16',,,EquivalentOnlySameSpec,,,,0.018,36,,192,,,,SF,EA,,,,48,,,,,,,,,,,,,,,,Galvalume,,,,,,,,,,,,,,siding|metal|panel,R703.4,N,,,,,,,,ORDER,5,,"26 Gauge, 12"" or 16"" coverage"
SIDING-MTL-STAND-26-WHIT-8,SIDING-MTL-STAND-26-WHIT-8-V1,siding,metal_siding,panel,metal_panel,Standing Seam 26 Gauge White 8',,,EquivalentOnlySameSpec,,,,0.018,36,,96,,,,SF,EA,,,,24,,,,,,,,,,,,,,,,White,,,,,,,,,,,,,,siding|metal|panel,R703.4,N,,,,,,,,ORDER,5,,"26 Gauge, 12"" or 16"" coverage"
SIDING-MTL-STAND-26-WHIT-10,SIDING-MTL-STAND-26-WHIT-10-V1,siding,metal_siding,panel,metal_panel,Standing Seam 26 Gauge White 10',,,EquivalentOnlySameSpec,,,,0.018,36,,120,,,,SF,EA,,,,30,,,,,,,,,,,,,,,,White,,,,,,,,,,,,,,siding|metal|panel,R703.4,N,,,,,,,,ORDER,5,,"26 Gauge, 12"" or 16"" coverage"
SIDING-MTL-STAND-26-WHIT-12,SIDING-MTL-STAND-26-WHIT-12-V1,siding,metal_siding,panel,metal_panel,Standing Seam 26 Gauge White 12',,,EquivalentOnlySameSpec,,,,0.018,36,,144,,,,SF,EA,,,,36,,,,,,,,,,,,,,,,White,,,,,,,,,,,,,,siding|metal|panel,R703.4,N,,,,,,,,ORDER,5,,"26 Gauge, 12"" or 16"" coverage"
SIDING-MTL-STAND-26-WHIT-16,SIDING-MTL-STAND-26-WHIT-16-V1,siding,metal_siding,panel,metal_panel,Standing Seam 26 Gauge White 16',,,EquivalentOnlySameSpec,,,,0.018,36,,192,,,,SF,EA,,,,48,,,,,,,,,,,,,,,,White,,,,,,,,,,,,,,siding|metal|panel,R703.4,N,,,,,,,,ORDER,5,,"26 Gauge, 12"" or 16"" coverage"
SIDING-MTL-STAND-26-CHAR-8,SIDING-MTL-STAND-26-CHAR-8-V1,siding,metal_siding,panel,metal_panel,Standing Seam 26 Gauge Charcoal 8',,,EquivalentOnlySameSpec,,,,0.018,36,,96,,,,SF,EA,,,,24,,,,,,,,,,,,,,,,Charcoal,,,,,,,,,,,,,,siding|metal|panel,R703.4,N,,,,,,,,ORDER,5,,"26 Gauge, 12"" or 16"" coverage"
SIDING-MTL-STAND-26-CHAR-10,SIDING-MTL-STAND-26-CHAR-10-V1,siding,metal_siding,panel,metal_panel,Standing Seam 26 Gauge Charcoal 10',,,EquivalentOnlySameSpec,,,,0.018,36,,120,,,,SF,EA,,,,30,,,,,,,,,,,,,,,,Charcoal,,,,,,,,,,,,,,siding|metal|panel,R703.4,N,,,,,,,,ORDER,5,,"26 Gauge, 12"" or 16"" coverage"
SIDING-MTL-STAND-26-CHAR-12,SIDING-MTL-STAND-26-CHAR-12-V1,siding,metal_siding,panel,metal_panel,Standing Seam 26 Gauge Charcoal 12',,,EquivalentOnlySameSpec,,,,0.018,36,,144,,,,SF,EA,,,,36,,,,,,,,,,,,,,,,Charcoal,,,,,,,,,,,,,,siding|metal|panel,R703.4,N,,,,,,,,ORDER,5,,"26 Gauge, 12"" or 16"" coverage"
SIDING-MTL-STAND-26-CHAR-16,SIDING-MTL-STAND-26-CHAR-16-V1,siding,metal_siding,panel,metal_panel,Standing Seam 26 Gauge Charcoal 16',,,EquivalentOnlySameSpec,,,,0.018,36,,192,,,,SF,EA,,,,48,,,,,,,,,,,,,,,,Charcoal,,,,,,,,,,,,,,siding|metal|panel,R703.4,N,,,,,,,,ORDER,5,,"26 Gauge, 12"" or 16"" coverage"
SIDING-MTL-STAND-26-BROW-8,SIDING-MTL-STAND-26-BROW-8-V1,siding,metal_siding,panel,metal_panel,Standing Seam 26 Gauge Brown 8',,,EquivalentOnlySameSpec,,,,0.018,36,,96,,,,SF,EA,,,,24,,,,,,,,,,,,,,,,Brown,,,,,,,,,,,,,,siding|metal|panel,R703.4,N,,,,,,,,ORDER,5,,"26 Gauge, 12"" or 16"" coverage"
SIDING-MTL-STAND-26-BROW-10,SIDING-MTL-STAND-26-BROW-10-V1,siding,metal_siding,panel,metal_panel,Standing Seam 26 Gauge Brown 10',,,EquivalentOnlySameSpec,,,,0.018,36,,120,,,,SF,EA,,,,30,,,,,,,,,,,,,,,,Brown,,,,,,,,,,,,,,siding|metal|panel,R703.4,N,,,,,,,,ORDER,5,,"26 Gauge, 12"" or 16"" coverage"
SIDING-MTL-STAND-26-BROW-12,SIDING-MTL-STAND-26-BROW-12-V1,siding,metal_siding,panel,metal_panel,Standing Seam 26 Gauge Brown 12',,,EquivalentOnlySameSpec,,,,0.018,36,,144,,,,SF,EA,,,,36,,,,,,,,,,,,,,,,Brown,,,,,,,,,,,,,,siding|metal|panel,R703.4,N,,,,,,,,ORDER,5,,"26 Gauge, 12"" or 16"" coverage"
SIDING-MTL-STAND-26-BROW-16,SIDING-MTL-STAND-26-BROW-16-V1,siding,metal_siding,panel,metal_panel,Standing Seam 26 Gauge Brown 16',,,EquivalentOnlySameSpec,,,,0.018,36,,192,,,,SF,EA,,,,48,,,,,,,,,,,,,,,,Brown,,,,,,,,,,,,,,siding|metal|panel,R703.4,N,,,,,,,,ORDER,5,,"26 Gauge, 12"" or 16"" coverage"
SIDING-MTL-STAND-26-GREE-8,SIDING-MTL-STAND-26-GREE-8-V1,siding,metal_siding,panel,metal_panel,Standing Seam 26 Gauge Green 8',,,EquivalentOnlySameSpec,,,,0.018,36,,96,,,,SF,EA,,,,24,,,,,,,,,,,,,,,,Green,,,,,,,,,,,,,,siding|metal|panel,R703.4,N,,,,,,,,ORDER,5,,"26 Gauge, 12"" or 16"" coverage"
SIDING-MTL-STAND-26-GREE-10,SIDING-MTL-STAND-26-GREE-10-V1,siding,metal_siding,panel,metal_panel,Standing Seam 26 Gauge Green 10',,,EquivalentOnlySameSpec,,,,0.018,36,,120,,,,SF,EA,,,,30,,,,,,,,,,,,,,,,Green,,,,,,,,,,,,,,siding|metal|panel,R703.4,N,,,,,,,,ORDER,5,,"26 Gauge, 12"" or 16"" coverage"
SIDING-MTL-STAND-26-GREE-12,SIDING-MTL-STAND-26-GREE-12-V1,siding,metal_siding,panel,metal_panel,Standing Seam 26 Gauge Green 12',,,EquivalentOnlySameSpec,,,,0.018,36,,144,,,,SF,EA,,,,36,,,,,,,,,,,,,,,,Green,,,,,,,,,,,,,,siding|metal|panel,R703.4,N,,,,,,,,ORDER,5,,"26 Gauge, 12"" or 16"" coverage"
SIDING-MTL-STAND-26-GREE-16,SIDING-MTL-STAND-26-GREE-16-V1,siding,metal_siding,panel,metal_panel,Standing Seam 26 Gauge Green 16',,,EquivalentOnlySameSpec,,,,0.018,36,,192,,,,SF,EA,,,,48,,,,,,,,,,,,,,,,Green,,,,,,,,,,,,,,siding|metal|panel,R703.4,N,,,,,,,,ORDER,5,,"26 Gauge, 12"" or 16"" coverage"
SIDING-MTL-TRIM-CORNER-OUT-GALV,SIDING-MTL-TRIM-CORNER-OUT-GALV-V1,siding,metal_siding,outside_corner,metal_trim,Metal Outside Corner Galvalume 10',,,EquivalentOnlySameSpec,,,,,,,120,,,,LF,EA,10,,,,,,,,,,,,,,,,,,,Galvalume,,,,,,,,,,,,,,trim|metal|outside_corner,R703.4,N,,,,,,,,ORDER,5,,
SIDING-MTL-TRIM-CORNER-OUT-WHIT,SIDING-MTL-TRIM-CORNER-OUT-WHIT-V1,siding,metal_siding,outside_corner,metal_trim,Metal Outside Corner White 10',,,EquivalentOnlySameSpec,,,,,,,120,,,,LF,EA,10,,,,,,,,,,,,,,,,,,,White,,,,,,,,,,,,,,trim|metal|outside_corner,R703.4,N,,,,,,,,ORDER,5,,
SIDING-MTL-TRIM-CORNER-OUT-CHAR,SIDING-MTL-TRIM-CORNER-OUT-CHAR-V1,siding,metal_siding,outside_corner,metal_trim,Metal Outside Corner Charcoal 10',,,EquivalentOnlySameSpec,,,,,,,120,,,,LF,EA,10,,,,,,,,,,,,,,,,,,,Charcoal,,,,,,,,,,,,,,trim|metal|outside_corner,R703.4,N,,,,,,,,ORDER,5,,
SIDING-MTL-TRIM-CORNER-OUT-BROW,SIDING-MTL-TRIM-CORNER-OUT-BROW-V1,siding,metal_siding,outside_corner,metal_trim,Metal Outside Corner Brown 10',,,EquivalentOnlySameSpec,,,,,,,120,,,,LF,EA,10,,,,,,,,,,,,,,,,,,,Brown,,,,,,,,,,,,,,trim|metal|outside_corner,R703.4,N,,,,,,,,ORDER,5,,
SIDING-MTL-TRIM-CORNER-IN-GALV,SIDING-MTL-TRIM-CORNER-IN-GALV-V1,siding,metal_siding,inside_corner,metal_trim,Metal Inside Corner Galvalume 10',,,EquivalentOnlySameSpec,,,,,,,120,,,,LF,EA,10,,,,,,,,,,,,,,,,,,,Galvalume,,,,,,,,,,,,,,trim|metal|inside_corner,R703.4,N,,,,,,,,ORDER,5,,
SIDING-MTL-TRIM-CORNER-IN-WHIT,SIDING-MTL-TRIM-CORNER-IN-WHIT-V1,siding,metal_siding,inside_corner,metal_trim,Metal Inside Corner White 10',,,EquivalentOnlySameSpec,,,,,,,120,,,,LF,EA,10,,,,,,,,,,,,,,,,,,,White,,,,,,,,,,,,,,trim|metal|inside_corner,R703.4,N,,,,,,,,ORDER,5,,
SIDING-MTL-TRIM-CORNER-IN-CHAR,SIDING-MTL-TRIM-CORNER-IN-CHAR-V1,siding,metal_siding,inside_corner,metal_trim,Metal Inside Corner Charcoal 10',,,EquivalentOnlySameSpec,,,,,,,120,,,,LF,EA,10,,,,,,,,,,,,,,,,,,,Charcoal,,,,,,,,,,,,,,trim|metal|inside_corner,R703.4,N,,,,,,,,ORDER,5,,
SIDING-MTL-TRIM-CORNER-IN-BROW,SIDING-MTL-TRIM-CORNER-IN-BROW-V1,siding,metal_siding,inside_corner,metal_trim,Metal Inside Corner Brown 10',,,EquivalentOnlySameSpec,,,,,,,120,,,,LF,EA,10,,,,,,,,,,,,,,,,,,,Brown,,,,,,,,,,,,,,trim|metal|inside_corner,R703.4,N,,,,,,,,ORDER,5,,
SIDING-MTL-TRIM-J-CHAN-GALV,SIDING-MTL-TRIM-J-CHAN-GALV-V1,siding,metal_siding,j_channel,metal_trim,Metal J-Channel Galvalume 10',,,EquivalentOnlySameSpec,,,,,,,120,,,,LF,EA,10,,,,,,,,,,,,,,,,,,,Galvalume,,,,,,,,,,,,,,trim|metal|j_channel,R703.4,N,,,,,,,,ORDER,5,,
SIDING-MTL-TRIM-J-CHAN-WHIT,SIDING-MTL-TRIM-J-CHAN-WHIT-V1,siding,metal_siding,j_channel,metal_trim,Metal J-Channel White 10',,,EquivalentOnlySameSpec,,,,,,,120,,,,LF,EA,10,,,,,,,,,,,,,,,,,,,White,,,,,,,,,,,,,,trim|metal|j_channel,R703.4,N,,,,,,,,ORDER,5,,
SIDING-MTL-TRIM-J-CHAN-CHAR,SIDING-MTL-TRIM-J-CHAN-CHAR-V1,siding,metal_siding,j_channel,metal_trim,Metal J-Channel Charcoal 10',,,EquivalentOnlySameSpec,,,,,,,120,,,,LF,EA,10,,,,,,,,,,,,,,,,,,,Charcoal,,,,,,,,,,,,,,trim|metal|j_channel,R703.4,N,,,,,,,,ORDER,5,,
SIDING-MTL-TRIM-J-CHAN-BROW,SIDING-MTL-TRIM-J-CHAN-BROW-V1,siding,metal_siding,j_channel,metal_trim,Metal J-Channel Brown 10',,,EquivalentOnlySameSpec,,,,,,,120,,,,LF,EA,10,,,,,,,,,,,,,,,,,,,Brown,,,,,,,,,,,,,,trim|metal|j_channel,R703.4,N,,,,,,,,ORDER,5,,
SIDING-MTL-TRIM-BASE-GALV,SIDING-MTL-TRIM-BASE-GALV-V1,siding,metal_siding,base_trim,metal_trim,Metal Base/Rat Guard Galvalume 10',,,EquivalentOnlySameSpec,,,,,,,120,,,,LF,EA,10,,,,,,,,,,,,,,,,,,,Galvalume,,,,,,,,,,,,,,trim|metal|base_trim,R703.4,N,,,,,,,,ORDER,5,,
SIDING-MTL-TRIM-BASE-WHIT,SIDING-MTL-TRIM-BASE-WHIT-V1,siding,metal_siding,base_trim,metal_trim,Metal Base/Rat Guard White 10',,,EquivalentOnlySameSpec,,,,,,,120,,,,LF,EA,10,,,,,,,,,,,,,,,,,,,White,,,,,,,,,,,,,,trim|metal|base_trim,R703.4,N,,,,,,,,ORDER,5,,
SIDING-MTL-TRIM-BASE-CHAR,SIDING-MTL-TRIM-BASE-CHAR-V1,siding,metal_siding,base_trim,metal_trim,Metal Base/Rat Guard Charcoal 10',,,EquivalentOnlySameSpec,,,,,,,120,,,,LF,EA,10,,,,,,,,,,,,,,,,,,,Charcoal,,,,,,,,,,,,,,trim|metal|base_trim,R703.4,N,,,,,,,,ORDER,5,,
SIDING-MTL-TRIM-BASE-BROW,SIDING-MTL-TRIM-BASE-BROW-V1,siding,metal_siding,base_trim,metal_trim,Metal Base/Rat Guard Brown 10',,,EquivalentOnlySameSpec,,,,,,,120,,,,LF,EA,10,,,,,,,,,,,,,,,,,,,Brown,,,,,,,,,,,,,,trim|metal|base_trim,R703.4,N,,,,,,,,ORDER,5,,
SIDING-MTL-TRIM-RIDGE-GALV,SIDING-MTL-TRIM-RIDGE-GALV-V1,siding,metal_siding,ridge_cap,metal_trim,Metal Ridge Cap Galvalume 10',,,EquivalentOnlySameSpec,,,,,,,120,,,,LF,EA,10,,,,,,,,,,,,,,,,,,,Galvalume,,,,,,,,,,,,,,trim|metal|ridge_cap,R703.4,N,,,,,,,,ORDER,5,,
SIDING-MTL-TRIM-RIDGE-WHIT,SIDING-MTL-TRIM-RIDGE-WHIT-V1,siding,metal_siding,ridge_cap,metal_trim,Metal Ridge Cap White 10',,,EquivalentOnlySameSpec,,,,,,,120,,,,LF,EA,10,,,,,,,,,,,,,,,,,,,White,,,,,,,,,,,,,,trim|metal|ridge_cap,R703.4,N,,,,,,,,ORDER,5,,
SIDING-MTL-TRIM-RIDGE-CHAR,SIDING-MTL-TRIM-RIDGE-CHAR-V1,siding,metal_siding,ridge_cap,metal_trim,Metal Ridge Cap Charcoal 10',,,EquivalentOnlySameSpec,,,,,,,120,,,,LF,EA,10,,,,,,,,,,,,,,,,,,,Charcoal,,,,,,,,,,,,,,trim|metal|ridge_cap,R703.4,N,,,,,,,,ORDER,5,,
SIDING-MTL-TRIM-RIDGE-BROW,SIDING-MTL-TRIM-RIDGE-BROW-V1,siding,metal_siding,ridge_cap,metal_trim,Metal Ridge Cap Brown 10',,,EquivalentOnlySameSpec,,,,,,,120,,,,LF,EA,10,,,,,,,,,,,,,,,,,,,Brown,,,,,,,,,,,,,,trim|metal|ridge_cap,R703.4,N,,,,,,,,ORDER,5,,
SIDING-MTL-TRIM-DRIP-GALV,SIDING-MTL-TRIM-DRIP-GALV-V1,siding,metal_siding,drip_edge,metal_trim,Metal Drip Edge Galvalume 10',,,EquivalentOnlySameSpec,,,,,,,120,,,,LF,EA,10,,,,,,,,,,,,,,,,,,,Galvalume,,,,,,,,,,,,,,trim|metal|drip_edge,R703.4,N,,,,,,,,ORDER,5,,
SIDING-MTL-TRIM-DRIP-WHIT,SIDING-MTL-TRIM-DRIP-WHIT-V1,siding,metal_siding,drip_edge,metal_trim,Metal Drip Edge White 10',,,EquivalentOnlySameSpec,,,,,,,120,,,,LF,EA,10,,,,,,,,,,,,,,,,,,,White,,,,,,,,,,,,,,trim|metal|drip_edge,R703.4,N,,,,,,,,ORDER,5,,
SIDING-MTL-TRIM-DRIP-CHAR,SIDING-MTL-TRIM-DRIP-CHAR-V1,siding,metal_siding,drip_edge,metal_trim,Metal Drip Edge Charcoal 10',,,EquivalentOnlySameSpec,,,,,,,120,,,,LF,EA,10,,,,,,,,,,,,,,,,,,,Charcoal,,,,,,,,,,,,,,trim|metal|drip_edge,R703.4,N,,,,,,,,ORDER,5,,
SIDING-MTL-TRIM-DRIP-BROW,SIDING-MTL-TRIM-DRIP-BROW-V1,siding,metal_siding,drip_edge,metal_trim,Metal Drip Edge Brown 10',,,EquivalentOnlySameSpec,,,,,,,120,,,,LF,EA,10,,,,,,,,,,,,,,,,,,,Brown,,,,,,,,,,,,,,trim|metal|drip_edge,R703.4,N,,,,,,,,ORDER,5,,
SIDING-MTL-TRIM-RAKE-GALV,SIDING-MTL-TRIM-RAKE-GALV-V1,siding,metal_siding,rake_trim,metal_trim,Metal Rake/Gable Trim Galvalume 10',,,EquivalentOnlySameSpec,,,,,,,120,,,,LF,EA,10,,,,,,,,,,,,,,,,,,,Galvalume,,,,,,,,,,,,,,trim|metal|rake_trim,R703.4,N,,,,,,,,ORDER,5,,
SIDING-MTL-TRIM-RAKE-WHIT,SIDING-MTL-TRIM-RAKE-WHIT-V1,siding,metal_siding,rake_trim,metal_trim,Metal Rake/Gable Trim White 10',,,EquivalentOnlySameSpec,,,,,,,120,,,,LF,EA,10,,,,,,,,,,,,,,,,,,,White,,,,,,,,,,,,,,trim|metal|rake_trim,R703.4,N,,,,,,,,ORDER,5,,
SIDING-MTL-TRIM-RAKE-CHAR,SIDING-MTL-TRIM-RAKE-CHAR-V1,siding,metal_siding,rake_trim,metal_trim,Metal Rake/Gable Trim Charcoal 10',,,EquivalentOnlySameSpec,,,,,,,120,,,,LF,EA,10,,,,,,,,,,,,,,,,,,,Charcoal,,,,,,,,,,,,,,trim|metal|rake_trim,R703.4,N,,,,,,,,ORDER,5,,
SIDING-MTL-TRIM-RAKE-BROW,SIDING-MTL-TRIM-RAKE-BROW-V1,siding,metal_siding,rake_trim,metal_trim,Metal Rake/Gable Trim Brown 10',,,EquivalentOnlySameSpec,,,,,,,120,,,,LF,EA,10,,,,,,,,,,,,,,,,,,,Brown,,,,,,,,,,,,,,trim|metal|rake_trim,R703.4,N,,,,,,,,ORDER,5,,
SIDING-MTL-CLOSURE-INS-AG,SIDING-MTL-CLOSURE-INS-AG-V1,siding,metal_siding,closure,closure_strip,Inside Closure Strip AG Profile,,,EquivalentOnlySameSpec,,,,,,,,,,,LF,EA,,,,,,,,,,,,,,,,,,,,,,,,,,,,,,,,,,closure|metal|foam,,N,,,,,,,,STOCK,,,
SIDING-MTL-CLOSURE-INS-PBR,SIDING-MTL-CLOSURE-INS-PBR-V1,siding,metal_siding,closure,closure_strip,Inside Closure Strip PBR Profile,,,EquivalentOnlySameSpec,,,,,,,,,,,LF,EA,,,,,,,,,,,,,,,,,,,,,,,,,,,,,,,,,,closure|metal|foam,,N,,,,,,,,STOCK,,,
SIDING-MTL-CLOSURE-OUT-AG,SIDING-MTL-CLOSURE-OUT-AG-V1,siding,metal_siding,closure,closure_strip,Outside Closure Strip AG Profile,,,EquivalentOnlySameSpec,,,,,,,,,,,LF,EA,,,,,,,,,,,,,,,,,,,,,,,,,,,,,,,,,,closure|metal|foam,,N,,,,,,,,STOCK,,,
SIDING-MTL-CLOSURE-OUT-PBR,SIDING-MTL-CLOSURE-OUT-PBR-V1,siding,metal_siding,closure,closure_strip,Outside Closure Strip PBR Profile,,,EquivalentOnlySameSpec,,,,,,,,,,,LF,EA,,,,,,,,,,,,,,,,,,,,,,,,,,,,,,,,,,closure|metal|foam,,N,,,,,,,,STOCK,,,
ROOF-PIPEBOOT-1-2-BLA,ROOF-PIPEBOOT-1-2-BLA-V1,roofing,flashing,pipe_boot,pipe_boot,"Pipe Boot EPDM 1""-2"" Black",,,EquivalentOnlySameSpec,,,,,,,,,,,EA,EA,,,,,,,,,,,,,,,,,,,,Black,,,,,,,,,,,,,,roofing|flashing|penetration|pipe,R903.2,N,,,,,,,,STOCK,,,
ROOF-PIPEBOOT-1-2-BRO,ROOF-PIPEBOOT-1-2-BRO-V1,roofing,flashing,pipe_boot,pipe_boot,"Pipe Boot EPDM 1""-2"" Brown",,,EquivalentOnlySameSpec,,,,,,,,,,,EA,EA,,,,,,,,,,,,,,,,,,,,Brown,,,,,,,,,,,,,,roofing|flashing|penetration|pipe,R903.2,N,,,,,,,,STOCK,,,
ROOF-PIPEBOOT-1-2-GRA,ROOF-PIPEBOOT-1-2-GRA-V1,roofing,flashing,pipe_boot,pipe_boot,"Pipe Boot EPDM 1""-2"" Gray",,,EquivalentOnlySameSpec,,,,,,,,,,,EA,EA,,,,,,,,,,,,,,,,,,,,Gray,,,,,,,,,,,,,,roofing|flashing|penetration|pipe,R903.2,N,,,,,,,,STOCK,,,
ROOF-PIPEBOOT-2-3-BLA,ROOF-PIPEBOOT-2-3-BLA-V1,roofing,flashing,pipe_boot,pipe_boot,"Pipe Boot EPDM 2""-3"" Black",,,EquivalentOnlySameSpec,,,,,,,,,,,EA,EA,,,,,,,,,,,,,,,,,,,,Black,,,,,,,,,,,,,,roofing|flashing|penetration|pipe,R903.2,N,,,,,,,,STOCK,,,
ROOF-PIPEBOOT-2-3-BRO,ROOF-PIPEBOOT-2-3-BRO-V1,roofing,flashing,pipe_boot,pipe_boot,"Pipe Boot EPDM 2""-3"" Brown",,,EquivalentOnlySameSpec,,,,,,,,,,,EA,EA,,,,,,,,,,,,,,,,,,,,Brown,,,,,,,,,,,,,,roofing|flashing|penetration|pipe,R903.2,N,,,,,,,,STOCK,,,
ROOF-PIPEBOOT-2-3-GRA,ROOF-PIPEBOOT-2-3-GRA-V1,roofing,flashing,pipe_boot,pipe_boot,"Pipe Boot EPDM 2""-3"" Gray",,,EquivalentOnlySameSpec,,,,,,,,,,,EA,EA,,,,,,,,,,,,,,,,,,,,Gray,,,,,,,,,,,,,,roofing|flashing|penetration|pipe,R903.2,N,,,,,,,,STOCK,,,
ROOF-PIPEBOOT-3-4-BLA,ROOF-PIPEBOOT-3-4-BLA-V1,roofing,flashing,pipe_boot,pipe_boot,"Pipe Boot EPDM 3""-4"" Black",,,EquivalentOnlySameSpec,,,,,,,,,,,EA,EA,,,,,,,,,,,,,,,,,,,,Black,,,,,,,,,,,,,,roofing|flashing|penetration|pipe,R903.2,N,,,,,,,,STOCK,,,
ROOF-PIPEBOOT-3-4-BRO,ROOF-PIPEBOOT-3-4-BRO-V1,roofing,flashing,pipe_boot,pipe_boot,"Pipe Boot EPDM 3""-4"" Brown",,,EquivalentOnlySameSpec,,,,,,,,,,,EA,EA,,,,,,,,,,,,,,,,,,,,Brown,,,,,,,,,,,,,,roofing|flashing|penetration|pipe,R903.2,N,,,,,,,,STOCK,,,
ROOF-PIPEBOOT-3-4-GRA,ROOF-PIPEBOOT-3-4-GRA-V1,roofing,flashing,pipe_boot,pipe_boot,"Pipe Boot EPDM 3""-4"" Gray",,,EquivalentOnlySameSpec,,,,,,,,,,,EA,EA,,,,,,,,,,,,,,,,,,,,Gray,,,,,,,,,,,,,,roofing|flashing|penetration|pipe,R903.2,N,,,,,,,,STOCK,,,
ROOF-PIPEBOOT-4-BLA,ROOF-PIPEBOOT-4-BLA-V1,roofing,flashing,pipe_boot,pipe_boot,"Pipe Boot EPDM 4"" Black",,,EquivalentOnlySameSpec,,,,,,,,,,,EA,EA,,,,,,,,,,,,,,,,,,,,Black,,,,,,,,,,,,,,roofing|flashing|penetration|pipe,R903.2,N,,,,,,,,STOCK,,,
ROOF-PIPEBOOT-4-BRO,ROOF-PIPEBOOT-4-BRO-V1,roofing,flashing,pipe_boot,pipe_boot,"Pipe Boot EPDM 4"" Brown",,,EquivalentOnlySameSpec,,,,,,,,,,,EA,EA,,,,,,,,,,,,,,,,,,,,Brown,,,,,,,,,,,,,,roofing|flashing|penetration|pipe,R903.2,N,,,,,,,,STOCK,,,
ROOF-PIPEBOOT-4-GRA,ROOF-PIPEBOOT-4-GRA-V1,roofing,flashing,pipe_boot,pipe_boot,"Pipe Boot EPDM 4"" Gray",,,EquivalentOnlySameSpec,,,,,,,,,,,EA,EA,,,,,,,,,,,,,,,,,,,,Gray,,,,,,,,,,,,,,roofing|flashing|penetration|pipe,R903.2,N,,,,,,,,STOCK,,,
ROOF-STEP-26GA-MILL,ROOF-STEP-26GA-MILL-V1,roofing,flashing,step_flashing,step_flashing,Step Flashing 26ga 4x4x8 Mill,,,EquivalentOnlySameSpec,,,,,,,,,,,EA,EA,,,,,100,,,,,,,,,,,,,,,Mill,,,,,,,,,,,,,,roofing|flashing|step|sidewall,R903.2.1,N,,,,,,,,STOCK,,,
ROOF-STEP-26GA-WHIT,ROOF-STEP-26GA-WHIT-V1,roofing,flashing,step_flashing,step_flashing,Step Flashing 26ga 4x4x8 White,,,EquivalentOnlySameSpec,,,,,,,,,,,EA,EA,,,,,100,,,,,,,,,,,,,,,White,,,,,,,,,,,,,,roofing|flashing|step|sidewall,R903.2.1,N,,,,,,,,STOCK,,,
ROOF-STEP-26GA-BROW,ROOF-STEP-26GA-BROW-V1,roofing,flashing,step_flashing,step_flashing,Step Flashing 26ga 4x4x8 Brown,,,EquivalentOnlySameSpec,,,,,,,,,,,EA,EA,,,,,100,,,,,,,,,,,,,,,Brown,,,,,,,,,,,,,,roofing|flashing|step|sidewall,R903.2.1,N,,,,,,,,STOCK,,,
ROOF-STEP-26GA-BLAC,ROOF-STEP-26GA-BLAC-V1,roofing,flashing,step_flashing,step_flashing,Step Flashing 26ga 4x4x8 Black,,,EquivalentOnlySameSpec,,,,,,,,,,,EA,EA,,,,,100,,,,,,,,,,,,,,,Black,,,,,,,,,,,,,,roofing|flashing|step|sidewall,R903.2.1,N,,,,,,,,STOCK,,,
ROOF-STEP-28GA-MILL,ROOF-STEP-28GA-MILL-V1,roofing,flashing,step_flashing,step_flashing,Step Flashing 28ga 4x4x8 Mill,,,EquivalentOnlySameSpec,,,,,,,,,,,EA,EA,,,,,100,,,,,,,,,,,,,,,Mill,,,,,,,,,,,,,,roofing|flashing|step|sidewall,R903.2.1,N,,,,,,,,STOCK,,,
ROOF-STEP-28GA-WHIT,ROOF-STEP-28GA-WHIT-V1,roofing,flashing,step_flashing,step_flashing,Step Flashing 28ga 4x4x8 White,,,EquivalentOnlySameSpec,,,,,,,,,,,EA,EA,,,,,100,,,,,,,,,,,,,,,White,,,,,,,,,,,,,,roofing|flashing|step|sidewall,R903.2.1,N,,,,,,,,STOCK,,,
ROOF-STEP-28GA-BROW,ROOF-STEP-28GA-BROW-V1,roofing,flashing,step_flashing,step_flashing,Step Flashing 28ga 4x4x8 Brown,,,EquivalentOnlySameSpec,,,,,,,,,,,EA,EA,,,,,100,,,,,,,,,,,,,,,Brown,,,,,,,,,,,,,,roofing|flashing|step|sidewall,R903.2.1,N,,,,,,,,STOCK,,,
ROOF-STEP-28GA-BLAC,ROOF-STEP-28GA-BLAC-V1,roofing,flashing,step_flashing,step_flashing,Step Flashing 28ga 4x4x8 Black,,,EquivalentOnlySameSpec,,,,,,,,,,,EA,EA,,,,,100,,,,,,,,,,,,,,,Black,,,,,,,,,,,,,,roofing|flashing|step|sidewall,R903.2.1,N,,,,,,,,STOCK,,,
ROOF-VALLEY-W-MILL,ROOF-VALLEY-W-MILL-V1,roofing,flashing,valley_flashing,valley_flashing,W-Valley Pre-formed Mill,,,EquivalentOnlySameSpec,,,,,,,,,,,LF,EA,10,,,,,,,,,,,,,,,,,,,Mill,,,,,,,,,,,,,,roofing|flashing|valley,R905.2.8.2,N,,,,,,,,STOCK,,,
ROOF-VALLEY-W-WHIT,ROOF-VALLEY-W-WHIT-V1,roofing,flashing,valley_flashing,valley_flashing,W-Valley Pre-formed White,,,EquivalentOnlySameSpec,,,,,,,,,,,LF,EA,10,,,,,,,,,,,,,,,,,,,White,,,,,,,,,,,,,,roofing|flashing|valley,R905.2.8.2,N,,,,,,,,STOCK,,,
ROOF-VALLEY-W-BROW,ROOF-VALLEY-W-BROW-V1,roofing,flashing,valley_flashing,valley_flashing,W-Valley Pre-formed Brown,,,EquivalentOnlySameSpec,,,,,,,,,,,LF,EA,10,,,,,,,,,,,,,,,,,,,Brown,,,,,,,,,,,,,,roofing|flashing|valley,R905.2.8.2,N,,,,,,,,STOCK,,,
ROOF-VALLEY-ROLL-MILL,ROOF-VALLEY-ROLL-MILL-V1,roofing,flashing,valley_flashing,valley_flashing,"Roll Valley 20"" Mill",,,EquivalentOnlySameSpec,,,,,,,,,,,LF,EA,50,,,,,,,,,,,,,,,,,,,Mill,,,,,,,,,,,,,,roofing|flashing|valley,R905.2.8.2,N,,,,,,,,STOCK,,,
ROOF-VALLEY-ROLL-WHIT,ROOF-VALLEY-ROLL-WHIT-V1,roofing,flashing,valley_flashing,valley_flashing,"Roll Valley 20"" White",,,EquivalentOnlySameSpec,,,,,,,,,,,LF,EA,50,,,,,,,,,,,,,,,,,,,White,,,,,,,,,,,,,,roofing|flashing|valley,R905.2.8.2,N,,,,,,,,STOCK,,,
ROOF-VALLEY-ROLL-BROW,ROOF-VALLEY-ROLL-BROW-V1,roofing,flashing,valley_flashing,valley_flashing,"Roll Valley 20"" Brown",,,EquivalentOnlySameSpec,,,,,,,,,,,LF,EA,50,,,,,,,,,,,,,,,,,,,Brown,,,,,,,,,,,,,,roofing|flashing|valley,R905.2.8.2,N,,,,,,,,STOCK,,,
ROOF-NAIL-COIL-1-EG,ROOF-NAIL-COIL-1-EG-V1,fasteners,roofing_nails,coil,nail,"Roofing Nail Coil 1"" EG",,,Allowed,,,,,,,1,,,,EA,BX,,,,,7200,,,,,,,,,,,,,,,,,,,,EG,Smooth,Full-Round,,Wire,,,,,roofing|nail|coil|pneumatic,,N,,,,,,,,STOCK,,,
ROOF-NAIL-COIL-1-HDG,ROOF-NAIL-COIL-1-HDG-V1,fasteners,roofing_nails,coil,nail,"Roofing Nail Coil 1"" HDG",,,Allowed,,,,,,,1,,,,EA,BX,,,,,7200,,,,,,,,,,,,,,,,,,,,HDG,Smooth,Full-Round,,Wire,,,,,roofing|nail|coil|pneumatic,,N,,,,,,,,STOCK,,,
ROOF-NAIL-COIL-1-14-EG,ROOF-NAIL-COIL-1-14-EG-V1,fasteners,roofing_nails,coil,nail,"Roofing Nail Coil 1-1/4"" EG",,,Allowed,,,,,,,1.25,,,,EA,BX,,,,,7200,,,,,,,,,,,,,,,,,,,,EG,Smooth,Full-Round,,Wire,,,,,roofing|nail|coil|pneumatic,,N,,,,,,,,STOCK,,,
ROOF-NAIL-COIL-1-14-HDG,ROOF-NAIL-COIL-1-14-HDG-V1,fasteners,roofing_nails,coil,nail,"Roofing Nail Coil 1-1/4"" HDG",,,Allowed,,,,,,,1.25,,,,EA,BX,,,,,7200,,,,,,,,,,,,,,,,,,,,HDG,Smooth,Full-Round,,Wire,,,,,roofing|nail|coil|pneumatic,,N,,,,,,,,STOCK,,,
ROOF-NAIL-COIL-1-12-EG,ROOF-NAIL-COIL-1-12-EG-V1,fasteners,roofing_nails,coil,nail,"Roofing Nail Coil 1-1/2"" EG",,,Allowed,,,,,,,1.5,,,,EA,BX,,,,,7200,,,,,,,,,,,,,,,,,,,,EG,Smooth,Full-Round,,Wire,,,,,roofing|nail|coil|pneumatic,,N,,,,,,,,STOCK,,,
ROOF-NAIL-COIL-1-12-HDG,ROOF-NAIL-COIL-1-12-HDG-V1,fasteners,roofing_nails,coil,nail,"Roofing Nail Coil 1-1/2"" HDG",,,Allowed,,,,,,,1.5,,,,EA,BX,,,,,7200,,,,,,,,,,,,,,,,,,,,HDG,Smooth,Full-Round,,Wire,,,,,roofing|nail|coil|pneumatic,,N,,,,,,,,STOCK,,,
ROOF-NAIL-HAND-1-14-EG,ROOF-NAIL-HAND-1-14-EG-V1,fasteners,roofing_nails,hand_drive,nail,"Roofing Nail Hand-Drive 1-1/4"" EG",,,Allowed,,,,,,,1.25,,,,EA,LB,,,,,50,50,,,,,,,,,,,,,,,,,,,EG,Smooth,Full-Round,,,,,,,roofing|nail|hand_drive,,N,,,,,,,,STOCK,,,
ROOF-NAIL-HAND-1-14-HDG,ROOF-NAIL-HAND-1-14-HDG-V1,fasteners,roofing_nails,hand_drive,nail,"Roofing Nail Hand-Drive 1-1/4"" HDG",,,Allowed,,,,,,,1.25,,,,EA,LB,,,,,50,50,,,,,,,,,,,,,,,,,,,HDG,Smooth,Full-Round,,,,,,,roofing|nail|hand_drive,,N,,,,,,,,STOCK,,,
ROOF-NAIL-HAND-1-34-EG,ROOF-NAIL-HAND-1-34-EG-V1,fasteners,roofing_nails,hand_drive,nail,"Roofing Nail Hand-Drive 1-3/4"" EG",,,Allowed,,,,,,,1.75,,,,EA,LB,,,,,50,50,,,,,,,,,,,,,,,,,,,EG,Smooth,Full-Round,,,,,,,roofing|nail|hand_drive,,N,,,,,,,,STOCK,,,
ROOF-NAIL-HAND-1-34-HDG,ROOF-NAIL-HAND-1-34-HDG-V1,fasteners,roofing_nails,hand_drive,nail,"Roofing Nail Hand-Drive 1-3/4"" HDG",,,Allowed,,,,,,,1.75,,,,EA,LB,,,,,50,50,,,,,,,,,,,,,,,,,,,HDG,Smooth,Full-Round,,,,,,,roofing|nail|hand_drive,,N,,,,,,,,STOCK,,,
ROOF-CAPNAIL-EG,ROOF-CAPNAIL-EG-V1,fasteners,roofing_nails,cap_nail,cap_nail,"Plastic Cap Nail 1"" EG",,,Allowed,,,,,,,1,,,,EA,BX,,,,,3000,,,,,,,,,,,,,,,,,,,,EG,Ring,,,,,,,,roofing|cap_nail|underlayment,,N,,,,,,,,STOCK,,,
ROOF-CAPNAIL-HDG,ROOF-CAPNAIL-HDG-V1,fasteners,roofing_nails,cap_nail,cap_nail,"Plastic Cap Nail 1"" HDG",,,Allowed,,,,,,,1,,,,EA,BX,,,,,3000,,,,,,,,,,,,,,,,,,,,HDG,Ring,,,,,,,,roofing|cap_nail|underlayment,,N,,,,,,,,STOCK,,,
ROOF-CEMENT-101OZ,ROOF-CEMENT-101OZ-V1,roofing,sealants,cement,roof_cement,Plastic Roof Cement 10.1oz,,,EquivalentOnlySameSpec,,,,,,,,,,,TUBE,TUBE,,,,,,,,,,,,,,,,,,,,,,,,,,,,,,,,,,roofing|cement|sealant,,N,,,,,,,,STOCK,,,
ROOF-CEMENT-1GAL,ROOF-CEMENT-1GAL-V1,roofing,sealants,cement,roof_cement,Plastic Roof Cement 1gal,,,EquivalentOnlySameSpec,,,,,,,,,,,GAL,GAL,,,,,,,,,,,,,,,,,,,,,,,,,,,,,,,,,,roofing|cement|sealant,,N,,,,,,,,STOCK,,,
ROOF-CEMENT-5GAL,ROOF-CEMENT-5GAL-V1,roofing,sealants,cement,roof_cement,Plastic Roof Cement 5gal,,,EquivalentOnlySameSpec,,,,,,,,,,,PAL,PAL,,,,,,,,,,,,,,,,,,,,,,,,,,,,,,,,,,roofing|cement|sealant,,N,,,,,,,,STOCK,,,
ROOF-SEALANT-101OZ-CLEAR,ROOF-SEALANT-101OZ-CLEAR-V1,roofing,sealants,sealant,roof_sealant,Lap Sealant Clear 10.1oz,,,EquivalentOnlySameSpec,,,,,,,,,,,TUBE,TUBE,,,,,,,,,,,,,,,,,,,,,,,,,,,,,,,,,,roofing|sealant|sealant,,N,,,,,,,,STOCK,,,
ROOF-SEALANT-101OZ-BLACK,ROOF-SEALANT-101OZ-BLACK-V1,roofing,sealants,sealant,roof_sealant,Lap Sealant Black 10.1oz,,,EquivalentOnlySameSpec,,,,,,,,,,,TUBE,TUBE,,,,,,,,,,,,,,,,,,,,,,,,,,,,,,,,,,roofing|sealant|sealant,,N,,,,,,,,STOCK,,,
INS-FG-R11-15W-KF,INS-FG-R11-15W-KF-V1,insulation,batt,fiberglass,batt_insulation,"Fiberglass Batt R-11 3.5""x15"" Kraft Faced",,batt:mineral_wool,EquivalentOnlySameSpec,,,,3.5,15,,,,,,SF,BAG,,,,,,,,,,,,,,,,,,,,,,,,2x4,,,,,,,,,,insulation|fiberglass|batt|r11|kf,N1102,N,,,,,,,,STOCK,,,Kraft paper vapor retarder
INS-FG-R11-15W-UF,INS-FG-R11-15W-UF-V1,insulation,batt,fiberglass,batt_insulation,"Fiberglass Batt R-11 3.5""x15"" Unfaced",,batt:mineral_wool,EquivalentOnlySameSpec,,,,3.5,15,,,,,,SF,BAG,,,,,,,,,,,,,,,,,,,,,,,,2x4,,,,,,,,,,insulation|fiberglass|batt|r11|uf,N1102,N,,,,,,,,STOCK,,,No facing
INS-FG-R11-23W-KF,INS-FG-R11-23W-KF-V1,insulation,batt,fiberglass,batt_insulation,"Fiberglass Batt R-11 3.5""x23"" Kraft Faced",,batt:mineral_wool,EquivalentOnlySameSpec,,,,3.5,23,,,,,,SF,BAG,,,,,,,,,,,,,,,,,,,,,,,,2x4,,,,,,,,,,insulation|fiberglass|batt|r11|kf,N1102,N,,,,,,,,STOCK,,,Kraft paper vapor retarder
INS-FG-R11-23W-UF,INS-FG-R11-23W-UF-V1,insulation,batt,fiberglass,batt_insulation,"Fiberglass Batt R-11 3.5""x23"" Unfaced",,batt:mineral_wool,EquivalentOnlySameSpec,,,,3.5,23,,,,,,SF,BAG,,,,,,,,,,,,,,,,,,,,,,,,2x4,,,,,,,,,,insulation|fiberglass|batt|r11|uf,N1102,N,,,,,,,,STOCK,,,No facing
INS-FG-R13-15W-KF,INS-FG-R13-15W-KF-V1,insulation,batt,fiberglass,batt_insulation,"Fiberglass Batt R-13 3.5""x15"" Kraft Faced",,batt:mineral_wool,EquivalentOnlySameSpec,,,,3.5,15,,,,,,SF,BAG,,,,,,,,,,,,,,,,,,,,,,,,2x4,,,,,,,,,,insulation|fiberglass|batt|r13|kf,N1102,N,,,,,,,,STOCK,,,Kraft paper vapor retarder
INS-FG-R13-15W-UF,INS-FG-R13-15W-UF-V1,insulation,batt,fiberglass,batt_insulation,"Fiberglass Batt R-13 3.5""x15"" Unfaced",,batt:mineral_wool,EquivalentOnlySameSpec,,,,3.5,15,,,,,,SF,BAG,,,,,,,,,,,,,,,,,,,,,,,,2x4,,,,,,,,,,insulation|fiberglass|batt|r13|uf,N1102,N,,,,,,,,STOCK,,,No facing
INS-FG-R13-23W-KF,INS-FG-R13-23W-KF-V1,insulation,batt,fiberglass,batt_insulation,"Fiberglass Batt R-13 3.5""x23"" Kraft Faced",,batt:mineral_wool,EquivalentOnlySameSpec,,,,3.5,23,,,,,,SF,BAG,,,,,,,,,,,,,,,,,,,,,,,,2x4,,,,,,,,,,insulation|fiberglass|batt|r13|kf,N1102,N,,,,,,,,STOCK,,,Kraft paper vapor retarder
INS-FG-R13-23W-UF,INS-FG-R13-23W-UF-V1,insulation,batt,fiberglass,batt_insulation,"Fiberglass Batt R-13 3.5""x23"" Unfaced",,batt:mineral_wool,EquivalentOnlySameSpec,,,,3.5,23,,,,,,SF,BAG,,,,,,,,,,,,,,,,,,,,,,,,2x4,,,,,,,,,,insulation|fiberglass|batt|r13|uf,N1102,N,,,,,,,,STOCK,,,No facing
INS-FG-R15-15W-KF,INS-FG-R15-15W-KF-V1,insulation,batt,fiberglass,batt_insulation,"Fiberglass Batt R-15 3.5""x15"" Kraft Faced",,batt:mineral_wool,EquivalentOnlySameSpec,,,,3.5,15,,,,,,SF,BAG,,,,,,,,,,,,,,,,,,,,,,,,2x4,,,,,,,,,,insulation|fiberglass|batt|r15|kf,N1102,N,,,,,,,,STOCK,,,Kraft paper vapor retarder
INS-FG-R15-15W-UF,INS-FG-R15-15W-UF-V1,insulation,batt,fiberglass,batt_insulation,"Fiberglass Batt R-15 3.5""x15"" Unfaced",,batt:mineral_wool,EquivalentOnlySameSpec,,,,3.5,15,,,,,,SF,BAG,,,,,,,,,,,,,,,,,,,,,,,,2x4,,,,,,,,,,insulation|fiberglass|batt|r15|uf,N1102,N,,,,,,,,STOCK,,,No facing
INS-FG-R15-23W-KF,INS-FG-R15-23W-KF-V1,insulation,batt,fiberglass,batt_insulation,"Fiberglass Batt R-15 3.5""x23"" Kraft Faced",,batt:mineral_wool,EquivalentOnlySameSpec,,,,3.5,23,,,,,,SF,BAG,,,,,,,,,,,,,,,,,,,,,,,,2x4,,,,,,,,,,insulation|fiberglass|batt|r15|kf,N1102,N,,,,,,,,STOCK,,,Kraft paper vapor retarder
INS-FG-R15-23W-UF,INS-FG-R15-23W-UF-V1,insulation,batt,fiberglass,batt_insulation,"Fiberglass Batt R-15 3.5""x23"" Unfaced",,batt:mineral_wool,EquivalentOnlySameSpec,,,,3.5,23,,,,,,SF,BAG,,,,,,,,,,,,,,,,,,,,,,,,2x4,,,,,,,,,,insulation|fiberglass|batt|r15|uf,N1102,N,,,,,,,,STOCK,,,No facing
INS-FG-R19-15W-KF,INS-FG-R19-15W-KF-V1,insulation,batt,fiberglass,batt_insulation,"Fiberglass Batt R-19 6.25""x15"" Kraft Faced",,batt:mineral_wool,EquivalentOnlySameSpec,,,,6.25,15,,,,,,SF,BAG,,,,,,,,,,,,,,,,,,,,,,,,2x6,,,,,,,,,,insulation|fiberglass|batt|r19|kf,N1102,N,,,,,,,,STOCK,,,Kraft paper vapor retarder
INS-FG-R19-15W-UF,INS-FG-R19-15W-UF-V1,insulation,batt,fiberglass,batt_insulation,"Fiberglass Batt R-19 6.25""x15"" Unfaced",,batt:mineral_wool,EquivalentOnlySameSpec,,,,6.25,15,,,,,,SF,BAG,,,,,,,,,,,,,,,,,,,,,,,,2x6,,,,,,,,,,insulation|fiberglass|batt|r19|uf,N1102,N,,,,,,,,STOCK,,,No facing
INS-FG-R19-23W-KF,INS-FG-R19-23W-KF-V1,insulation,batt,fiberglass,batt_insulation,"Fiberglass Batt R-19 6.25""x23"" Kraft Faced",,batt:mineral_wool,EquivalentOnlySameSpec,,,,6.25,23,,,,,,SF,BAG,,,,,,,,,,,,,,,,,,,,,,,,2x6,,,,,,,,,,insulation|fiberglass|batt|r19|kf,N1102,N,,,,,,,,STOCK,,,Kraft paper vapor retarder
INS-FG-R19-23W-UF,INS-FG-R19-23W-UF-V1,insulation,batt,fiberglass,batt_insulation,"Fiberglass Batt R-19 6.25""x23"" Unfaced",,batt:mineral_wool,EquivalentOnlySameSpec,,,,6.25,23,,,,,,SF,BAG,,,,,,,,,,,,,,,,,,,,,,,,2x6,,,,,,,,,,insulation|fiberglass|batt|r19|uf,N1102,N,,,,,,,,STOCK,,,No facing
INS-FG-R21-15W-KF,INS-FG-R21-15W-KF-V1,insulation,batt,fiberglass,batt_insulation,"Fiberglass Batt R-21 5.5""x15"" Kraft Faced",,batt:mineral_wool,EquivalentOnlySameSpec,,,,5.5,15,,,,,,SF,BAG,,,,,,,,,,,,,,,,,,,,,,,,2x6,,,,,,,,,,insulation|fiberglass|batt|r21|kf,N1102,N,,,,,,,,STOCK,,,Kraft paper vapor retarder
INS-FG-R21-15W-UF,INS-FG-R21-15W-UF-V1,insulation,batt,fiberglass,batt_insulation,"Fiberglass Batt R-21 5.5""x15"" Unfaced",,batt:mineral_wool,EquivalentOnlySameSpec,,,,5.5,15,,,,,,SF,BAG,,,,,,,,,,,,,,,,,,,,,,,,2x6,,,,,,,,,,insulation|fiberglass|batt|r21|uf,N1102,N,,,,,,,,STOCK,,,No facing
INS-FG-R21-23W-KF,INS-FG-R21-23W-KF-V1,insulation,batt,fiberglass,batt_insulation,"Fiberglass Batt R-21 5.5""x23"" Kraft Faced",,batt:mineral_wool,EquivalentOnlySameSpec,,,,5.5,23,,,,,,SF,BAG,,,,,,,,,,,,,,,,,,,,,,,,2x6,,,,,,,,,,insulation|fiberglass|batt|r21|kf,N1102,N,,,,,,,,STOCK,,,Kraft paper vapor retarder
INS-FG-R21-23W-UF,INS-FG-R21-23W-UF-V1,insulation,batt,fiberglass,batt_insulation,"Fiberglass Batt R-21 5.5""x23"" Unfaced",,batt:mineral_wool,EquivalentOnlySameSpec,,,,5.5,23,,,,,,SF,BAG,,,,,,,,,,,,,,,,,,,,,,,,2x6,,,,,,,,,,insulation|fiberglass|batt|r21|uf,N1102,N,,,,,,,,STOCK,,,No facing
INS-FG-R30-15W-KF,INS-FG-R30-15W-KF-V1,insulation,batt,fiberglass,batt_insulation,"Fiberglass Batt R-30 9.5""x15"" Kraft Faced",,batt:mineral_wool,EquivalentOnlySameSpec,,,,9.5,15,,,,,,SF,BAG,,,,,,,,,,,,,,,,,,,,,,,,2x10,,,,,,,,,,insulation|fiberglass|batt|r30|kf,N1102,N,,,,,,,,STOCK,,,Kraft paper vapor retarder
INS-FG-R30-15W-UF,INS-FG-R30-15W-UF-V1,insulation,batt,fiberglass,batt_insulation,"Fiberglass Batt R-30 9.5""x15"" Unfaced",,batt:mineral_wool,EquivalentOnlySameSpec,,,,9.5,15,,,,,,SF,BAG,,,,,,,,,,,,,,,,,,,,,,,,2x10,,,,,,,,,,insulation|fiberglass|batt|r30|uf,N1102,N,,,,,,,,STOCK,,,No facing
INS-FG-R30-23W-KF,INS-FG-R30-23W-KF-V1,insulation,batt,fiberglass,batt_insulation,"Fiberglass Batt R-30 9.5""x23"" Kraft Faced",,batt:mineral_wool,EquivalentOnlySameSpec,,,,9.5,23,,,,,,SF,BAG,,,,,,,,,,,,,,,,,,,,,,,,2x10,,,,,,,,,,insulation|fiberglass|batt|r30|kf,N1102,N,,,,,,,,STOCK,,,Kraft paper vapor retarder
INS-FG-R30-23W-UF,INS-FG-R30-23W-UF-V1,insulation,batt,fiberglass,batt_insulation,"Fiberglass Batt R-30 9.5""x23"" Unfaced",,batt:mineral_wool,EquivalentOnlySameSpec,,,,9.5,23,,,,,,SF,BAG,,,,,,,,,,,,,,,,,,,,,,,,2x10,,,,,,,,,,insulation|fiberglass|batt|r30|uf,N1102,N,,,,,,,,STOCK,,,No facing
INS-FG-R38-15W-KF,INS-FG-R38-15W-KF-V1,insulation,batt,fiberglass,batt_insulation,"Fiberglass Batt R-38 12""x15"" Kraft Faced",,batt:mineral_wool,EquivalentOnlySameSpec,,,,12,15,,,,,,SF,BAG,,,,,,,,,,,,,,,,,,,,,,,,2x12,,,,,,,,,,insulation|fiberglass|batt|r38|kf,N1102,N,,,,,,,,STOCK,,,Kraft paper vapor retarder
INS-FG-R38-15W-UF,INS-FG-R38-15W-UF-V1,insulation,batt,fiberglass,batt_insulation,"Fiberglass Batt R-38 12""x15"" Unfaced",,batt:mineral_wool,EquivalentOnlySameSpec,,,,12,15,,,,,,SF,BAG,,,,,,,,,,,,,,,,,,,,,,,,2x12,,,,,,,,,,insulation|fiberglass|batt|r38|uf,N1102,N,,,,,,,,STOCK,,,No facing
INS-FG-R38-23W-KF,INS-FG-R38-23W-KF-V1,insulation,batt,fiberglass,batt_insulation,"Fiberglass Batt R-38 12""x23"" Kraft Faced",,batt:mineral_wool,EquivalentOnlySameSpec,,,,12,23,,,,,,SF,BAG,,,,,,,,,,,,,,,,,,,,,,,,2x12,,,,,,,,,,insulation|fiberglass|batt|r38|kf,N1102,N,,,,,,,,STOCK,,,Kraft paper vapor retarder
INS-FG-R38-23W-UF,INS-FG-R38-23W-UF-V1,insulation,batt,fiberglass,batt_insulation,"Fiberglass Batt R-38 12""x23"" Unfaced",,batt:mineral_wool,EquivalentOnlySameSpec,,,,12,23,,,,,,SF,BAG,,,,,,,,,,,,,,,,,,,,,,,,2x12,,,,,,,,,,insulation|fiberglass|batt|r38|uf,N1102,N,,,,,,,,STOCK,,,No facing
INS-RIG-POLY-1-4X8,INS-RIG-POLY-1-4X8-V1,insulation,rigid,polyiso,rigid_insulation,"Polyiso Rigid Foam R-6.5 1.0"" 4x8",,,EquivalentOnlySameSpec,,,,1.0,,,,,,,SF,SHT,,,32,,,,,,,48,96,,,,,,,,,,,,,,,,,,,,,,,insulation|rigid|polyiso|continuous|r6.5,N1102,N,,,,,,,,STOCK,,,"Foil-faced, R-6.5 total"
INS-RIG-POLY-15-4X8,INS-RIG-POLY-15-4X8-V1,insulation,rigid,polyiso,rigid_insulation,"Polyiso Rigid Foam R-9.8 1.5"" 4x8",,,EquivalentOnlySameSpec,,,,1.5,,,,,,,SF,SHT,,,32,,,,,,,48,96,,,,,,,,,,,,,,,,,,,,,,,insulation|rigid|polyiso|continuous|r9.8,N1102,N,,,,,,,,STOCK,,,"Foil-faced, R-9.8 total"
INS-RIG-POLY-2-4X8,INS-RIG-POLY-2-4X8-V1,insulation,rigid,polyiso,rigid_insulation,"Polyiso Rigid Foam R-13 2.0"" 4x8",,,EquivalentOnlySameSpec,,,,2.0,,,,,,,SF,SHT,,,32,,,,,,,48,96,,,,,,,,,,,,,,,,,,,,,,,insulation|rigid|polyiso|continuous|r13,N1102,N,,,,,,,,STOCK,,,"Foil-faced, R-13 total"
INS-RIG-POLY-25-4X8,INS-RIG-POLY-25-4X8-V1,insulation,rigid,polyiso,rigid_insulation,"Polyiso Rigid Foam R-16.3 2.5"" 4x8",,,EquivalentOnlySameSpec,,,,2.5,,,,,,,SF,SHT,,,32,,,,,,,48,96,,,,,,,,,,,,,,,,,,,,,,,insulation|rigid|polyiso|continuous|r16.3,N1102,N,,,,,,,,STOCK,,,"Foil-faced, R-16.3 total"
INS-RIG-POLY-3-4X8,INS-RIG-POLY-3-4X8-V1,insulation,rigid,polyiso,rigid_insulation,"Polyiso Rigid Foam R-19.5 3.0"" 4x8",,,EquivalentOnlySameSpec,,,,3.0,,,,,,,SF,SHT,,,32,,,,,,,48,96,,,,,,,,,,,,,,,,,,,,,,,insulation|rigid|polyiso|continuous|r19.5,N1102,N,,,,,,,,STOCK,,,"Foil-faced, R-19.5 total"
INS-RIG-XPS-05-4X8,INS-RIG-XPS-05-4X8-V1,insulation,rigid,xps,rigid_insulation,"XPS Rigid Foam R-2.5 0.5"" 4x8",,,EquivalentOnlySameSpec,,,,0.5,,,,,,,SF,SHT,,,32,,,,,,,48,96,,,,,,,,,,,,,,,,,,,,,,,insulation|rigid|xps|continuous|r2.5,N1102,N,,,,,,,,STOCK,,,"Extruded Polystyrene, R-2.5 total"
INS-RIG-XPS-3-4X8,INS-RIG-XPS-3-4X8-V1,insulation,rigid,xps,rigid_insulation,"XPS Rigid Foam R-15 3.0"" 4x8",,,EquivalentOnlySameSpec,,,,3.0,,,,,,,SF,SHT,,,32,,,,,,,48,96,,,,,,,,,,,,,,,,,,,,,,,insulation|rigid|xps|continuous|r15,N1102,N,,,,,,,,STOCK,,,"Extruded Polystyrene, R-15 total"
INS-RIG-XPS-4-4X8,INS-RIG-XPS-4-4X8-V1,insulation,rigid,xps,rigid_insulation,"XPS Rigid Foam R-20 4.0"" 4x8",,,EquivalentOnlySameSpec,,,,4.0,,,,,,,SF,SHT,,,32,,,,,,,48,96,,,,,,,,,,,,,,,,,,,,,,,insulation|rigid|xps|continuous|r20,N1102,N,,,,,,,,STOCK,,,"Extruded Polystyrene, R-20 total"
INS-BLOWN-FG-BAG,INS-BLOWN-FG-BAG-V1,insulation,blown_in,fg,blown_insulation,Fiberglass Blown-In 30# Bag,,,EquivalentOnlySameSpec,,,,,,,,,,,SF,BAG,,,,,,30,,,,,,,,,,,,,,,,,,,,,,,,,,,,insulation|blown_in|attic|fg,N1102,N,,,,,,,,STOCK,,,R-2.5/inch
INS-BLOWN-CELL-BAG,INS-BLOWN-CELL-BAG-V1,insulation,blown_in,cell,blown_insulation,Cellulose Blown-In 30# Bag,,,EquivalentOnlySameSpec,,,,,,,,,,,SF,BAG,,,,,,30,,,,,,,,,,,,,,,,,,,,,,,,,,,,insulation|blown_in|attic|cell,N1102,N,,,,,,,,STOCK,,,R-3.7/inch
INS-BAFFLE-145,INS-BAFFLE-145-V1,insulation,ventilation,attic_baffle,attic_baffle,"Attic Baffle/Rafter Vent 14.5""",,,EquivalentOnlySameSpec,,,,,14.5,,,,,,EA,EA,,,,,,,,,,,,,,,,,,,,,,,,,,,,,,,,,,insulation|ventilation|baffle|rafter,R806.3,N,,,,,,,,STOCK,,,
INS-BAFFLE-225,INS-BAFFLE-225-V1,insulation,ventilation,attic_baffle,attic_baffle,"Attic Baffle/Rafter Vent 22.5""",,,EquivalentOnlySameSpec,,,,,22.5,,,,,,EA,EA,,,,,,,,,,,,,,,,,,,,,,,,,,,,,,,,,,insulation|ventilation|baffle|rafter,R806.3,N,,,,,,,,STOCK,,,
INS-FIRESTOP-FOAM,INS-FIRESTOP-FOAM-V1,insulation,firestop,fire_foam,firestop,Fire Block Foam 12oz,,,EquivalentOnlySameSpec,,,,,,,,,,,CAN,CAN,,,,,,,,,,,,,,,,,,,,,,,,,,,,,,,,,,firestop|fireblock|penetration,R302.11,N,,,,,,,,STOCK,,,
INS-FIRESTOP-CAULK,INS-FIRESTOP-CAULK-V1,insulation,firestop,fire_caulk,firestop,Fire Caulk/Sealant 10.1oz,,,EquivalentOnlySameSpec,,,,,,,,,,,TUBE,TUBE,,,,,,,,,,,,,,,,,,,,,,,,,,,,,,,,,,firestop|fireblock|penetration,R302.11,N,,,,,,,,STOCK,,,
INS-FIRESTOP-PUTTY,INS-FIRESTOP-PUTTY-V1,insulation,firestop,putty_pad,firestop,Fire Putty Pad 7x7,,,EquivalentOnlySameSpec,,,,,,,,,,,EA,EA,,,,,,,,,,,,,,,,,,,,,,,,,,,,,,,,,,firestop|fireblock|penetration,R302.11,N,,,,,,,,STOCK,,,
INS-ADH-FOAMBOARD,INS-ADH-FOAMBOARD-V1,insulation,adhesives,foam_adhesive,adhesive,Foam Board Adhesive 28oz,,,EquivalentOnlySameSpec,,,,,,,,,,,TUBE,TUBE,,,,,,,,,,,,,,,,,,,,,,,,,,,,,,,,,,adhesive|foam|insulation,,N,,,,,,,,STOCK,,,
DW-BEAD-MTL-STD-8,DW-BEAD-MTL-STD-8-V1,drywall,corner_bead,metal,corner_bead,Corner Bead Metal Standard 8',,,Allowed,,,,,,,96,,,,LF,EA,8,,,,,,,,,,,,,,,,,,,,,,,,,,,,,,,,,drywall|corner_bead|metal,R702,N,,,,,,,,STOCK,,,Standard metal
DW-BEAD-MTL-STD-10,DW-BEAD-MTL-STD-10-V1,drywall,corner_bead,metal,corner_bead,Corner Bead Metal Standard 10',,,Allowed,,,,,,,120,,,,LF,EA,10,,,,,,,,,,,,,,,,,,,,,,,,,,,,,,,,,drywall|corner_bead|metal,R702,N,,,,,,,,STOCK,,,Standard metal
DW-BEAD-MTL-PAPER-8,DW-BEAD-MTL-PAPER-8-V1,drywall,corner_bead,metal,corner_bead,Corner Bead Metal Paper-Faced 8',,,Allowed,,,,,,,96,,,,LF,EA,8,,,,,,,,,,,,,,,,,,,,,,,,,,,,,,,,,drywall|corner_bead|metal,R702,N,,,,,,,,STOCK,,,Paper-faced metal
DW-BEAD-MTL-PAPER-10,DW-BEAD-MTL-PAPER-10-V1,drywall,corner_bead,metal,corner_bead,Corner Bead Metal Paper-Faced 10',,,Allowed,,,,,,,120,,,,LF,EA,10,,,,,,,,,,,,,,,,,,,,,,,,,,,,,,,,,drywall|corner_bead|metal,R702,N,,,,,,,,STOCK,,,Paper-faced metal
DW-BEAD-VNL-STD-8,DW-BEAD-VNL-STD-8-V1,drywall,corner_bead,vinyl,corner_bead,Corner Bead Vinyl Standard 8',,,Allowed,,,,,,,96,,,,LF,EA,8,,,,,,,,,,,,,,,,,,,,,,,,,,,,,,,,,drywall|corner_bead|vinyl|standard,R702,N,,,,,,,,STOCK,,,
DW-BEAD-VNL-STD-10,DW-BEAD-VNL-STD-10-V1,drywall,corner_bead,vinyl,corner_bead,Corner Bead Vinyl Standard 10',,,Allowed,,,,,,,120,,,,LF,EA,10,,,,,,,,,,,,,,,,,,,,,,,,,,,,,,,,,drywall|corner_bead|vinyl|standard,R702,N,,,,,,,,STOCK,,,
DW-BEAD-VNL-BULL-8,DW-BEAD-VNL-BULL-8-V1,drywall,corner_bead,vinyl,corner_bead,Corner Bead Vinyl Bullnose 8',,,Allowed,,,,,,,96,,,,LF,EA,8,,,,,,,,,,,,,,,,,,,,,,,,,,,,,,,,,drywall|corner_bead|vinyl|bullnose,R702,N,,,,,,,,STOCK,,,
DW-BEAD-VNL-BULL-10,DW-BEAD-VNL-BULL-10-V1,drywall,corner_bead,vinyl,corner_bead,Corner Bead Vinyl Bullnose 10',,,Allowed,,,,,,,120,,,,LF,EA,10,,,,,,,,,,,,,,,,,,,,,,,,,,,,,,,,,drywall|corner_bead|vinyl|bullnose,R702,N,,,,,,,,STOCK,,,
DW-BEAD-ARCH-100,DW-BEAD-ARCH-100-V1,drywall,corner_bead,archway,corner_bead,Archway Corner Bead Flexible 100',,,Allowed,,,,,,,1200,,,,LF,RL,100,,,,,,,,,,,,,,,,,,,,,,,,,,,,,,,,,drywall|corner_bead|archway|flexible,R702,N,,,,,,,,ORDER,3,,
DW-TAPE-PAPER,DW-TAPE-PAPER-V1,drywall,joint_tape,paper,joint_tape,Paper Joint Tape 250',,,Allowed,,,,,,,,,,,LF,RL,250,,,,,,,,,,,,,,,,,,,,,,,,,,,,,,250,,,drywall|tape|paper,R702,N,,,,,,,,STOCK,,,
DW-TAPE-PAPER-500,DW-TAPE-PAPER-500-V1,drywall,joint_tape,paper,joint_tape,Paper Joint Tape 500',,,Allowed,,,,,,,,,,,LF,RL,500,,,,,,,,,,,,,,,,,,,,,,,,,,,,,,500,,,drywall|tape|paper,R702,N,,,,,,,,STOCK,,,
DW-TAPE-MESH-2,DW-TAPE-MESH-2-V1,drywall,joint_tape,mesh,joint_tape,"Fiberglass Mesh Tape 2"" 300'",,,Allowed,,,,,,,,,,,LF,RL,300,,,,,,,,,,,,,,,,,,,,,,,,,,,,,,300,,,drywall|tape|mesh,R702,N,,,,,,,,STOCK,,,
DW-TAPE-MESH-2-50,DW-TAPE-MESH-2-50-V1,drywall,joint_tape,mesh,joint_tape,"Fiberglass Mesh Tape 2"" 50'",,,Allowed,,,,,,,,,,,LF,RL,50,,,,,,,,,,,,,,,,,,,,,,,,,,,,,,50,,,drywall|tape|mesh,R702,N,,,,,,,,STOCK,,,
DW-MUD-AP-1GAL,DW-MUD-AP-1GAL-V1,drywall,joint_compound,all_purpose,joint_compound,All-Purpose Joint Compound 1gal,,,Allowed,,,,,,,,,,,SF,GAL,,,,65,,,,,,,,,,,,,,,,,,,,,,,,,,,,,,drywall|compound|all_purpose,R702,N,,,,,,,,STOCK,,,
DW-MUD-AP-3-5GAL,DW-MUD-AP-3-5GAL-V1,drywall,joint_compound,all_purpose,joint_compound,All-Purpose Joint Compound 3.5gal,,,Allowed,,,,,,,,,,,SF,PAL,,,,230,,,,,,,,,,,,,,,,,,,,,,,,,,,,,,drywall|compound|all_purpose,R702,N,,,,,,,,STOCK,,,
DW-MUD-AP-5GAL,DW-MUD-AP-5GAL-V1,drywall,joint_compound,all_purpose,joint_compound,All-Purpose Joint Compound 5gal,,,Allowed,,,,,,,,,,,SF,PAL,,,,330,,,,,,,,,,,,,,,,,,,,,,,,,,,,,,drywall|compound|all_purpose,R702,N,,,,,,,,STOCK,,,
DW-MUD-TOP-3-5GAL,DW-MUD-TOP-3-5GAL-V1,drywall,joint_compound,topping,joint_compound,Topping Compound 3.5gal,,,Allowed,,,,,,,,,,,SF,PAL,,,,230,,,,,,,,,,,,,,,,,,,,,,,,,,,,,,drywall|compound|topping,R702,N,,,,,,,,STOCK,,,
DW-MUD-TOP-5GAL,DW-MUD-TOP-5GAL-V1,drywall,joint_compound,topping,joint_compound,Topping Compound 5gal,,,Allowed,,,,,,,,,,,SF,PAL,,,,330,,,,,,,,,,,,,,,,,,,,,,,,,,,,,,drywall|compound|topping,R702,N,,,,,,,,STOCK,,,
DW-MUD-SET-20,DW-MUD-SET-20-V1,drywall,joint_compound,setting,joint_compound,Setting Compound 20-min 18lb,,,Allowed,,,,,,,,,,,BAG,BAG,,,,,,,,,,,,,,,,,,,,,,,,,,,,,,,,,,drywall|compound|setting,R702,N,,,,,,,,STOCK,,,
DW-MUD-SET-45,DW-MUD-SET-45-V1,drywall,joint_compound,setting,joint_compound,Setting Compound 45-min 18lb,,,Allowed,,,,,,,,,,,BAG,BAG,,,,,,,,,,,,,,,,,,,,,,,,,,,,,,,,,,drywall|compound|setting,R702,N,,,,,,,,STOCK,,,
DW-MUD-SET-90,DW-MUD-SET-90-V1,drywall,joint_compound,setting,joint_compound,Setting Compound 90-min 18lb,,,Allowed,,,,,,,,,,,BAG,BAG,,,,,,,,,,,,,,,,,,,,,,,,,,,,,,,,,,drywall|compound|setting,R702,N,,,,,,,,STOCK,,,
DW-MUD-LITE-3-5GAL,DW-MUD-LITE-3-5GAL-V1,drywall,joint_compound,lightweight,joint_compound,Lightweight All-Purpose 3.5gal,,,Allowed,,,,,,,,,,,SF,PAL,,,,280,,,,,,,,,,,,,,,,,,,,,,,,,,,,,,drywall|compound|lightweight,R702,N,,,,,,,,STOCK,,,
DW-SCREW-FINE-1-14,DW-SCREW-FINE-1-14-V1,fasteners,drywall_screws,fine_thread,screw,"Drywall Screw #6 x 1-1/4"" Fine Thread",,,Allowed,,,,,,,1.1/4,,,,EA,BX,,,,,1000,,,,,,,,,,,,,,,,,,,,Phosphate,Thread,Bugle,,,,,,,drywall|screw|finethread,,N,,,,,,,,STOCK,,,
DW-SCREW-FINE-1-58,DW-SCREW-FINE-1-58-V1,fasteners,drywall_screws,fine_thread,screw,"Drywall Screw #6 x 1-5/8"" Fine Thread",,,Allowed,,,,,,,1.5/8,,,,EA,BX,,,,,1000,,,,,,,,,,,,,,,,,,,,Phosphate,Thread,Bugle,,,,,,,drywall|screw|finethread,,N,,,,,,,,STOCK,,,
DW-SCREW-FINE-2,DW-SCREW-FINE-2-V1,fasteners,drywall_screws,fine_thread,screw,"Drywall Screw #6 x 2"" Fine Thread",,,Allowed,,,,,,,2,,,,EA,BX,,,,,500,,,,,,,,,,,,,,,,,,,,Phosphate,Thread,Bugle,,,,,,,drywall|screw|finethread,,N,,,,,,,,STOCK,,,
DW-SCREW-COARSE-1-14,DW-SCREW-COARSE-1-14-V1,fasteners,drywall_screws,coarse_thread,screw,"Drywall Screw #6 x 1-1/4"" Coarse Thread",,,Allowed,,,,,,,1.1/4,,,,EA,BX,,,,,1000,,,,,,,,,,,,,,,,,,,,Phosphate,Thread,Bugle,,,,,,,drywall|screw|coarsethread,,N,,,,,,,,STOCK,,,
DW-SCREW-COARSE-1-58,DW-SCREW-COARSE-1-58-V1,fasteners,drywall_screws,coarse_thread,screw,"Drywall Screw #6 x 1-5/8"" Coarse Thread",,,Allowed,,,,,,,1.5/8,,,,EA,BX,,,,,1000,,,,,,,,,,,,,,,,,,,,Phosphate,Thread,Bugle,,,,,,,drywall|screw|coarsethread,,N,,,,,,,,STOCK,,,
DW-ACCESS-8x8,DW-ACCESS-8x8-V1,drywall,access_panel,standard,access_panel,Drywall Access Panel 8x8,,,Allowed,,,,,,,,,,,EA,EA,,,,,,,,,,,,,,,,,,,,,,,,,,,,,,,,,,drywall|access_panel|utility,,N,,,,,,,,STOCK,,,
DW-ACCESS-12x12,DW-ACCESS-12x12-V1,drywall,access_panel,standard,access_panel,Drywall Access Panel 12x12,,,Allowed,,,,,,,,,,,EA,EA,,,,,,,,,,,,,,,,,,,,,,,,,,,,,,,,,,drywall|access_panel|utility,,N,,,,,,,,STOCK,,,
DW-ACCESS-14x14,DW-ACCESS-14x14-V1,drywall,access_panel,standard,access_panel,Drywall Access Panel 14x14,,,Allowed,,,,,,,,,,,EA,EA,,,,,,,,,,,,,,,,,,,,,,,,,,,,,,,,,,drywall|access_panel|utility,,N,,,,,,,,STOCK,,,
DW-ACCESS-22x22,DW-ACCESS-22x22-V1,drywall,access_panel,standard,access_panel,Drywall Access Panel 22x22,,,Allowed,,,,,,,,,,,EA,EA,,,,,,,,,,,,,,,,,,,,,,,,,,,,,,,,,,drywall|access_panel|utility,,N,,,,,,,,STOCK,,,
DW-ADH-28OZ,DW-ADH-28OZ-V1,drywall,adhesives,drywall_adhesive,adhesive,Drywall Adhesive 28oz,,,Allowed,,,,,,,,,,,TUBE,TUBE,,,,,,,,,,,,,,,,,,,,,,,,,,,,,,,,,,drywall|adhesive|construction,,N,,,,,,,,STOCK,,,
MOULD-CHAIR-COL-MDF-16,MOULD-CHAIR-COL-MDF-16-V1,moulding,chair_rail,mdf_primed,chair_rail,"Chair Rail Colonial 2-1/2"" MDF 16'",MDF,,Allowed,,,,,2.5,,192,,,,LF,EA,16,,,,,,,,,,,,,,,,,,,Primed,,,,,,,,,,,,,,moulding|chair_rail|interior,,N,,,,,,,,STOCK,,,
MOULD-CHAIR-COL-FJ-16,MOULD-CHAIR-COL-FJ-16-V1,moulding,chair_rail,fj_pine_primed,chair_rail,"Chair Rail Colonial 2-1/2"" FJ 16'",FJ,,Allowed,,,,,2.5,,192,,,,LF,EA,16,,,,,,,,,,,,,,,,,,,Primed,,,,,,,,,,,,,,moulding|chair_rail|interior,,N,,,,,,,,STOCK,,,
MOULD-CHAIR-COL-POP-16,MOULD-CHAIR-COL-POP-16-V1,moulding,chair_rail,poplar,chair_rail,"Chair Rail Colonial 2-1/2"" POP 16'",POP,,Allowed,,,,,2.5,,192,,,,LF,EA,16,,,,,,,,,,,,,,,,,,,Unfinished,,,,,,,,,,,,,,moulding|chair_rail|interior,,N,,,,,,,,ORDER,3,,
MOULD-CHAIR-COL-OAK-16,MOULD-CHAIR-COL-OAK-16-V1,moulding,chair_rail,oak,chair_rail,"Chair Rail Colonial 2-1/2"" OAK 16'",OAK,,Allowed,,,,,2.5,,192,,,,LF,EA,16,,,,,,,,,,,,,,,,,,,Unfinished,,,,,,,,,,,,,,moulding|chair_rail|interior,,N,,,,,,,,ORDER,3,,
MOULD-CHAIR-CRAFT-MDF-16,MOULD-CHAIR-CRAFT-MDF-16-V1,moulding,chair_rail,mdf_primed,chair_rail,"Chair Rail Craftsman 3"" MDF 16'",MDF,,Allowed,,,,,3,,192,,,,LF,EA,16,,,,,,,,,,,,,,,,,,,Primed,,,,,,,,,,,,,,moulding|chair_rail|interior,,N,,,,,,,,STOCK,,,
MOULD-CHAIR-CRAFT-FJ-16,MOULD-CHAIR-CRAFT-FJ-16-V1,moulding,chair_rail,fj_pine_primed,chair_rail,"Chair Rail Craftsman 3"" FJ 16'",FJ,,Allowed,,,,,3,,192,,,,LF,EA,16,,,,,,,,,,,,,,,,,,,Primed,,,,,,,,,,,,,,moulding|chair_rail|interior,,N,,,,,,,,STOCK,,,
MOULD-CHAIR-CRAFT-POP-16,MOULD-CHAIR-CRAFT-POP-16-V1,moulding,chair_rail,poplar,chair_rail,"Chair Rail Craftsman 3"" POP 16'",POP,,Allowed,,,,,3,,192,,,,LF,EA,16,,,,,,,,,,,,,,,,,,,Unfinished,,,,,,,,,,,,,,moulding|chair_rail|interior,,N,,,,,,,,ORDER,3,,
MOULD-CHAIR-CRAFT-OAK-16,MOULD-CHAIR-CRAFT-OAK-16-V1,moulding,chair_rail,oak,chair_rail,"Chair Rail Craftsman 3"" OAK 16'",OAK,,Allowed,,,,,3,,192,,,,LF,EA,16,,,,,,,,,,,,,,,,,,,Unfinished,,,,,,,,,,,,,,moulding|chair_rail|interior,,N,,,,,,,,ORDER,3,,
MOULD-PANEL-MDF-8,MOULD-PANEL-MDF-8-V1,moulding,panel_mould,mdf_primed,panel_mould,"Panel Mould 11/16""x1-3/8"" MDF 8'",MDF,,Allowed,,,,0.6875,1.375,,96,,,,LF,EA,8,,,,,,,,,,,,,,,,,,,Primed,,,,,,,,,,,,,,moulding|panel_mould|interior|wainscot,,N,,,,,,,,STOCK,,,
MOULD-PANEL-FJ-8,MOULD-PANEL-FJ-8-V1,moulding,panel_mould,fj_pine_primed,panel_mould,"Panel Mould 11/16""x1-3/8"" FJ 8'",FJ,,Allowed,,,,0.6875,1.375,,96,,,,LF,EA,8,,,,,,,,,,,,,,,,,,,Primed,,,,,,,,,,,,,,moulding|panel_mould|interior|wainscot,,N,,,,,,,,STOCK,,,
MOULD-PANEL-POP-8,MOULD-PANEL-POP-8-V1,moulding,panel_mould,poplar,panel_mould,"Panel Mould 11/16""x1-3/8"" POP 8'",POP,,Allowed,,,,0.6875,1.375,,96,,,,LF,EA,8,,,,,,,,,,,,,,,,,,,Unfinished,,,,,,,,,,,,,,moulding|panel_mould|interior|wainscot,,N,,,,,,,,ORDER,3,,
MOULD-PANEL-OAK-8,MOULD-PANEL-OAK-8-V1,moulding,panel_mould,oak,panel_mould,"Panel Mould 11/16""x1-3/8"" OAK 8'",OAK,,Allowed,,,,0.6875,1.375,,96,,,,LF,EA,8,,,,,,,,,,,,,,,,,,,Unfinished,,,,,,,,,,,,,,moulding|panel_mould|interior|wainscot,,N,,,,,,,,ORDER,3,,
MOULD-STOP-7-16-MDF-7,MOULD-STOP-7-16-MDF-7-V1,moulding,stop_mould,mdf_primed,stop_mould,"Stop Mould 7/16""x1-3/8"" MDF 7'",MDF,,Allowed,,,,0.4375,1.375,,84,,,,LF,EA,7,,,,,,,,,,,,,,,,,,,Primed,,,,,,,,,,,,,,moulding|stop_mould|interior|door|window,,N,,,,,,,,STOCK,,,
MOULD-STOP-7-16-FJ-7,MOULD-STOP-7-16-FJ-7-V1,moulding,stop_mould,fj_pine_primed,stop_mould,"Stop Mould 7/16""x1-3/8"" FJ 7'",FJ,,Allowed,,,,0.4375,1.375,,84,,,,LF,EA,7,,,,,,,,,,,,,,,,,,,Primed,,,,,,,,,,,,,,moulding|stop_mould|interior|door|window,,N,,,,,,,,STOCK,,,
MOULD-STOP-7-16-POP-7,MOULD-STOP-7-16-POP-7-V1,moulding,stop_mould,poplar,stop_mould,"Stop Mould 7/16""x1-3/8"" POP 7'",POP,,Allowed,,,,0.4375,1.375,,84,,,,LF,EA,7,,,,,,,,,,,,,,,,,,,Unfinished,,,,,,,,,,,,,,moulding|stop_mould|interior|door|window,,N,,,,,,,,ORDER,,,
MOULD-STOP-7-16-OAK-7,MOULD-STOP-7-16-OAK-7-V1,moulding,stop_mould,oak,stop_mould,"Stop Mould 7/16""x1-3/8"" OAK 7'",OAK,,Allowed,,,,0.4375,1.375,,84,,,,LF,EA,7,,,,,,,,,,,,,,,,,,,Unfinished,,,,,,,,,,,,,,moulding|stop_mould|interior|door|window,,N,,,,,,,,ORDER,,,
MOULD-STOP-3-4-MDF-7,MOULD-STOP-3-4-MDF-7-V1,moulding,stop_mould,mdf_primed,stop_mould,"Stop Mould 3/4""x1-3/8"" MDF 7'",MDF,,Allowed,,,,0.75,1.375,,84,,,,LF,EA,7,,,,,,,,,,,,,,,,,,,Primed,,,,,,,,,,,,,,moulding|stop_mould|interior|door|window,,N,,,,,,,,STOCK,,,
MOULD-STOP-3-4-FJ-7,MOULD-STOP-3-4-FJ-7-V1,moulding,stop_mould,fj_pine_primed,stop_mould,"Stop Mould 3/4""x1-3/8"" FJ 7'",FJ,,Allowed,,,,0.75,1.375,,84,,,,LF,EA,7,,,,,,,,,,,,,,,,,,,Primed,,,,,,,,,,,,,,moulding|stop_mould|interior|door|window,,N,,,,,,,,STOCK,,,
MOULD-STOP-3-4-POP-7,MOULD-STOP-3-4-POP-7-V1,moulding,stop_mould,poplar,stop_mould,"Stop Mould 3/4""x1-3/8"" POP 7'",POP,,Allowed,,,,0.75,1.375,,84,,,,LF,EA,7,,,,,,,,,,,,,,,,,,,Unfinished,,,,,,,,,,,,,,moulding|stop_mould|interior|door|window,,N,,,,,,,,ORDER,,,
MOULD-STOP-3-4-OAK-7,MOULD-STOP-3-4-OAK-7-V1,moulding,stop_mould,oak,stop_mould,"Stop Mould 3/4""x1-3/8"" OAK 7'",OAK,,Allowed,,,,0.75,1.375,,84,,,,LF,EA,7,,,,,,,,,,,,,,,,,,,Unfinished,,,,,,,,,,,,,,moulding|stop_mould|interior|door|window,,N,,,,,,,,ORDER,,,
S4S-1X2-PRI-8,S4S-1X2-PRI-8-V1,boards,s4s,primed,s4s_board,S4S 1x2 Primed 8',FJ,,Allowed,,,,0.75,1.5,,96,,1x2,0.75x1.5,LF,EA,8,,,,,,,,,,,,,,,,,,,Primed,,,,,,,,,,,,,,boards|s4s|interior|trim,,N,,,,,,,,STOCK,,,
S4S-1X2-PRI-12,S4S-1X2-PRI-12-V1,boards,s4s,primed,s4s_board,S4S 1x2 Primed 12',FJ,,Allowed,,,,0.75,1.5,,144,,1x2,0.75x1.5,LF,EA,12,,,,,,,,,,,,,,,,,,,Primed,,,,,,,,,,,,,,boards|s4s|interior|trim,,N,,,,,,,,STOCK,,,
S4S-1X2-PRI-16,S4S-1X2-PRI-16-V1,boards,s4s,primed,s4s_board,S4S 1x2 Primed 16',FJ,,Allowed,,,,0.75,1.5,,192,,1x2,0.75x1.5,LF,EA,16,,,,,,,,,,,,,,,,,,,Primed,,,,,,,,,,,,,,boards|s4s|interior|trim,,N,,,,,,,,STOCK,,,
S4S-1X2-CLE-8,S4S-1X2-CLE-8-V1,boards,s4s,clear_pine,s4s_board,S4S 1x2 Clear 8',PINE,,Allowed,,,,0.75,1.5,,96,,1x2,0.75x1.5,LF,EA,8,,,,,,,,,,,,,,,,,,,Unfinished,,,,,,,,,,,,,,boards|s4s|interior|trim,,N,,,,,,,,STOCK,,,
S4S-1X2-CLE-12,S4S-1X2-CLE-12-V1,boards,s4s,clear_pine,s4s_board,S4S 1x2 Clear 12',PINE,,Allowed,,,,0.75,1.5,,144,,1x2,0.75x1.5,LF,EA,12,,,,,,,,,,,,,,,,,,,Unfinished,,,,,,,,,,,,,,boards|s4s|interior|trim,,N,,,,,,,,STOCK,,,
S4S-1X2-CLE-16,S4S-1X2-CLE-16-V1,boards,s4s,clear_pine,s4s_board,S4S 1x2 Clear 16',PINE,,Allowed,,,,0.75,1.5,,192,,1x2,0.75x1.5,LF,EA,16,,,,,,,,,,,,,,,,,,,Unfinished,,,,,,,,,,,,,,boards|s4s|interior|trim,,N,,,,,,,,STOCK,,,
S4S-1X3-PRI-8,S4S-1X3-PRI-8-V1,boards,s4s,primed,s4s_board,S4S 1x3 Primed 8',FJ,,Allowed,,,,0.75,2.5,,96,,1x3,0.75x2.5,LF,EA,8,,,,,,,,,,,,,,,,,,,Primed,,,,,,,,,,,,,,boards|s4s|interior|trim,,N,,,,,,,,STOCK,,,
S4S-1X3-PRI-12,S4S-1X3-PRI-12-V1,boards,s4s,primed,s4s_board,S4S 1x3 Primed 12',FJ,,Allowed,,,,0.75,2.5,,144,,1x3,0.75x2.5,LF,EA,12,,,,,,,,,,,,,,,,,,,Primed,,,,,,,,,,,,,,boards|s4s|interior|trim,,N,,,,,,,,STOCK,,,
S4S-1X3-PRI-16,S4S-1X3-PRI-16-V1,boards,s4s,primed,s4s_board,S4S 1x3 Primed 16',FJ,,Allowed,,,,0.75,2.5,,192,,1x3,0.75x2.5,LF,EA,16,,,,,,,,,,,,,,,,,,,Primed,,,,,,,,,,,,,,boards|s4s|interior|trim,,N,,,,,,,,STOCK,,,
S4S-1X3-CLE-8,S4S-1X3-CLE-8-V1,boards,s4s,clear_pine,s4s_board,S4S 1x3 Clear 8',PINE,,Allowed,,,,0.75,2.5,,96,,1x3,0.75x2.5,LF,EA,8,,,,,,,,,,,,,,,,,,,Unfinished,,,,,,,,,,,,,,boards|s4s|interior|trim,,N,,,,,,,,STOCK,,,
S4S-1X3-CLE-12,S4S-1X3-CLE-12-V1,boards,s4s,clear_pine,s4s_board,S4S 1x3 Clear 12',PINE,,Allowed,,,,0.75,2.5,,144,,1x3,0.75x2.5,LF,EA,12,,,,,,,,,,,,,,,,,,,Unfinished,,,,,,,,,,,,,,boards|s4s|interior|trim,,N,,,,,,,,STOCK,,,
S4S-1X3-CLE-16,S4S-1X3-CLE-16-V1,boards,s4s,clear_pine,s4s_board,S4S 1x3 Clear 16',PINE,,Allowed,,,,0.75,2.5,,192,,1x3,0.75x2.5,LF,EA,16,,,,,,,,,,,,,,,,,,,Unfinished,,,,,,,,,,,,,,boards|s4s|interior|trim,,N,,,,,,,,STOCK,,,
S4S-1X4-PRI-8,S4S-1X4-PRI-8-V1,boards,s4s,primed,s4s_board,S4S 1x4 Primed 8',FJ,,Allowed,,,,0.75,3.5,,96,,1x4,0.75x3.5,LF,EA,8,,,,,,,,,,,,,,,,,,,Primed,,,,,,,,,,,,,,boards|s4s|interior|trim,,N,,,,,,,,STOCK,,,
S4S-1X4-PRI-12,S4S-1X4-PRI-12-V1,boards,s4s,primed,s4s_board,S4S 1x4 Primed 12',FJ,,Allowed,,,,0.75,3.5,,144,,1x4,0.75x3.5,LF,EA,12,,,,,,,,,,,,,,,,,,,Primed,,,,,,,,,,,,,,boards|s4s|interior|trim,,N,,,,,,,,STOCK,,,
S4S-1X4-PRI-16,S4S-1X4-PRI-16-V1,boards,s4s,primed,s4s_board,S4S 1x4 Primed 16',FJ,,Allowed,,,,0.75,3.5,,192,,1x4,0.75x3.5,LF,EA,16,,,,,,,,,,,,,,,,,,,Primed,,,,,,,,,,,,,,boards|s4s|interior|trim,,N,,,,,,,,STOCK,,,
S4S-1X4-CLE-8,S4S-1X4-CLE-8-V1,boards,s4s,clear_pine,s4s_board,S4S 1x4 Clear 8',PINE,,Allowed,,,,0.75,3.5,,96,,1x4,0.75x3.5,LF,EA,8,,,,,,,,,,,,,,,,,,,Unfinished,,,,,,,,,,,,,,boards|s4s|interior|trim,,N,,,,,,,,STOCK,,,
S4S-1X4-CLE-12,S4S-1X4-CLE-12-V1,boards,s4s,clear_pine,s4s_board,S4S 1x4 Clear 12',PINE,,Allowed,,,,0.75,3.5,,144,,1x4,0.75x3.5,LF,EA,12,,,,,,,,,,,,,,,,,,,Unfinished,,,,,,,,,,,,,,boards|s4s|interior|trim,,N,,,,,,,,STOCK,,,
S4S-1X4-CLE-16,S4S-1X4-CLE-16-V1,boards,s4s,clear_pine,s4s_board,S4S 1x4 Clear 16',PINE,,Allowed,,,,0.75,3.5,,192,,1x4,0.75x3.5,LF,EA,16,,,,,,,,,,,,,,,,,,,Unfinished,,,,,,,,,,,,,,boards|s4s|interior|trim,,N,,,,,,,,STOCK,,,
S4S-1X6-PRI-8,S4S-1X6-PRI-8-V1,boards,s4s,primed,s4s_board,S4S 1x6 Primed 8',FJ,,Allowed,,,,0.75,5.5,,96,,1x6,0.75x5.5,LF,EA,8,,,,,,,,,,,,,,,,,,,Primed,,,,,,,,,,,,,,boards|s4s|interior|trim,,N,,,,,,,,STOCK,,,
S4S-1X6-PRI-12,S4S-1X6-PRI-12-V1,boards,s4s,primed,s4s_board,S4S 1x6 Primed 12',FJ,,Allowed,,,,0.75,5.5,,144,,1x6,0.75x5.5,LF,EA,12,,,,,,,,,,,,,,,,,,,Primed,,,,,,,,,,,,,,boards|s4s|interior|trim,,N,,,,,,,,STOCK,,,
S4S-1X6-PRI-16,S4S-1X6-PRI-16-V1,boards,s4s,primed,s4s_board,S4S 1x6 Primed 16',FJ,,Allowed,,,,0.75,5.5,,192,,1x6,0.75x5.5,LF,EA,16,,,,,,,,,,,,,,,,,,,Primed,,,,,,,,,,,,,,boards|s4s|interior|trim,,N,,,,,,,,STOCK,,,
S4S-1X6-CLE-8,S4S-1X6-CLE-8-V1,boards,s4s,clear_pine,s4s_board,S4S 1x6 Clear 8',PINE,,Allowed,,,,0.75,5.5,,96,,1x6,0.75x5.5,LF,EA,8,,,,,,,,,,,,,,,,,,,Unfinished,,,,,,,,,,,,,,boards|s4s|interior|trim,,N,,,,,,,,STOCK,,,
S4S-1X6-CLE-12,S4S-1X6-CLE-12-V1,boards,s4s,clear_pine,s4s_board,S4S 1x6 Clear 12',PINE,,Allowed,,,,0.75,5.5,,144,,1x6,0.75x5.5,LF,EA,12,,,,,,,,,,,,,,,,,,,Unfinished,,,,,,,,,,,,,,boards|s4s|interior|trim,,N,,,,,,,,STOCK,,,
S4S-1X6-CLE-16,S4S-1X6-CLE-16-V1,boards,s4s,clear_pine,s4s_board,S4S 1x6 Clear 16',PINE,,Allowed,,,,0.75,5.5,,192,,1x6,0.75x5.5,LF,EA,16,,,,,,,,,,,,,,,,,,,Unfinished,,,,,,,,,,,,,,boards|s4s|interior|trim,,N,,,,,,,,STOCK,,,
S4S-1X8-PRI-8,S4S-1X8-PRI-8-V1,boards,s4s,primed,s4s_board,S4S 1x8 Primed 8',FJ,,Allowed,,,,0.75,7.25,,96,,1x8,0.75x7.25,LF,EA,8,,,,,,,,,,,,,,,,,,,Primed,,,,,,,,,,,,,,boards|s4s|interior|trim,,N,,,,,,,,STOCK,,,
S4S-1X8-PRI-12,S4S-1X8-PRI-12-V1,boards,s4s,primed,s4s_board,S4S 1x8 Primed 12',FJ,,Allowed,,,,0.75,7.25,,144,,1x8,0.75x7.25,LF,EA,12,,,,,,,,,,,,,,,,,,,Primed,,,,,,,,,,,,,,boards|s4s|interior|trim,,N,,,,,,,,STOCK,,,
S4S-1X8-PRI-16,S4S-1X8-PRI-16-V1,boards,s4s,primed,s4s_board,S4S 1x8 Primed 16',FJ,,Allowed,,,,0.75,7.25,,192,,1x8,0.75x7.25,LF,EA,16,,,,,,,,,,,,,,,,,,,Primed,,,,,,,,,,,,,,boards|s4s|interior|trim,,N,,,,,,,,STOCK,,,
S4S-1X8-CLE-8,S4S-1X8-CLE-8-V1,boards,s4s,clear_pine,s4s_board,S4S 1x8 Clear 8',PINE,,Allowed,,,,0.75,7.25,,96,,1x8,0.75x7.25,LF,EA,8,,,,,,,,,,,,,,,,,,,Unfinished,,,,,,,,,,,,,,boards|s4s|interior|trim,,N,,,,,,,,STOCK,,,
S4S-1X8-CLE-12,S4S-1X8-CLE-12-V1,boards,s4s,clear_pine,s4s_board,S4S 1x8 Clear 12',PINE,,Allowed,,,,0.75,7.25,,144,,1x8,0.75x7.25,LF,EA,12,,,,,,,,,,,,,,,,,,,Unfinished,,,,,,,,,,,,,,boards|s4s|interior|trim,,N,,,,,,,,STOCK,,,
S4S-1X8-CLE-16,S4S-1X8-CLE-16-V1,boards,s4s,clear_pine,s4s_board,S4S 1x8 Clear 16',PINE,,Allowed,,,,0.75,7.25,,192,,1x8,0.75x7.25,LF,EA,16,,,,,,,,,,,,,,,,,,,Unfinished,,,,,,,,,,,,,,boards|s4s|interior|trim,,N,,,,,,,,STOCK,,,
S4S-1X10-PRI-8,S4S-1X10-PRI-8-V1,boards,s4s,primed,s4s_board,S4S 1x10 Primed 8',FJ,,Allowed,,,,0.75,9.25,,96,,1x10,0.75x9.25,LF,EA,8,,,,,,,,,,,,,,,,,,,Primed,,,,,,,,,,,,,,boards|s4s|interior|trim,,N,,,,,,,,STOCK,,,
S4S-1X10-PRI-12,S4S-1X10-PRI-12-V1,boards,s4s,primed,s4s_board,S4S 1x10 Primed 12',FJ,,Allowed,,,,0.75,9.25,,144,,1x10,0.75x9.25,LF,EA,12,,,,,,,,,,,,,,,,,,,Primed,,,,,,,,,,,,,,boards|s4s|interior|trim,,N,,,,,,,,STOCK,,,
S4S-1X10-PRI-16,S4S-1X10-PRI-16-V1,boards,s4s,primed,s4s_board,S4S 1x10 Primed 16',FJ,,Allowed,,,,0.75,9.25,,192,,1x10,0.75x9.25,LF,EA,16,,,,,,,,,,,,,,,,,,,Primed,,,,,,,,,,,,,,boards|s4s|interior|trim,,N,,,,,,,,STOCK,,,
S4S-1X10-CLE-8,S4S-1X10-CLE-8-V1,boards,s4s,clear_pine,s4s_board,S4S 1x10 Clear 8',PINE,,Allowed,,,,0.75,9.25,,96,,1x10,0.75x9.25,LF,EA,8,,,,,,,,,,,,,,,,,,,Unfinished,,,,,,,,,,,,,,boards|s4s|interior|trim,,N,,,,,,,,STOCK,,,
S4S-1X10-CLE-12,S4S-1X10-CLE-12-V1,boards,s4s,clear_pine,s4s_board,S4S 1x10 Clear 12',PINE,,Allowed,,,,0.75,9.25,,144,,1x10,0.75x9.25,LF,EA,12,,,,,,,,,,,,,,,,,,,Unfinished,,,,,,,,,,,,,,boards|s4s|interior|trim,,N,,,,,,,,STOCK,,,
S4S-1X10-CLE-16,S4S-1X10-CLE-16-V1,boards,s4s,clear_pine,s4s_board,S4S 1x10 Clear 16',PINE,,Allowed,,,,0.75,9.25,,192,,1x10,0.75x9.25,LF,EA,16,,,,,,,,,,,,,,,,,,,Unfinished,,,,,,,,,,,,,,boards|s4s|interior|trim,,N,,,,,,,,STOCK,,,
S4S-1X12-PRI-8,S4S-1X12-PRI-8-V1,boards,s4s,primed,s4s_board,S4S 1x12 Primed 8',FJ,,Allowed,,,,0.75,11.25,,96,,1x12,0.75x11.25,LF,EA,8,,,,,,,,,,,,,,,,,,,Primed,,,,,,,,,,,,,,boards|s4s|interior|trim,,N,,,,,,,,STOCK,,,
S4S-1X12-PRI-12,S4S-1X12-PRI-12-V1,boards,s4s,primed,s4s_board,S4S 1x12 Primed 12',FJ,,Allowed,,,,0.75,11.25,,144,,1x12,0.75x11.25,LF,EA,12,,,,,,,,,,,,,,,,,,,Primed,,,,,,,,,,,,,,boards|s4s|interior|trim,,N,,,,,,,,STOCK,,,
S4S-1X12-PRI-16,S4S-1X12-PRI-16-V1,boards,s4s,primed,s4s_board,S4S 1x12 Primed 16',FJ,,Allowed,,,,0.75,11.25,,192,,1x12,0.75x11.25,LF,EA,16,,,,,,,,,,,,,,,,,,,Primed,,,,,,,,,,,,,,boards|s4s|interior|trim,,N,,,,,,,,STOCK,,,
S4S-1X12-CLE-8,S4S-1X12-CLE-8-V1,boards,s4s,clear_pine,s4s_board,S4S 1x12 Clear 8',PINE,,Allowed,,,,0.75,11.25,,96,,1x12,0.75x11.25,LF,EA,8,,,,,,,,,,,,,,,,,,,Unfinished,,,,,,,,,,,,,,boards|s4s|interior|trim,,N,,,,,,,,STOCK,,,
S4S-1X12-CLE-12,S4S-1X12-CLE-12-V1,boards,s4s,clear_pine,s4s_board,S4S 1x12 Clear 12',PINE,,Allowed,,,,0.75,11.25,,144,,1x12,0.75x11.25,LF,EA,12,,,,,,,,,,,,,,,,,,,Unfinished,,,,,,,,,,,,,,boards|s4s|interior|trim,,N,,,,,,,,STOCK,,,
S4S-1X12-CLE-16,S4S-1X12-CLE-16-V1,boards,s4s,clear_pine,s4s_board,S4S 1x12 Clear 16',PINE,,Allowed,,,,0.75,11.25,,192,,1x12,0.75x11.25,LF,EA,16,,,,,,,,,,,,,,,,,,,Unfinished,,,,,,,,,,,,,,boards|s4s|interior|trim,,N,,,,,,,,STOCK,,,
MOULD-STOOL-MDF-8,MOULD-STOOL-MDF-8-V1,moulding,window_stool,mdf_primed,window_stool,"Window Stool 11/16""x3-1/2"" MDF 8'",MDF,,Allowed,,,,0.6875,3.5,,96,,,,LF,EA,8,,,,,,,,,,,,,,,,,,,Primed,,,,,,,,,,,,,,moulding|stool|window|interior,,N,,,,,,,,STOCK,,,
MOULD-STOOL-FJ-8,MOULD-STOOL-FJ-8-V1,moulding,window_stool,fj_pine_primed,window_stool,"Window Stool 11/16""x3-1/2"" FJ 8'",FJ,,Allowed,,,,0.6875,3.5,,96,,,,LF,EA,8,,,,,,,,,,,,,,,,,,,Primed,,,,,,,,,,,,,,moulding|stool|window|interior,,N,,,,,,,,STOCK,,,
MOULD-STOOL-POP-8,MOULD-STOOL-POP-8-V1,moulding,window_stool,poplar,window_stool,"Window Stool 11/16""x3-1/2"" POP 8'",POP,,Allowed,,,,0.6875,3.5,,96,,,,LF,EA,8,,,,,,,,,,,,,,,,,,,Unfinished,,,,,,,,,,,,,,moulding|stool|window|interior,,N,,,,,,,,ORDER,,,
MOULD-STOOL-OAK-8,MOULD-STOOL-OAK-8-V1,moulding,window_stool,oak,window_stool,"Window Stool 11/16""x3-1/2"" OAK 8'",OAK,,Allowed,,,,0.6875,3.5,,96,,,,LF,EA,8,,,,,,,,,,,,,,,,,,,Unfinished,,,,,,,,,,,,,,moulding|stool|window|interior,,N,,,,,,,,ORDER,,,
MOULD-APRON-MDF-8,MOULD-APRON-MDF-8-V1,moulding,window_apron,mdf_primed,window_apron,"Window Apron 9/16""x2-1/4"" MDF 8'",MDF,,Allowed,,,,0.5625,2.25,,96,,,,LF,EA,8,,,,,,,,,,,,,,,,,,,Primed,,,,,,,,,,,,,,moulding|apron|window|interior,,N,,,,,,,,STOCK,,,
MOULD-APRON-FJ-8,MOULD-APRON-FJ-8-V1,moulding,window_apron,fj_pine_primed,window_apron,"Window Apron 9/16""x2-1/4"" FJ 8'",FJ,,Allowed,,,,0.5625,2.25,,96,,,,LF,EA,8,,,,,,,,,,,,,,,,,,,Primed,,,,,,,,,,,,,,moulding|apron|window|interior,,N,,,,,,,,STOCK,,,
MOULD-APRON-POP-8,MOULD-APRON-POP-8-V1,moulding,window_apron,poplar,window_apron,"Window Apron 9/16""x2-1/4"" POP 8'",POP,,Allowed,,,,0.5625,2.25,,96,,,,LF,EA,8,,,,,,,,,,,,,,,,,,,Unfinished,,,,,,,,,,,,,,moulding|apron|window|interior,,N,,,,,,,,ORDER,,,
MOULD-APRON-OAK-8,MOULD-APRON-OAK-8-V1,moulding,window_apron,oak,window_apron,"Window Apron 9/16""x2-1/4"" OAK 8'",OAK,,Allowed,,,,0.5625,2.25,,96,,,,LF,EA,8,,,,,,,,,,,,,,,,,,,Unfinished,,,,,,,,,,,,,,moulding|apron|window|interior,,N,,,,,,,,ORDER,,,
MOULD-HANDRAIL-WALL-MDF-12,MOULD-HANDRAIL-WALL-MDF-12-V1,moulding,handrail,mdf_primed,wall_handrail,"Wall Mount Handrail 1-1/4""x2-1/4"" MDF 12'",MDF,,Allowed,,,,1.25,2.25,,144,,,,LF,EA,12,,,,,,,,,,,,,,,,,,,Primed,,,,,,,,,,,,,,moulding|handrail|wall_mount|interior|ada,,N,,,,,,,,STOCK,,,
MOULD-HANDRAIL-WALL-FJ-12,MOULD-HANDRAIL-WALL-FJ-12-V1,moulding,handrail,fj_pine_primed,wall_handrail,"Wall Mount Handrail 1-1/4""x2-1/4"" FJ 12'",FJ,,Allowed,,,,1.25,2.25,,144,,,,LF,EA,12,,,,,,,,,,,,,,,,,,,Primed,,,,,,,,,,,,,,moulding|handrail|wall_mount|interior|ada,,N,,,,,,,,STOCK,,,
DOOR-INT-HC-24-6PNL,DOOR-INT-HC-24-6PNL-V1,doors,interior_prehung,hollow_core,prehung_door,"Interior Prehung Hollow Core 6-Panel 24""x80""",,,NotAllowed,,,,1.375,24,,80,,,,EA,EA,,,,,,,,,,,,,,,,,,,,,,,,,,,,,,,,,,door|interior|hollow_core|6pnl,R311,N,handing|lockset_bore|jamb_width,,,,,,,STOCK,,,Colonist 6-panel
DOOR-INT-HC-24-FLAT,DOOR-INT-HC-24-FLAT-V1,doors,interior_prehung,hollow_core,prehung_door,"Interior Prehung Hollow Core Flat/Flush 24""x80""",,,NotAllowed,,,,1.375,24,,80,,,,EA,EA,,,,,,,,,,,,,,,,,,,,,,,,,,,,,,,,,,door|interior|hollow_core|flat,R311,N,handing|lockset_bore|jamb_width,,,,,,,STOCK,,,Smooth flush
DOOR-INT-HC-24-2PNL,DOOR-INT-HC-24-2PNL-V1,doors,interior_prehung,hollow_core,prehung_door,"Interior Prehung Hollow Core 2-Panel 24""x80""",,,NotAllowed,,,,1.375,24,,80,,,,EA,EA,,,,,,,,,,,,,,,,,,,,,,,,,,,,,,,,,,door|interior|hollow_core|2pnl,R311,N,handing|lockset_bore|jamb_width,,,,,,,STOCK,,,Shaker 2-panel
DOOR-INT-HC-28-6PNL,DOOR-INT-HC-28-6PNL-V1,doors,interior_prehung,hollow_core,prehung_door,"Interior Prehung Hollow Core 6-Panel 28""x80""",,,NotAllowed,,,,1.375,28,,80,,,,EA,EA,,,,,,,,,,,,,,,,,,,,,,,,,,,,,,,,,,door|interior|hollow_core|6pnl,R311,N,handing|lockset_bore|jamb_width,,,,,,,STOCK,,,Colonist 6-panel
DOOR-INT-HC-28-FLAT,DOOR-INT-HC-28-FLAT-V1,doors,interior_prehung,hollow_core,prehung_door,"Interior Prehung Hollow Core Flat/Flush 28""x80""",,,NotAllowed,,,,1.375,28,,80,,,,EA,EA,,,,,,,,,,,,,,,,,,,,,,,,,,,,,,,,,,door|interior|hollow_core|flat,R311,N,handing|lockset_bore|jamb_width,,,,,,,STOCK,,,Smooth flush
DOOR-INT-HC-28-2PNL,DOOR-INT-HC-28-2PNL-V1,doors,interior_prehung,hollow_core,prehung_door,"Interior Prehung Hollow Core 2-Panel 28""x80""",,,NotAllowed,,,,1.375,28,,80,,,,EA,EA,,,,,,,,,,,,,,,,,,,,,,,,,,,,,,,,,,door|interior|hollow_core|2pnl,R311,N,handing|lockset_bore|jamb_width,,,,,,,STOCK,,,Shaker 2-panel
DOOR-INT-HC-30-6PNL,DOOR-INT-HC-30-6PNL-V1,doors,interior_prehung,hollow_core,prehung_door,"Interior Prehung Hollow Core 6-Panel 30""x80""",,,NotAllowed,,,,1.375,30,,80,,,,EA,EA,,,,,,,,,,,,,,,,,,,,,,,,,,,,,,,,,,door|interior|hollow_core|6pnl,R311,N,handing|lockset_bore|jamb_width,,,,,,,STOCK,,,Colonist 6-panel
DOOR-INT-HC-30-FLAT,DOOR-INT-HC-30-FLAT-V1,doors,interior_prehung,hollow_core,prehung_door,"Interior Prehung Hollow Core Flat/Flush 30""x80""",,,NotAllowed,,,,1.375,30,,80,,,,EA,EA,,,,,,,,,,,,,,,,,,,,,,,,,,,,,,,,,,door|interior|hollow_core|flat,R311,N,handing|lockset_bore|jamb_width,,,,,,,STOCK,,,Smooth flush
DOOR-INT-HC-30-2PNL,DOOR-INT-HC-30-2PNL-V1,doors,interior_prehung,hollow_core,prehung_door,"Interior Prehung Hollow Core 2-Panel 30""x80""",,,NotAllowed,,,,1.375,30,,80,,,,EA,EA,,,,,,,,,,,,,,,,,,,,,,,,,,,,,,,,,,door|interior|hollow_core|2pnl,R311,N,handing|lockset_bore|jamb_width,,,,,,,STOCK,,,Shaker 2-panel
DOOR-INT-HC-32-6PNL,DOOR-INT-HC-32-6PNL-V1,doors,interior_prehung,hollow_core,prehung_door,"Interior Prehung Hollow Core 6-Panel 32""x80""",,,NotAllowed,,,,1.375,32,,80,,,,EA,EA,,,,,,,,,,,,,,,,,,,,,,,,,,,,,,,,,,door|interior|hollow_core|6pnl,R311,N,handing|lockset_bore|jamb_width,,,,,,,STOCK,,,Colonist 6-panel
DOOR-INT-HC-32-FLAT,DOOR-INT-HC-32-FLAT-V1,doors,interior_prehung,hollow_core,prehung_door,"Interior Prehung Hollow Core Flat/Flush 32""x80""",,,NotAllowed,,,,1.375,32,,80,,,,EA,EA,,,,,,,,,,,,,,,,,,,,,,,,,,,,,,,,,,door|interior|hollow_core|flat,R311,N,handing|lockset_bore|jamb_width,,,,,,,STOCK,,,Smooth flush
DOOR-INT-HC-32-2PNL,DOOR-INT-HC-32-2PNL-V1,doors,interior_prehung,hollow_core,prehung_door,"Interior Prehung Hollow Core 2-Panel 32""x80""",,,NotAllowed,,,,1.375,32,,80,,,,EA,EA,,,,,,,,,,,,,,,,,,,,,,,,,,,,,,,,,,door|interior|hollow_core|2pnl,R311,N,handing|lockset_bore|jamb_width,,,,,,,STOCK,,,Shaker 2-panel
DOOR-INT-HC-36-6PNL,DOOR-INT-HC-36-6PNL-V1,doors,interior_prehung,hollow_core,prehung_door,"Interior Prehung Hollow Core 6-Panel 36""x80""",,,NotAllowed,,,,1.375,36,,80,,,,EA,EA,,,,,,,,,,,,,,,,,,,,,,,,,,,,,,,,,,door|interior|hollow_core|6pnl,R311,N,handing|lockset_bore|jamb_width,,,,,,,STOCK,,,Colonist 6-panel
DOOR-INT-HC-36-FLAT,DOOR-INT-HC-36-FLAT-V1,doors,interior_prehung,hollow_core,prehung_door,"Interior Prehung Hollow Core Flat/Flush 36""x80""",,,NotAllowed,,,,1.375,36,,80,,,,EA,EA,,,,,,,,,,,,,,,,,,,,,,,,,,,,,,,,,,door|interior|hollow_core|flat,R311,N,handing|lockset_bore|jamb_width,,,,,,,STOCK,,,Smooth flush
DOOR-INT-HC-36-2PNL,DOOR-INT-HC-36-2PNL-V1,doors,interior_prehung,hollow_core,prehung_door,"Interior Prehung Hollow Core 2-Panel 36""x80""",,,NotAllowed,,,,1.375,36,,80,,,,EA,EA,,,,,,,,,,,,,,,,,,,,,,,,,,,,,,,,,,door|interior|hollow_core|2pnl,R311,N,handing|lockset_bore|jamb_width,,,,,,,STOCK,,,Shaker 2-panel
DOOR-INT-SC-24-6PNL,DOOR-INT-SC-24-6PNL-V1,doors,interior_prehung,solid_core,prehung_door,"Interior Prehung Solid Core 6-Panel 24""x80""",,,NotAllowed,,,,1.375,24,,80,,,,EA,EA,,,,,,,,,,,,,,,,,,,,,,,,,,,,,,,,,,door|interior|solid_core|6pnl|fire_rated,R311,N,handing|lockset_bore|jamb_width,,,,,,,ORDER,7,,Colonist 6-panel
DOOR-INT-SC-24-FLAT,DOOR-INT-SC-24-FLAT-V1,doors,interior_prehung,solid_core,prehung_door,"Interior Prehung Solid Core Flat/Flush 24""x80""",,,NotAllowed,,,,1.375,24,,80,,,,EA,EA,,,,,,,,,,,,,,,,,,,,,,,,,,,,,,,,,,door|interior|solid_core|flat|fire_rated,R311,N,handing|lockset_bore|jamb_width,,,,,,,ORDER,7,,Smooth flush
DOOR-INT-SC-28-6PNL,DOOR-INT-SC-28-6PNL-V1,doors,interior_prehung,solid_core,prehung_door,"Interior Prehung Solid Core 6-Panel 28""x80""",,,NotAllowed,,,,1.375,28,,80,,,,EA,EA,,,,,,,,,,,,,,,,,,,,,,,,,,,,,,,,,,door|interior|solid_core|6pnl|fire_rated,R311,N,handing|lockset_bore|jamb_width,,,,,,,ORDER,7,,Colonist 6-panel
DOOR-INT-SC-28-FLAT,DOOR-INT-SC-28-FLAT-V1,doors,interior_prehung,solid_core,prehung_door,"Interior Prehung Solid Core Flat/Flush 28""x80""",,,NotAllowed,,,,1.375,28,,80,,,,EA,EA,,,,,,,,,,,,,,,,,,,,,,,,,,,,,,,,,,door|interior|solid_core|flat|fire_rated,R311,N,handing|lockset_bore|jamb_width,,,,,,,ORDER,7,,Smooth flush
DOOR-INT-SC-30-6PNL,DOOR-INT-SC-30-6PNL-V1,doors,interior_prehung,solid_core,prehung_door,"Interior Prehung Solid Core 6-Panel 30""x80""",,,NotAllowed,,,,1.375,30,,80,,,,EA,EA,,,,,,,,,,,,,,,,,,,,,,,,,,,,,,,,,,door|interior|solid_core|6pnl|fire_rated,R311,N,handing|lockset_bore|jamb_width,,,,,,,ORDER,7,,Colonist 6-panel
DOOR-INT-SC-30-FLAT,DOOR-INT-SC-30-FLAT-V1,doors,interior_prehung,solid_core,prehung_door,"Interior Prehung Solid Core Flat/Flush 30""x80""",,,NotAllowed,,,,1.375,30,,80,,,,EA,EA,,,,,,,,,,,,,,,,,,,,,,,,,,,,,,,,,,door|interior|solid_core|flat|fire_rated,R311,N,handing|lockset_bore|jamb_width,,,,,,,ORDER,7,,Smooth flush
DOOR-INT-SC-32-6PNL,DOOR-INT-SC-32-6PNL-V1,doors,interior_prehung,solid_core,prehung_door,"Interior Prehung Solid Core 6-Panel 32""x80""",,,NotAllowed,,,,1.375,32,,80,,,,EA,EA,,,,,,,,,,,,,,,,,,,,,,,,,,,,,,,,,,door|interior|solid_core|6pnl|fire_rated,R311,N,handing|lockset_bore|jamb_width,,,,,,,ORDER,7,,Colonist 6-panel
DOOR-INT-SC-32-FLAT,DOOR-INT-SC-32-FLAT-V1,doors,interior_prehung,solid_core,prehung_door,"Interior Prehung Solid Core Flat/Flush 32""x80""",,,NotAllowed,,,,1.375,32,,80,,,,EA,EA,,,,,,,,,,,,,,,,,,,,,,,,,,,,,,,,,,door|interior|solid_core|flat|fire_rated,R311,N,handing|lockset_bore|jamb_width,,,,,,,ORDER,7,,Smooth flush
DOOR-INT-SC-36-6PNL,DOOR-INT-SC-36-6PNL-V1,doors,interior_prehung,solid_core,prehung_door,"Interior Prehung Solid Core 6-Panel 36""x80""",,,NotAllowed,,,,1.375,36,,80,,,,EA,EA,,,,,,,,,,,,,,,,,,,,,,,,,,,,,,,,,,door|interior|solid_core|6pnl|fire_rated,R311,N,handing|lockset_bore|jamb_width,,,,,,,ORDER,7,,Colonist 6-panel
DOOR-INT-SC-36-FLAT,DOOR-INT-SC-36-FLAT-V1,doors,interior_prehung,solid_core,prehung_door,"Interior Prehung Solid Core Flat/Flush 36""x80""",,,NotAllowed,,,,1.375,36,,80,,,,EA,EA,,,,,,,,,,,,,,,,,,,,,,,,,,,,,,,,,,door|interior|solid_core|flat|fire_rated,R311,N,handing|lockset_bore|jamb_width,,,,,,,ORDER,7,,Smooth flush
DOOR-EXT-STL-32-80-6PNL,DOOR-EXT-STL-32-80-6PNL-V1,doors,exterior_prehung,steel,prehung_door,"Exterior Steel 6-Panel 32""x80"" (6'8"")",,,NotAllowed,,,,1.75,32,,80,,,,EA,EA,,,,,,,,,,,,,,,,,,,,,,,,,,,,,,,,,,door|exterior|steel|6pnl|insulated,R311,N,handing|lockset_bore|jamb_width,,,,,,,ORDER,7,,
DOOR-EXT-STL-32-80-HALF,DOOR-EXT-STL-32-80-HALF-V1,doors,exterior_prehung,steel,prehung_door,"Exterior Steel Half-Lite 32""x80"" (6'8"")",,,NotAllowed,,,,1.75,32,,80,,,,EA,EA,,,,,,,,,,,,,,,,,,,,,,,,,,,,,,,,,,door|exterior|steel|half|insulated,R311,N,handing|lockset_bore|jamb_width,,,,,,,ORDER,7,,
DOOR-EXT-STL-32-96-6PNL,DOOR-EXT-STL-32-96-6PNL-V1,doors,exterior_prehung,steel,prehung_door,"Exterior Steel 6-Panel 32""x96"" (8'0"")",,,NotAllowed,,,,1.75,32,,96,,,,EA,EA,,,,,,,,,,,,,,,,,,,,,,,,,,,,,,,,,,door|exterior|steel|6pnl|insulated,R311,Y,handing|lockset_bore,,,,,,,ORDER,7,,
DOOR-EXT-STL-32-96-HALF,DOOR-EXT-STL-32-96-HALF-V1,doors,exterior_prehung,steel,prehung_door,"Exterior Steel Half-Lite 32""x96"" (8'0"")",,,NotAllowed,,,,1.75,32,,96,,,,EA,EA,,,,,,,,,,,,,,,,,,,,,,,,,,,,,,,,,,door|exterior|steel|half|insulated,R311,Y,handing|lockset_bore,,,,,,,ORDER,7,,
DOOR-EXT-STL-36-80-6PNL,DOOR-EXT-STL-36-80-6PNL-V1,doors,exterior_prehung,steel,prehung_door,"Exterior Steel 6-Panel 36""x80"" (6'8"")",,,NotAllowed,,,,1.75,36,,80,,,,EA,EA,,,,,,,,,,,,,,,,,,,,,,,,,,,,,,,,,,door|exterior|steel|6pnl|insulated,R311,N,handing|lockset_bore|jamb_width,,,,,,,ORDER,7,,
DOOR-EXT-STL-36-80-HALF,DOOR-EXT-STL-36-80-HALF-V1,doors,exterior_prehung,steel,prehung_door,"Exterior Steel Half-Lite 36""x80"" (6'8"")",,,NotAllowed,,,,1.75,36,,80,,,,EA,EA,,,,,,,,,,,,,,,,,,,,,,,,,,,,,,,,,,door|exterior|steel|half|insulated,R311,N,handing|lockset_bore|jamb_width,,,,,,,ORDER,7,,
DOOR-EXT-STL-36-96-6PNL,DOOR-EXT-STL-36-96-6PNL-V1,doors,exterior_prehung,steel,prehung_door,"Exterior Steel 6-Panel 36""x96"" (8'0"")",,,NotAllowed,,,,1.75,36,,96,,,,EA,EA,,,,,,,,,,,,,,,,,,,,,,,,,,,,,,,,,,door|exterior|steel|6pnl|insulated,R311,Y,handing|lockset_bore,,,,,,,ORDER,7,,
DOOR-EXT-STL-36-96-HALF,DOOR-EXT-STL-36-96-HALF-V1,doors,exterior_prehung,steel,prehung_door,"Exterior Steel Half-Lite 36""x96"" (8'0"")",,,NotAllowed,,,,1.75,36,,96,,,,EA,EA,,,,,,,,,,,,,,,,,,,,,,,,,,,,,,,,,,door|exterior|steel|half|insulated,R311,Y,handing|lockset_bore,,,,,,,ORDER,7,,
DOOR-EXT-FG-32-80-CRAFT,DOOR-EXT-FG-32-80-CRAFT-V1,doors,exterior_prehung,fiberglass,prehung_door,"Exterior Fiberglass Craftsman 32""x80""",,,NotAllowed,,,,1.75,32,,80,,,,EA,EA,,,,,,,,,,,,,,,,,,,,,,,,,,,,,,,,,,door|exterior|fiberglass|craft|insulated,R311,N,handing|lockset_bore|jamb_width,,,,,,,ORDER,7,,
DOOR-EXT-FG-32-80-6PNL,DOOR-EXT-FG-32-80-6PNL-V1,doors,exterior_prehung,fiberglass,prehung_door,"Exterior Fiberglass 6-Panel 32""x80""",,,NotAllowed,,,,1.75,32,,80,,,,EA,EA,,,,,,,,,,,,,,,,,,,,,,,,,,,,,,,,,,door|exterior|fiberglass|6pnl|insulated,R311,N,handing|lockset_bore|jamb_width,,,,,,,ORDER,7,,
DOOR-EXT-FG-36-80-CRAFT,DOOR-EXT-FG-36-80-CRAFT-V1,doors,exterior_prehung,fiberglass,prehung_door,"Exterior Fiberglass Craftsman 36""x80""",,,NotAllowed,,,,1.75,36,,80,,,,EA,EA,,,,,,,,,,,,,,,,,,,,,,,,,,,,,,,,,,door|exterior|fiberglass|craft|insulated,R311,N,handing|lockset_bore|jamb_width,,,,,,,ORDER,7,,
DOOR-EXT-FG-36-80-6PNL,DOOR-EXT-FG-36-80-6PNL-V1,doors,exterior_prehung,fiberglass,prehung_door,"Exterior Fiberglass 6-Panel 36""x80""",,,NotAllowed,,,,1.75,36,,80,,,,EA,EA,,,,,,,,,,,,,,,,,,,,,,,,,,,,,,,,,,door|exterior|fiberglass|6pnl|insulated,R311,N,handing|lockset_bore|jamb_width,,,,,,,ORDER,7,,
DOOR-HW-HINGE-3-5-SN,DOOR-HW-HINGE-3-5-SN-V1,hardware,door_hardware,hinges,door_hinge,"Door Hinge 3.5"" Satin Nickel",,,Allowed,,,,,,,,,,,EA,EA,,,,,,,,,,,,,,,,,,,,Satin Nickel,,,,,,,,,,,,,,hardware|door|hinge,,N,,,,,,,,STOCK,,,
DOOR-HW-HINGE-3-5-ORB,DOOR-HW-HINGE-3-5-ORB-V1,hardware,door_hardware,hinges,door_hinge,"Door Hinge 3.5"" Oil-Rubbed Bronze",,,Allowed,,,,,,,,,,,EA,EA,,,,,,,,,,,,,,,,,,,,Oil-Rubbed Bronze,,,,,,,,,,,,,,hardware|door|hinge,,N,,,,,,,,STOCK,,,
DOOR-HW-HINGE-3-5-AB,DOOR-HW-HINGE-3-5-AB-V1,hardware,door_hardware,hinges,door_hinge,"Door Hinge 3.5"" Antique Brass",,,Allowed,,,,,,,,,,,EA,EA,,,,,,,,,,,,,,,,,,,,Antique Brass,,,,,,,,,,,,,,hardware|door|hinge,,N,,,,,,,,STOCK,,,
DOOR-HW-HINGE-4-SN,DOOR-HW-HINGE-4-SN-V1,hardware,door_hardware,hinges,door_hinge,"Door Hinge 4"" Satin Nickel",,,Allowed,,,,,,,,,,,EA,EA,,,,,,,,,,,,,,,,,,,,Satin Nickel,,,,,,,,,,,,,,hardware|door|hinge,,N,,,,,,,,STOCK,,,
DOOR-HW-HINGE-4-ORB,DOOR-HW-HINGE-4-ORB-V1,hardware,door_hardware,hinges,door_hinge,"Door Hinge 4"" Oil-Rubbed Bronze",,,Allowed,,,,,,,,,,,EA,EA,,,,,,,,,,,,,,,,,,,,Oil-Rubbed Bronze,,,,,,,,,,,,,,hardware|door|hinge,,N,,,,,,,,STOCK,,,
DOOR-HW-HINGE-4-AB,DOOR-HW-HINGE-4-AB-V1,hardware,door_hardware,hinges,door_hinge,"Door Hinge 4"" Antique Brass",,,Allowed,,,,,,,,,,,EA,EA,,,,,,,,,,,,,,,,,,,,Antique Brass,,,,,,,,,,,,,,hardware|door|hinge,,N,,,,,,,,STOCK,,,
DOOR-HW-LOCK-PASS-SN,DOOR-HW-LOCK-PASS-SN-V1,hardware,door_hardware,locksets,lockset,Passage Lockset Satin Nickel,,,Allowed,,,,,,,,,,,EA,EA,,,,,,,,,,,,,,,,,,,,Satin Nickel,,,,,,,,,,,,,,hardware|door|lockset|passage,,N,,,,,,,,STOCK,,,
DOOR-HW-LOCK-PASS-ORB,DOOR-HW-LOCK-PASS-ORB-V1,hardware,door_hardware,locksets,lockset,Passage Lockset Oil-Rubbed Bronze,,,Allowed,,,,,,,,,,,EA,EA,,,,,,,,,,,,,,,,,,,,Oil-Rubbed Bronze,,,,,,,,,,,,,,hardware|door|lockset|passage,,N,,,,,,,,STOCK,,,
DOOR-HW-LOCK-PRIV-SN,DOOR-HW-LOCK-PRIV-SN-V1,hardware,door_hardware,locksets,lockset,Privacy Lockset Satin Nickel,,,Allowed,,,,,,,,,,,EA,EA,,,,,,,,,,,,,,,,,,,,Satin Nickel,,,,,,,,,,,,,,hardware|door|lockset|privacy,,N,,,,,,,,STOCK,,,
DOOR-HW-LOCK-PRIV-ORB,DOOR-HW-LOCK-PRIV-ORB-V1,hardware,door_hardware,locksets,lockset,Privacy Lockset Oil-Rubbed Bronze,,,Allowed,,,,,,,,,,,EA,EA,,,,,,,,,,,,,,,,,,,,Oil-Rubbed Bronze,,,,,,,,,,,,,,hardware|door|lockset|privacy,,N,,,,,,,,STOCK,,,
DOOR-HW-LOCK-ENTRY-SN,DOOR-HW-LOCK-ENTRY-SN-V1,hardware,door_hardware,locksets,lockset,Entry Lockset Satin Nickel,,,Allowed,,,,,,,,,,,EA,EA,,,,,,,,,,,,,,,,,,,,Satin Nickel,,,,,,,,,,,,,,hardware|door|lockset|entry,,N,,,,,,,,STOCK,,,
DOOR-HW-LOCK-ENTRY-ORB,DOOR-HW-LOCK-ENTRY-ORB-V1,hardware,door_hardware,locksets,lockset,Entry Lockset Oil-Rubbed Bronze,,,Allowed,,,,,,,,,,,EA,EA,,,,,,,,,,,,,,,,,,,,Oil-Rubbed Bronze,,,,,,,,,,,,,,hardware|door|lockset|entry,,N,,,,,,,,STOCK,,,
DOOR-HW-DEAD-SN,DOOR-HW-DEAD-SN-V1,hardware,door_hardware,deadbolts,deadbolt,Deadbolt Single Cylinder Satin Nickel,,,Allowed,,,,,,,,,,,EA,EA,,,,,,,,,,,,,,,,,,,,Satin Nickel,,,,,,,,,,,,,,hardware|door|deadbolt|security,,N,,,,,,,,STOCK,,,
DOOR-HW-DEAD-ORB,DOOR-HW-DEAD-ORB-V1,hardware,door_hardware,deadbolts,deadbolt,Deadbolt Single Cylinder Oil-Rubbed Bronze,,,Allowed,,,,,,,,,,,EA,EA,,,,,,,,,,,,,,,,,,,,Oil-Rubbed Bronze,,,,,,,,,,,,,,hardware|door|deadbolt|security,,N,,,,,,,,STOCK,,,
DOOR-JAMB-INT-4916,DOOR-JAMB-INT-4916-V1,doors,door_components,jamb,door_jamb,"Interior Door Jamb Kit 4-9/16"" Primed",,,NotAllowed,,,,,4.5625,,,,,,EA,EA,,,,,,,,,,,,,,,,,,,,Primed,,,,,,,,,,,,,,door|jamb|interior|primed,,N,handing|lockset_bore|jamb_width,,,,,,,STOCK,,,Includes two legs and header
DOOR-JAMB-INT-6916,DOOR-JAMB-INT-6916-V1,doors,door_components,jamb,door_jamb,"Interior Door Jamb Kit 6-9/16"" Primed",,,NotAllowed,,,,,6.5625,,,,,,EA,EA,,,,,,,,,,,,,,,,,,,,Primed,,,,,,,,,,,,,,door|jamb|interior|primed,,N,handing|lockset_bore|jamb_width,,,,,,,STOCK,,,Includes two legs and header
WIN-VNL-SH-24X36,WIN-VNL-SH-24X36-V1,windows,vinyl_windows,single_hung,window,"Single Hung Vinyl Window 24""x36"" White",,,NotAllowed,,,,3.25,24,,36,,,,EA,EA,,,,,,,,,,,,,,,,,,,,White,,,,,,,,,,,,,,window|vinyl|single_hung|low_e,R308,N,rough_opening|grid_pattern|glass_type|nailing_fin,,,,,,,STOCK,,,"Low-E glass, new construction flange"
WIN-VNL-SH-24X48,WIN-VNL-SH-24X48-V1,windows,vinyl_windows,single_hung,window,"Single Hung Vinyl Window 24""x48"" White",,,NotAllowed,,,,3.25,24,,48,,,,EA,EA,,,,,,,,,,,,,,,,,,,,White,,,,,,,,,,,,,,window|vinyl|single_hung|low_e,R308,N,rough_opening|grid_pattern|glass_type|nailing_fin,,,,,,,STOCK,,,"Low-E glass, new construction flange"
WIN-VNL-SH-28X54,WIN-VNL-SH-28X54-V1,windows,vinyl_windows,single_hung,window,"Single Hung Vinyl Window 28""x54"" White",,,NotAllowed,,,,3.25,28,,54,,,,EA,EA,,,,,,,,,,,,,,,,,,,,White,,,,,,,,,,,,,,window|vinyl|single_hung|low_e,R308,N,rough_opening|grid_pattern|glass_type|nailing_fin,,,,,,,STOCK,,,"Low-E glass, new construction flange"
WIN-VNL-SH-30X48,WIN-VNL-SH-30X48-V1,windows,vinyl_windows,single_hung,window,"Single Hung Vinyl Window 30""x48"" White",,,NotAllowed,,,,3.25,30,,48,,,,EA,EA,,,,,,,,,,,,,,,,,,,,White,,,,,,,,,,,,,,window|vinyl|single_hung|low_e,R308,N,rough_opening|grid_pattern|glass_type|nailing_fin,,,,,,,STOCK,,,"Low-E glass, new construction flange"
WIN-VNL-SH-30X60,WIN-VNL-SH-30X60-V1,windows,vinyl_windows,single_hung,window,"Single Hung Vinyl Window 30""x60"" White",,,NotAllowed,,,,3.25,30,,60,,,,EA,EA,,,,,,,,,,,,,,,,,,,,White,,,,,,,,,,,,,,window|vinyl|single_hung|low_e,R308,N,rough_opening|grid_pattern|glass_type|nailing_fin,,,,,,,ORDER,7,,"Low-E glass, new construction flange"
WIN-VNL-SH-32X54,WIN-VNL-SH-32X54-V1,windows,vinyl_windows,single_hung,window,"Single Hung Vinyl Window 32""x54"" White",,,NotAllowed,,,,3.25,32,,54,,,,EA,EA,,,,,,,,,,,,,,,,,,,,White,,,,,,,,,,,,,,window|vinyl|single_hung|low_e,R308,N,rough_opening|grid_pattern|glass_type|nailing_fin,,,,,,,STOCK,,,"Low-E glass, new construction flange"
WIN-VNL-SH-36X48,WIN-VNL-SH-36X48-V1,windows,vinyl_windows,single_hung,window,"Single Hung Vinyl Window 36""x48"" White",,,NotAllowed,,,,3.25,36,,48,,,,EA,EA,,,,,,,,,,,,,,,,,,,,White,,,,,,,,,,,,,,window|vinyl|single_hung|low_e,R308,N,rough_opening|grid_pattern|glass_type|nailing_fin,,,,,,,STOCK,,,"Low-E glass, new construction flange"
WIN-VNL-SH-36X60,WIN-VNL-SH-36X60-V1,windows,vinyl_windows,single_hung,window,"Single Hung Vinyl Window 36""x60"" White",,,NotAllowed,,,,3.25,36,,60,,,,EA,EA,,,,,,,,,,,,,,,,,,,,White,,,,,,,,,,,,,,window|vinyl|single_hung|low_e,R308,N,rough_opening|grid_pattern|glass_type|nailing_fin,,,,,,,ORDER,7,,"Low-E glass, new construction flange"
WIN-ACC-SHIMS,WIN-ACC-SHIMS-V1,windows,window_accessories,shims,window_accessory,Window Shims Composite Pack,,,NotAllowed,,,,,,,,,,,PK,PK,,,,,42,,,,,,,,,,,,,,,,,,,,,,,,,,,,,window|shims|installation,,N,rough_opening|grid_pattern|glass_type|nailing_fin,,,,,,,STOCK,,,
WIN-ACC-FLASH-KIT,WIN-ACC-FLASH-KIT-V1,windows,window_accessories,flashing,flashing_kit,Window Flashing Tape Kit,,,NotAllowed,,,,,,,,,,,EA,EA,,,,,,,,,,,,,,,,,,,,,,,,,,,,,,,,,,window|flashing|installation|waterproofing,,N,rough_opening|grid_pattern|glass_type|nailing_fin,,,,,,,STOCK,,,Includes sill pan tape and jamb flashing
CONC-MESH-6X6-W14-SHT,CONC-MESH-6X6-W14-SHT-V1,concrete,reinforcement,wire_mesh,welded_wire_mesh,"Welded Wire Mesh 6x6 W1.4/W1.4 5x150""",,,Allowed,,,,,,,,,,,SF,SHT,,,62,,,,,,,,,,,,,,,,,,,,,,,,,,,,,,,concrete|reinforcement|mesh|slab,R403,N,,,,,,,,STOCK,,,"10ga wire, Light residential"
CONC-MESH-6X6-W14-RL,CONC-MESH-6X6-W14-RL-V1,concrete,reinforcement,wire_mesh,welded_wire_mesh,Welded Wire Mesh 6x6 W1.4/W1.4 5'x150' Roll,,,Allowed,,,,,,,,,,,SF,RL,,,,750,,,,,,,,,,,,,,,,,,,,,,,,,,5,150,,,concrete|reinforcement|mesh|slab,R403,N,,,,,,,,STOCK,,,"10ga wire, Light residential"
CONC-MESH-6X6-W21-SHT,CONC-MESH-6X6-W21-SHT-V1,concrete,reinforcement,wire_mesh,welded_wire_mesh,"Welded Wire Mesh 6x6 W2.1/W2.1 5x150""",,,Allowed,,,,,,,,,,,SF,SHT,,,62,,,,,,,,,,,,,,,,,,,,,,,,,,,,,,,concrete|reinforcement|mesh|slab,R403,N,,,,,,,,STOCK,,,"8ga wire, Standard residential"
CONC-MESH-6X6-W21-RL,CONC-MESH-6X6-W21-RL-V1,concrete,reinforcement,wire_mesh,welded_wire_mesh,Welded Wire Mesh 6x6 W2.1/W2.1 5'x150' Roll,,,Allowed,,,,,,,,,,,SF,RL,,,,750,,,,,,,,,,,,,,,,,,,,,,,,,,5,150,,,concrete|reinforcement|mesh|slab,R403,N,,,,,,,,STOCK,,,"8ga wire, Standard residential"
CONC-MESH-6X6-W29-SHT,CONC-MESH-6X6-W29-SHT-V1,concrete,reinforcement,wire_mesh,welded_wire_mesh,"Welded Wire Mesh 6x6 W2.9/W2.9 5x150""",,,Allowed,,,,,,,,,,,SF,SHT,,,62,,,,,,,,,,,,,,,,,,,,,,,,,,,,,,,concrete|reinforcement|mesh|slab,R403,N,,,,,,,,STOCK,,,"6ga wire, Heavy duty"
CONC-CHAIR-INDIV-1,CONC-CHAIR-INDIV-1-V1,concrete,reinforcement,rebar_chair,rebar_support,"Rebar Individual Chair 1""",,,Allowed,,,,,,1,,,,,EA,EA,,,,,,,,,,,,,,,,,,,,,,,,,,,,,,,,,,concrete|reinforcement|chair|individual,,N,,,,,,,,STOCK,,,
CONC-CHAIR-INDIV-1-5,CONC-CHAIR-INDIV-1-5-V1,concrete,reinforcement,rebar_chair,rebar_support,"Rebar Individual Chair 1.5""",,,Allowed,,,,,,1.5,,,,,EA,EA,,,,,,,,,,,,,,,,,,,,,,,,,,,,,,,,,,concrete|reinforcement|chair|individual,,N,,,,,,,,STOCK,,,
CONC-CHAIR-INDIV-2,CONC-CHAIR-INDIV-2-V1,concrete,reinforcement,rebar_chair,rebar_support,"Rebar Individual Chair 2""",,,Allowed,,,,,,2,,,,,EA,EA,,,,,,,,,,,,,,,,,,,,,,,,,,,,,,,,,,concrete|reinforcement|chair|individual,,N,,,,,,,,STOCK,,,
CONC-CHAIR-CONT-1,CONC-CHAIR-CONT-1-V1,concrete,reinforcement,rebar_chair,rebar_support,"Rebar Continuous Chair 1""",,,Allowed,,,,,,1,,,,,EA,EA,,,,,,,,,,,,,,,,,,,,,,,,,,,,,,,,,,concrete|reinforcement|chair|continuous,,N,,,,,,,,STOCK,,,
CONC-CHAIR-CONT-1-5,CONC-CHAIR-CONT-1-5-V1,concrete,reinforcement,rebar_chair,rebar_support,"Rebar Continuous Chair 1.5""",,,Allowed,,,,,,1.5,,,,,EA,EA,,,,,,,,,,,,,,,,,,,,,,,,,,,,,,,,,,concrete|reinforcement|chair|continuous,,N,,,,,,,,STOCK,,,
CONC-CHAIR-SLAB-1,CONC-CHAIR-SLAB-1-V1,concrete,reinforcement,rebar_chair,rebar_support,"Rebar Slab Bolster 1""",,,Allowed,,,,,,1,,,,,EA,EA,,,,,,,,,,,,,,,,,,,,,,,,,,,,,,,,,,concrete|reinforcement|chair|bolster,,N,,,,,,,,STOCK,,,
CONC-CHAIR-SLAB-1-5,CONC-CHAIR-SLAB-1-5-V1,concrete,reinforcement,rebar_chair,rebar_support,"Rebar Slab Bolster 1.5""",,,Allowed,,,,,,1.5,,,,,EA,EA,,,,,,,,,,,,,,,,,,,,,,,,,,,,,,,,,,concrete|reinforcement|chair|bolster,,N,,,,,,,,STOCK,,,
CONC-CHAIR-SLAB-2,CONC-CHAIR-SLAB-2-V1,concrete,reinforcement,rebar_chair,rebar_support,"Rebar Slab Bolster 2""",,,Allowed,,,,,,2,,,,,EA,EA,,,,,,,,,,,,,,,,,,,,,,,,,,,,,,,,,,concrete|reinforcement|chair|bolster,,N,,,,,,,,STOCK,,,
CONC-REBARCAP-MUSHROOM,CONC-REBARCAP-MUSHROOM-V1,concrete,reinforcement,rebar_cap,rebar_cap,Rebar Mushroom Cap (Impalement),,,Allowed,,,,,,,,,,,EA,BAG,,,,,100,,,,,,,,,,,,,,,,,,,,,,,,,,,,,concrete|reinforcement|cap|safety,,N,,,,,,,,STOCK,,,
CONC-REBARCAP-STANDARD,CONC-REBARCAP-STANDARD-V1,concrete,reinforcement,rebar_cap,rebar_cap,Rebar Standard Cap,,,Allowed,,,,,,,,,,,EA,BAG,,,,,100,,,,,,,,,,,,,,,,,,,,,,,,,,,,,concrete|reinforcement|cap|safety,,N,,,,,,,,STOCK,,,
CONC-TIEWIRE-16-3LB,CONC-TIEWIRE-16-3LB-V1,concrete,reinforcement,tie_wire,tie_wire,Tie Wire 16.5ga 3lb Roll,,,Allowed,,,,,,,,0.050,,,LB,RL,,,,,,3,,,,,,,,,,,,,,,,,,,,,,,,,,,,concrete|reinforcement|tie_wire|rebar,,N,,,,,,,,STOCK,,,
CONC-SNAPTIE-8,CONC-SNAPTIE-8-V1,concrete,forming,snap_tie,snap_tie,"Snap Tie 8"" (Standard Wall)",,,Allowed,,,,,,,8,,,,EA,BDL,,,,,100,,,,,,,,,,,,,,,,,,,,,,,,,,,,,concrete|forming|snap_tie|wall,,N,,,,,,,,STOCK,,,
CONC-SNAPTIE-10,CONC-SNAPTIE-10-V1,concrete,forming,snap_tie,snap_tie,"Snap Tie 10"" (Standard Wall)",,,Allowed,,,,,,,10,,,,EA,BDL,,,,,100,,,,,,,,,,,,,,,,,,,,,,,,,,,,,concrete|forming|snap_tie|wall,,N,,,,,,,,STOCK,,,
CONC-SNAPTIE-12,CONC-SNAPTIE-12-V1,concrete,forming,snap_tie,snap_tie,"Snap Tie 12"" (Standard Wall)",,,Allowed,,,,,,,12,,,,EA,BDL,,,,,100,,,,,,,,,,,,,,,,,,,,,,,,,,,,,concrete|forming|snap_tie|wall,,N,,,,,,,,STOCK,,,
CONC-SNAPTIE-14,CONC-SNAPTIE-14-V1,concrete,forming,snap_tie,snap_tie,"Snap Tie 14"" (Standard Wall)",,,Allowed,,,,,,,14,,,,EA,BDL,,,,,100,,,,,,,,,,,,,,,,,,,,,,,,,,,,,concrete|forming|snap_tie|wall,,N,,,,,,,,STOCK,,,
CONC-WEDGE-1-4X1-3-4,CONC-WEDGE-1-4X1-3-4-V1,hardware,anchors,wedge_anchor,expansion_anchor,"Wedge Anchor Zinc 1/4""x1-3/4""",,,EquivalentOnlySameSpec,,,,,,,,,,,EA,BX,,,,,50,,,,,,,,,,,,,,,,,,,,Zinc,,,,,,,,,concrete|anchor|wedge|mechanical,,N,,,,,,,,STOCK,,,
CONC-WEDGE-3-8X3,CONC-WEDGE-3-8X3-V1,hardware,anchors,wedge_anchor,expansion_anchor,"Wedge Anchor Zinc 3/8""x3""",,,EquivalentOnlySameSpec,,,,,,,,,,,EA,BX,,,,,25,,,,,,,,,,,,,,,,,,,,Zinc,,,,,,,,,concrete|anchor|wedge|mechanical,,N,,,,,,,,STOCK,,,
CONC-WEDGE-1-2X4,CONC-WEDGE-1-2X4-V1,hardware,anchors,wedge_anchor,expansion_anchor,"Wedge Anchor Zinc 1/2""x4""",,,EquivalentOnlySameSpec,,,,,,,,,,,EA,BX,,,,,25,,,,,,,,,,,,,,,,,,,,Zinc,,,,,,,,,concrete|anchor|wedge|mechanical,,N,,,,,,,,STOCK,,,
CONC-WEDGE-5-8X5,CONC-WEDGE-5-8X5-V1,hardware,anchors,wedge_anchor,expansion_anchor,"Wedge Anchor Zinc 5/8""x5""",,,EquivalentOnlySameSpec,,,,,,,,,,,EA,BX,,,,,25,,,,,,,,,,,,,,,,,,,,Zinc,,,,,,,,,concrete|anchor|wedge|mechanical,,N,,,,,,,,STOCK,,,
CONC-SLEEVE-1-4X1-1-2,CONC-SLEEVE-1-4X1-1-2-V1,hardware,anchors,sleeve_anchor,expansion_anchor,"Sleeve Anchor Zinc 1/4""x1-1/2""",,,EquivalentOnlySameSpec,,,,,,,,,,,EA,BX,,,,,50,,,,,,,,,,,,,,,,,,,,Zinc,,,,,,,,,concrete|anchor|sleeve|mechanical,,N,,,,,,,,STOCK,,,
CONC-SLEEVE-3-8X2,CONC-SLEEVE-3-8X2-V1,hardware,anchors,sleeve_anchor,expansion_anchor,"Sleeve Anchor Zinc 3/8""x2""",,,EquivalentOnlySameSpec,,,,,,,,,,,EA,BX,,,,,50,,,,,,,,,,,,,,,,,,,,Zinc,,,,,,,,,concrete|anchor|sleeve|mechanical,,N,,,,,,,,STOCK,,,
CONC-SLEEVE-1-2X2-1-4,CONC-SLEEVE-1-2X2-1-4-V1,hardware,anchors,sleeve_anchor,expansion_anchor,"Sleeve Anchor Zinc 1/2""x2-1/4""",,,EquivalentOnlySameSpec,,,,,,,,,,,EA,BX,,,,,50,,,,,,,,,,,,,,,,,,,,Zinc,,,,,,,,,concrete|anchor|sleeve|mechanical,,N,,,,,,,,STOCK,,,
CONC-EPOXY-10OZ,CONC-EPOXY-10OZ-V1,concrete,adhesives,epoxy_anchor,anchoring_adhesive,Epoxy Anchoring Adhesive 10oz Cartridge,,,Allowed,,,,,,,,,,,TUBE,TUBE,,,,,,,,,,,,,,,,,,,,,,,,,,,,,,,,,,concrete|anchor|epoxy|adhesive|chemical,,N,,,,,,,,STOCK,,,
CONC-EPOXY-22OZ,CONC-EPOXY-22OZ-V1,concrete,adhesives,epoxy_anchor,anchoring_adhesive,Epoxy Anchoring Adhesive 22oz Cartridge,,,Allowed,,,,,,,,,,,TUBE,TUBE,,,,,,,,,,,,,,,,,,,,,,,,,,,,,,,,,,concrete|anchor|epoxy|adhesive|chemical,,N,,,,,,,,STOCK,,,
CONC-MIX-STD-60,CONC-MIX-STD-60-V1,concrete,concrete_mix,standard,concrete_mix,Concrete Mix 60lb,,,Allowed,,,,,,,,,,,CF,BAG,,,,,,60,,,,,,,,,,,,,,,,,,,,,,,,,,,,concrete|mix|standard,,N,,,,,,,,STOCK,,,Yields approx 0.45 CF
CONC-MIX-STD-80,CONC-MIX-STD-80-V1,concrete,concrete_mix,standard,concrete_mix,Concrete Mix 80lb,,,Allowed,,,,,,,,,,,CF,BAG,,,,,,80,,,,,,,,,,,,,,,,,,,,,,,,,,,,concrete|mix|standard,,N,,,,,,,,STOCK,,,Yields approx 0.6 CF
CONC-MIX-FAST-50,CONC-MIX-FAST-50-V1,concrete,concrete_mix,fast_setting,concrete_mix,Fast-Setting Concrete 50lb,,,Allowed,,,,,,,,,,,CF,BAG,,,,,,50,,,,,,,,,,,,,,,,,,,,,,,,,,,,concrete|mix|fast_setting,,N,,,,,,,,STOCK,,,Yields approx 0.375 CF
CONC-MIX-HIGH-80,CONC-MIX-HIGH-80-V1,concrete,concrete_mix,high_strength,concrete_mix,High-Strength Concrete 80lb,,,Allowed,,,,,,,,,,,CF,BAG,,,,,,80,,,,,,,,,,,,,,,,,,,,,,,,,,,,concrete|mix|high_strength,,N,,,,,,,,STOCK,,,Yields approx 0.6 CF
CONC-MIX-CRACK-60,CONC-MIX-CRACK-60-V1,concrete,concrete_mix,crack_resistant,concrete_mix,Crack-Resistant Concrete 60lb,,,Allowed,,,,,,,,,,,CF,BAG,,,,,,60,,,,,,,,,,,,,,,,,,,,,,,,,,,,concrete|mix|crack_resistant,,N,,,,,,,,STOCK,,,Yields approx 0.45 CF
CONC-MORTAR-TYPES,CONC-MORTAR-TYPES-V1,concrete,mortar,type_s,mortar_mix,Type S Mortar Mix 80lb,,,Allowed,,,,,,,,,,,CF,BAG,,,,,,80,,,,,,,,,,,,,,,,,,,,,,,,,,,,concrete|mortar|type_s,,N,,,,,,,,STOCK,,,"High strength, below grade"
CONC-MORTAR-TYPEN,CONC-MORTAR-TYPEN-V1,concrete,mortar,type_n,mortar_mix,Type N Mortar Mix 80lb,,,Allowed,,,,,,,,,,,CF,BAG,,,,,,80,,,,,,,,,,,,,,,,,,,,,,,,,,,,concrete|mortar|type_n,,N,,,,,,,,STOCK,,,"General purpose, above grade"
FENCE-PICKET-PT-1X4-DE-6,FENCE-PICKET-PT-1X4-DE-6-V1,pt_lumber,fence,pickets,fence_picket,PT Fence Picket 1x4 Dog-Ear 6',SYP,,EquivalentOnlySameSpec,,,,0.75,3.5,,72,,1x4,0.75x3.5,EA,EA,6.0,2.0,,,,,UC3B,0.25,MCA,,,,,,,,,,,,,,,,,,,,,,,,,fence|picket|pt|dog_ear,R317,N,,,,,,,,STOCK,,,
FENCE-PICKET-PT-1X4-DE-8,FENCE-PICKET-PT-1X4-DE-8-V1,pt_lumber,fence,pickets,fence_picket,PT Fence Picket 1x4 Dog-Ear 8',SYP,,EquivalentOnlySameSpec,,,,0.75,3.5,,96,,1x4,0.75x3.5,EA,EA,8.0,2.67,,,,,UC3B,0.25,MCA,,,,,,,,,,,,,,,,,,,,,,,,,fence|picket|pt|dog_ear,R317,N,,,,,,,,STOCK,,,
FENCE-PICKET-PT-1X4-FT-6,FENCE-PICKET-PT-1X4-FT-6-V1,pt_lumber,fence,pickets,fence_picket,PT Fence Picket 1x4 Flat-Top 6',SYP,,EquivalentOnlySameSpec,,,,0.75,3.5,,72,,1x4,0.75x3.5,EA,EA,6.0,2.0,,,,,UC3B,0.25,MCA,,,,,,,,,,,,,,,,,,,,,,,,,fence|picket|pt|flat_top,R317,N,,,,,,,,STOCK,,,
FENCE-PICKET-PT-1X4-FT-8,FENCE-PICKET-PT-1X4-FT-8-V1,pt_lumber,fence,pickets,fence_picket,PT Fence Picket 1x4 Flat-Top 8',SYP,,EquivalentOnlySameSpec,,,,0.75,3.5,,96,,1x4,0.75x3.5,EA,EA,8.0,2.67,,,,,UC3B,0.25,MCA,,,,,,,,,,,,,,,,,,,,,,,,,fence|picket|pt|flat_top,R317,N,,,,,,,,STOCK,,,
FENCE-PICKET-PT-1X6-DE-6,FENCE-PICKET-PT-1X6-DE-6-V1,pt_lumber,fence,pickets,fence_picket,PT Fence Picket 1x6 Dog-Ear 6',SYP,,EquivalentOnlySameSpec,,,,0.75,5.5,,72,,1x6,0.75x5.5,EA,EA,6.0,3.0,,,,,UC3B,0.25,MCA,,,,,,,,,,,,,,,,,,,,,,,,,fence|picket|pt|dog_ear,R317,N,,,,,,,,STOCK,,,
FENCE-PICKET-PT-1X6-DE-8,FENCE-PICKET-PT-1X6-DE-8-V1,pt_lumber,fence,pickets,fence_picket,PT Fence Picket 1x6 Dog-Ear 8',SYP,,EquivalentOnlySameSpec,,,,0.75,5.5,,96,,1x6,0.75x5.5,EA,EA,8.0,4.0,,,,,UC3B,0.25,MCA,,,,,,,,,,,,,,,,,,,,,,,,,fence|picket|pt|dog_ear,R317,N,,,,,,,,STOCK,,,
FENCE-PICKET-PT-1X6-FT-6,FENCE-PICKET-PT-1X6-FT-6-V1,pt_lumber,fence,pickets,fence_picket,PT Fence Picket 1x6 Flat-Top 6',SYP,,EquivalentOnlySameSpec,,,,0.75,5.5,,72,,1x6,0.75x5.5,EA,EA,6.0,3.0,,,,,UC3B,0.25,MCA,,,,,,,,,,,,,,,,,,,,,,,,,fence|picket|pt|flat_top,R317,N,,,,,,,,STOCK,,,
FENCE-PICKET-PT-1X6-FT-8,FENCE-PICKET-PT-1X6-FT-8-V1,pt_lumber,fence,pickets,fence_picket,PT Fence Picket 1x6 Flat-Top 8',SYP,,EquivalentOnlySameSpec,,,,0.75,5.5,,96,,1x6,0.75x5.5,EA,EA,8.0,4.0,,,,,UC3B,0.25,MCA,,,,,,,,,,,,,,,,,,,,,,,,,fence|picket|pt|flat_top,R317,N,,,,,,,,STOCK,,,
FENCE-PICKET-CED-1X6-DE-6,FENCE-PICKET-CED-1X6-DE-6-V1,cedar,fence,pickets,fence_picket,Cedar Fence Picket 1x6 Dog-Ear 6',WRC,,Allowed,,,,0.75,5.5,,72,,1x6,,EA,EA,,,,,,,,,,,,,,,,,,,,,,,,,,,,,,,,,,fence|picket|cedar|dog_ear,,N,,,,,,,,ORDER,5,,
FENCE-PICKET-CED-1X6-FT-6,FENCE-PICKET-CED-1X6-FT-6-V1,cedar,fence,pickets,fence_picket,Cedar Fence Picket 1x6 Flat-Top 6',WRC,,Allowed,,,,0.75,5.5,,72,,1x6,,EA,EA,,,,,,,,,,,,,,,,,,,,,,,,,,,,,,,,,,fence|picket|cedar|flat_top,,N,,,,,,,,ORDER,5,,
FENCE-RAIL-PT-2X4-8,FENCE-RAIL-PT-2X4-8-V1,pt_lumber,fence,rails,fence_rail,PT Fence Rail 2x4 8',SYP,,EquivalentOnlySameSpec,,,,1.5,3.5,,96,,2x4,1.5x3.5,LF,EA,8,5.33,,,,,UC3B,0.25,MCA,,,,,,,,,,,,,,,,,,,,,,,,,fence|rail|pt|horizontal,R317,N,,,,,,,,STOCK,,,
FENCE-RAIL-PT-2X4-10,FENCE-RAIL-PT-2X4-10-V1,pt_lumber,fence,rails,fence_rail,PT Fence Rail 2x4 10',SYP,,EquivalentOnlySameSpec,,,,1.5,3.5,,120,,2x4,1.5x3.5,LF,EA,10,6.67,,,,,UC3B,0.25,MCA,,,,,,,,,,,,,,,,,,,,,,,,,fence|rail|pt|horizontal,R317,N,,,,,,,,STOCK,,,
FENCE-RAIL-PT-2X4-16,FENCE-RAIL-PT-2X4-16-V1,pt_lumber,fence,rails,fence_rail,PT Fence Rail 2x4 16',SYP,,EquivalentOnlySameSpec,,,,1.5,3.5,,192,,2x4,1.5x3.5,LF,EA,16,10.67,,,,,UC3B,0.25,MCA,,,,,,,,,,,,,,,,,,,,,,,,,fence|rail|pt|horizontal,R317,N,,,,,,,,STOCK,,,
FENCE-POST-PT-4X4-8,FENCE-POST-PT-4X4-8-V1,pt_lumber,fence,posts,fence_post,PT Fence Post 4x4 8',SYP,,EquivalentOnlySameSpec,,,,3.5,3.5,,96,,4x4,3.5x3.5,EA,EA,,9.33,,,,,UC4A,0.40,MCA,,,,,,,,,,,,,,,,,,,,,,,,,fence|post|pt|ground_contact,R317,N,,,,,,,,STOCK,,,
FENCE-POST-PT-4X4-10,FENCE-POST-PT-4X4-10-V1,pt_lumber,fence,posts,fence_post,PT Fence Post 4x4 10',SYP,,EquivalentOnlySameSpec,,,,3.5,3.5,,120,,4x4,3.5x3.5,EA,EA,,11.67,,,,,UC4A,0.40,MCA,,,,,,,,,,,,,,,,,,,,,,,,,fence|post|pt|ground_contact,R317,N,,,,,,,,STOCK,,,
FENCE-POST-PT-6X6-8,FENCE-POST-PT-6X6-8-V1,pt_lumber,fence,posts,fence_post,PT Fence Post 6x6 8',SYP,,EquivalentOnlySameSpec,,,,5.5,5.5,,96,,6x6,5.5x5.5,EA,EA,,22.0,,,,,UC4A,0.40,MCA,,,,,,,,,,,,,,,,,,,,,,,,,fence|post|pt|ground_contact,R317,N,,,,,,,,STOCK,,,
FENCE-POST-PT-6X6-10,FENCE-POST-PT-6X6-10-V1,pt_lumber,fence,posts,fence_post,PT Fence Post 6x6 10',SYP,,EquivalentOnlySameSpec,,,,5.5,5.5,,120,,6x6,5.5x5.5,EA,EA,,27.5,,,,,UC4A,0.40,MCA,,,,,,,,,,,,,,,,,,,,,,,,,fence|post|pt|ground_contact,R317,N,,,,,,,,STOCK,,,
FENCE-POST-PT-ROUND-4-8,FENCE-POST-PT-ROUND-4-8-V1,pt_lumber,fence,posts,fence_post,"PT Round Post 4"" x 8'",SYP,,EquivalentOnlySameSpec,,,,,,,96,4,,,EA,EA,,,,,,,UC4A,0.40,MCA,,,,,,,,,,,,,,,,,,,,,,,,,fence|post|pt|round|ground_contact,R317,N,,,,,,,,STOCK,,,
FENCE-POST-PT-ROUND-5-8,FENCE-POST-PT-ROUND-5-8-V1,pt_lumber,fence,posts,fence_post,"PT Round Post 5"" x 8'",SYP,,EquivalentOnlySameSpec,,,,,,,96,5,,,EA,EA,,,,,,,UC4A,0.40,MCA,,,,,,,,,,,,,,,,,,,,,,,,,fence|post|pt|round|ground_contact,R317,N,,,,,,,,STOCK,,,
FENCE-POST-PT-ROUND-6-8,FENCE-POST-PT-ROUND-6-8-V1,pt_lumber,fence,posts,fence_post,"PT Round Post 6"" x 8'",SYP,,EquivalentOnlySameSpec,,,,,,,96,6,,,EA,EA,,,,,,,UC4A,0.40,MCA,,,,,,,,,,,,,,,,,,,,,,,,,fence|post|pt|round|ground_contact,R317,N,,,,,,,,STOCK,,,
FENCE-GATE-HINGE-T-BLK,FENCE-GATE-HINGE-T-BLK-V1,hardware,gate_hardware,hinges,gate_hinge,"Gate T-Hinge 8"" Black",,,Allowed,,,,,,,,,,,EA,EA,,,,,,,,,,,,,,,,,,,,Black,,,,,,,,,,,,,,fence|gate|hardware|hinges,,N,,,,,,,,STOCK,,,
FENCE-GATE-HINGE-T-GAL,FENCE-GATE-HINGE-T-GAL-V1,hardware,gate_hardware,hinges,gate_hinge,"Gate T-Hinge 8"" Galvanized",,,Allowed,,,,,,,,,,,EA,EA,,,,,,,,,,,,,,,,,,,,Galvanized,,,,,,,,,,,,,,fence|gate|hardware|hinges,,N,,,,,,,,STOCK,,,
FENCE-GATE-HINGE-STRAP-BLK,FENCE-GATE-HINGE-STRAP-BLK-V1,hardware,gate_hardware,hinges,gate_hinge,"Gate Strap Hinge 12"" Black",,,Allowed,,,,,,,,,,,EA,EA,,,,,,,,,,,,,,,,,,,,Black,,,,,,,,,,,,,,fence|gate|hardware|hinges,,N,,,,,,,,STOCK,,,
FENCE-GATE-HINGE-STRAP-GAL,FENCE-GATE-HINGE-STRAP-GAL-V1,hardware,gate_hardware,hinges,gate_hinge,"Gate Strap Hinge 12"" Galvanized",,,Allowed,,,,,,,,,,,EA,EA,,,,,,,,,,,,,,,,,,,,Galvanized,,,,,,,,,,,,,,fence|gate|hardware|hinges,,N,,,,,,,,STOCK,,,
FENCE-GATE-LATCH-THUMB-BLK,FENCE-GATE-LATCH-THUMB-BLK-V1,hardware,gate_hardware,latches,gate_latch,Gate Thumb Latch Black,,,Allowed,,,,,,,,,,,EA,EA,,,,,,,,,,,,,,,,,,,,Black,,,,,,,,,,,,,,fence|gate|hardware|latches,,N,,,,,,,,STOCK,,,
FENCE-GATE-LATCH-THUMB-GAL,FENCE-GATE-LATCH-THUMB-GAL-V1,hardware,gate_hardware,latches,gate_latch,Gate Thumb Latch Galvanized,,,Allowed,,,,,,,,,,,EA,EA,,,,,,,,,,,,,,,,,,,,Galvanized,,,,,,,,,,,,,,fence|gate|hardware|latches,,N,,,,,,,,STOCK,,,
FENCE-GATE-LATCH-RING-BLK,FENCE-GATE-LATCH-RING-BLK-V1,hardware,gate_hardware,latches,gate_latch,Gate Ring Latch Black,,,Allowed,,,,,,,,,,,EA,EA,,,,,,,,,,,,,,,,,,,,Black,,,,,,,,,,,,,,fence|gate|hardware|latches,,N,,,,,,,,STOCK,,,
FENCE-GATE-LATCH-RING-GAL,FENCE-GATE-LATCH-RING-GAL-V1,hardware,gate_hardware,latches,gate_latch,Gate Ring Latch Galvanized,,,Allowed,,,,,,,,,,,EA,EA,,,,,,,,,,,,,,,,,,,,Galvanized,,,,,,,,,,,,,,fence|gate|hardware|latches,,N,,,,,,,,STOCK,,,
FENCE-GATE-WHEEL-SWIVEL-BLK,FENCE-GATE-WHEEL-SWIVEL-BLK-V1,hardware,gate_hardware,accessories,gate_wheel,Gate Gate Wheel Swivel Black,,,Allowed,,,,,,,,,,,EA,EA,,,,,,,,,,,,,,,,,,,,Black,,,,,,,,,,,,,,fence|gate|hardware|accessories,,N,,,,,,,,STOCK,,,
FENCE-GATE-WHEEL-SWIVEL-GAL,FENCE-GATE-WHEEL-SWIVEL-GAL-V1,hardware,gate_hardware,accessories,gate_wheel,Gate Gate Wheel Swivel Galvanized,,,Allowed,,,,,,,,,,,EA,EA,,,,,,,,,,,,,,,,,,,,Galvanized,,,,,,,,,,,,,,fence|gate|hardware|accessories,,N,,,,,,,,STOCK,,,
FENCE-GATE-SPRING-SELF-BLK,FENCE-GATE-SPRING-SELF-BLK-V1,hardware,gate_hardware,accessories,gate_spring,Gate Self-Closing Spring Black,,,Allowed,,,,,,,,,,,EA,EA,,,,,,,,,,,,,,,,,,,,Black,,,,,,,,,,,,,,fence|gate|hardware|accessories,,N,,,,,,,,STOCK,,,
FENCE-GATE-SPRING-SELF-GAL,FENCE-GATE-SPRING-SELF-GAL-V1,hardware,gate_hardware,accessories,gate_spring,Gate Self-Closing Spring Galvanized,,,Allowed,,,,,,,,,,,EA,EA,,,,,,,,,,,,,,,,,,,,Galvanized,,,,,,,,,,,,,,fence|gate|hardware|accessories,,N,,,,,,,,STOCK,,,
LAND-TIMBER-PT-3X4-8,LAND-TIMBER-PT-3X4-8-V1,pt_lumber,landscape,timbers,landscape_timber,PT Landscape Timber 3x4 8',SYP,,EquivalentOnlySameSpec,,,,2.5,3.5,,96,,3x4,2.5x3.5,EA,EA,8.0,6.67,,,,,UC4A,0.40,MCA,,,,,,,,,,,,,,,,,,,,,,,,,landscape|timber|pt|retaining|border,R317,N,,,,,,,,STOCK,,,
LAND-TIMBER-PT-4X4-8,LAND-TIMBER-PT-4X4-8-V1,pt_lumber,landscape,timbers,landscape_timber,PT Landscape Timber 4x4 8',SYP,,EquivalentOnlySameSpec,,,,3.5,3.5,,96,,4x4,3.5x3.5,EA,EA,8.0,9.33,,,,,UC4A,0.40,MCA,,,,,,,,,,,,,,,,,,,,,,,,,landscape|timber|pt|retaining|border,R317,N,,,,,,,,STOCK,,,
LAND-TIMBER-PT-6X6-8,LAND-TIMBER-PT-6X6-8-V1,pt_lumber,landscape,timbers,landscape_timber,PT Landscape Timber 6x6 8',SYP,,EquivalentOnlySameSpec,,,,5.5,5.5,,96,,6x6,5.5x5.5,EA,EA,8.0,22.0,,,,,UC4A,0.40,MCA,,,,,,,,,,,,,,,,,,,,,,,,,landscape|timber|pt|retaining|border,R317,N,,,,,,,,STOCK,,,
LAND-BARRIER-3X50,LAND-BARRIER-3X50-V1,landscaping,geotextile,weed_barrier,landscape_fabric,Weed Barrier Fabric 3'x50',,,Allowed,,,,,,,,,,,SF,RL,,,,150,,,,,,,,,,,,,,,,,,,,,,,,,,3,50,,,landscape|weed_barrier|fabric|ground_cover,,N,,,,,,,,STOCK,,,
LAND-BARRIER-3X100,LAND-BARRIER-3X100-V1,landscaping,geotextile,weed_barrier,landscape_fabric,Weed Barrier Fabric 3'x100',,,Allowed,,,,,,,,,,,SF,RL,,,,300,,,,,,,,,,,,,,,,,,,,,,,,,,3,100,,,landscape|weed_barrier|fabric|ground_cover,,N,,,,,,,,STOCK,,,
LAND-BARRIER-4X300,LAND-BARRIER-4X300-V1,landscaping,geotextile,weed_barrier,landscape_fabric,Weed Barrier Fabric 4'x300',,,Allowed,,,,,,,,,,,SF,RL,,,,1200,,,,,,,,,,,,,,,,,,,,,,,,,,4,300,,,landscape|weed_barrier|fabric|ground_cover,,N,,,,,,,,STOCK,,,
LAND-SILT-STD-100,LAND-SILT-STD-100-V1,landscaping,erosion_control,silt_fence,silt_fence,Standard Silt Fence 3'x100',,,Allowed,,,,,,,,,,,LF,RL,100,,,300,,,,,,,,,,,,,,,,,,,,,,,,,,3,100,,,erosion|silt_fence|sediment_control,,N,,,,,,,,STOCK,,,
LAND-SILT-STAKE-100,LAND-SILT-STAKE-100-V1,landscaping,erosion_control,silt_fence,silt_fence,Silt Fence with Stakes 3'x100',,,Allowed,,,,,,,,,,,LF,RL,100,,,300,,,,,,,,,,,,,,,,,,,,,,,,,,3,100,,,erosion|silt_fence|sediment_control,,N,,,,,,,,STOCK,,,Pre-attached stakes
LAND-STAKE-WOOD-18,LAND-STAKE-WOOD-18-V1,landscaping,erosion_control,stakes,wood_stake,"Wood Survey/Form Stake 18""",,,Allowed,,,,,,,18,,,,EA,BDL,,,,,50,,,,,,,,,,,,,,,,,,,,,,,,,,,,,stake|wood|survey|form,,N,,,,,,,,STOCK,,,
LAND-STAKE-WOOD-24,LAND-STAKE-WOOD-24-V1,landscaping,erosion_control,stakes,wood_stake,"Wood Survey/Form Stake 24""",,,Allowed,,,,,,,24,,,,EA,BDL,,,,,50,,,,,,,,,,,,,,,,,,,,,,,,,,,,,stake|wood|survey|form,,N,,,,,,,,STOCK,,,
PT-DECK-54X6-8,PT-DECK-54X6-8-V1,pt_lumber,deck_boards,standard,deck_board,PT Deck Board 5/4x6 8',SYP,,EquivalentOnlySameSpec,,,KDAT,1,5.5,,96,,5/4x6,,LF,EA,8,4.0,,,,,UC3B,0.25,MCA,,,,,,,,,,,,,,,,,,,,,,,,,deck|board|pt|above_ground,R507,N,,,,,,,,STOCK,,,Standard radius-edge
PT-DECK-54X6-10,PT-DECK-54X6-10-V1,pt_lumber,deck_boards,standard,deck_board,PT Deck Board 5/4x6 10',SYP,,EquivalentOnlySameSpec,,,KDAT,1,5.5,,120,,5/4x6,,LF,EA,10,5.0,,,,,UC3B,0.25,MCA,,,,,,,,,,,,,,,,,,,,,,,,,deck|board|pt|above_ground,R507,N,,,,,,,,STOCK,,,Standard radius-edge
PT-DECK-54X6-12,PT-DECK-54X6-12-V1,pt_lumber,deck_boards,standard,deck_board,PT Deck Board 5/4x6 12',SYP,,EquivalentOnlySameSpec,,,KDAT,1,5.5,,144,,5/4x6,,LF,EA,12,6.0,,,,,UC3B,0.25,MCA,,,,,,,,,,,,,,,,,,,,,,,,,deck|board|pt|above_ground,R507,N,,,,,,,,STOCK,,,Standard radius-edge
PT-DECK-54X6-16,PT-DECK-54X6-16-V1,pt_lumber,deck_boards,standard,deck_board,PT Deck Board 5/4x6 16',SYP,,EquivalentOnlySameSpec,,,KDAT,1,5.5,,192,,5/4x6,,LF,EA,16,8.0,,,,,UC3B,0.25,MCA,,,,,,,,,,,,,,,,,,,,,,,,,deck|board|pt|above_ground,R507,N,,,,,,,,STOCK,,,Standard radius-edge
PT-DECK-54X6-20,PT-DECK-54X6-20-V1,pt_lumber,deck_boards,standard,deck_board,PT Deck Board 5/4x6 20',SYP,,EquivalentOnlySameSpec,,,KDAT,1,5.5,,240,,5/4x6,,LF,EA,20,10.0,,,,,UC3B,0.25,MCA,,,,,,,,,,,,,,,,,,,,,,,,,deck|board|pt|above_ground,R507,N,,,,,,,,STOCK,,,Standard radius-edge
PT-DECK-2X6-8,PT-DECK-2X6-8-V1,pt_lumber,deck_boards,standard,deck_board,PT Deck Board 2x6 8',SYP,,EquivalentOnlySameSpec,,,KDAT,1.5,5.5,,96,,2x6,,LF,EA,8,8.0,,,,,UC3B,0.25,MCA,,,,,,,,,,,,,,,,,,,,,,,,,deck|board|pt|above_ground,R507,N,,,,,,,,STOCK,,,Full dimension
PT-DECK-2X6-10,PT-DECK-2X6-10-V1,pt_lumber,deck_boards,standard,deck_board,PT Deck Board 2x6 10',SYP,,EquivalentOnlySameSpec,,,KDAT,1.5,5.5,,120,,2x6,,LF,EA,10,10.0,,,,,UC3B,0.25,MCA,,,,,,,,,,,,,,,,,,,,,,,,,deck|board|pt|above_ground,R507,N,,,,,,,,STOCK,,,Full dimension
PT-DECK-2X6-12,PT-DECK-2X6-12-V1,pt_lumber,deck_boards,standard,deck_board,PT Deck Board 2x6 12',SYP,,EquivalentOnlySameSpec,,,KDAT,1.5,5.5,,144,,2x6,,LF,EA,12,12.0,,,,,UC3B,0.25,MCA,,,,,,,,,,,,,,,,,,,,,,,,,deck|board|pt|above_ground,R507,N,,,,,,,,STOCK,,,Full dimension
PT-DECK-2X6-16,PT-DECK-2X6-16-V1,pt_lumber,deck_boards,standard,deck_board,PT Deck Board 2x6 16',SYP,,EquivalentOnlySameSpec,,,KDAT,1.5,5.5,,192,,2x6,,LF,EA,16,16.0,,,,,UC3B,0.25,MCA,,,,,,,,,,,,,,,,,,,,,,,,,deck|board|pt|above_ground,R507,N,,,,,,,,STOCK,,,Full dimension
PT-DECK-2X6-20,PT-DECK-2X6-20-V1,pt_lumber,deck_boards,standard,deck_board,PT Deck Board 2x6 20',SYP,,EquivalentOnlySameSpec,,,KDAT,1.5,5.5,,240,,2x6,,LF,EA,20,20.0,,,,,UC3B,0.25,MCA,,,,,,,,,,,,,,,,,,,,,,,,,deck|board|pt|above_ground,R507,N,,,,,,,,STOCK,,,Full dimension
PT-RAIL-2X4-8,PT-RAIL-2X4-8-V1,pt_lumber,deck_rail,rail,deck_rail,PT Deck Rail 2x4 8',SYP,,EquivalentOnlySameSpec,,,,1.5,3.5,,96,,2x4,1.5x3.5,LF,EA,8,5.33,,,,,UC3B,0.25,MCA,,,,,,,,,,,,,,,,,,,,,,,,,deck|rail|pt|top_rail|bottom_rail,R507,N,,,,,,,,STOCK,,,
PT-RAIL-2X4-10,PT-RAIL-2X4-10-V1,pt_lumber,deck_rail,rail,deck_rail,PT Deck Rail 2x4 10',SYP,,EquivalentOnlySameSpec,,,,1.5,3.5,,120,,2x4,1.5x3.5,LF,EA,10,6.67,,,,,UC3B,0.25,MCA,,,,,,,,,,,,,,,,,,,,,,,,,deck|rail|pt|top_rail|bottom_rail,R507,N,,,,,,,,STOCK,,,
PT-RAIL-2X4-12,PT-RAIL-2X4-12-V1,pt_lumber,deck_rail,rail,deck_rail,PT Deck Rail 2x4 12',SYP,,EquivalentOnlySameSpec,,,,1.5,3.5,,144,,2x4,1.5x3.5,LF,EA,12,8.0,,,,,UC3B,0.25,MCA,,,,,,,,,,,,,,,,,,,,,,,,,deck|rail|pt|top_rail|bottom_rail,R507,N,,,,,,,,STOCK,,,
PT-BALUSTER-2X2-36,PT-BALUSTER-2X2-36-V1,pt_lumber,deck_rail,balusters,baluster,"PT Baluster 2x2 36""",SYP,,EquivalentOnlySameSpec,,,,1.5,1.5,,36,,2x2,1.5x1.5,EA,EA,3.0,1.0,,,,,UC3B,0.25,MCA,,,,,,,,,,,,,,,,,,,,,,,,,deck|baluster|pt|spindle,R507,N,,,,,,,,STOCK,,,
PT-BALUSTER-2X2-42,PT-BALUSTER-2X2-42-V1,pt_lumber,deck_rail,balusters,baluster,"PT Baluster 2x2 42""",SYP,,EquivalentOnlySameSpec,,,,1.5,1.5,,42,,2x2,1.5x1.5,EA,EA,3.5,1.17,,,,,UC3B,0.25,MCA,,,,,,,,,,,,,,,,,,,,,,,,,deck|baluster|pt|spindle,R507,N,,,,,,,,STOCK,,,
PT-LATTICE-SQ-4X8,PT-LATTICE-SQ-4X8-V1,pt_lumber,deck_accessories,lattice,lattice_panel,PT Lattice Panel Square 4x8,SYP,,EquivalentOnlySameSpec,,,,0.25,,,,,,,SF,SHT,,,32,,,,UC3B,0.25,MCA,48,96,,,,,,,,,,,,,,,,,,,,,,,deck|lattice|pt|sq,R317,N,,,,,,,,STOCK,,,Square pattern
PT-LATTICE-DIAG-4X8,PT-LATTICE-DIAG-4X8-V1,pt_lumber,deck_accessories,lattice,lattice_panel,PT Lattice Panel Diagonal 4x8,SYP,,EquivalentOnlySameSpec,,,,0.25,,,,,,,SF,SHT,,,32,,,,UC3B,0.25,MCA,48,96,,,,,,,,,,,,,,,,,,,,,,,deck|lattice|pt|diag,R317,N,,,,,,,,STOCK,,,Diamond pattern
PT-STRINGER-3STEP,PT-STRINGER-3STEP-V1,pt_lumber,stair_components,stringers,stair_stringer,PT Precut Stair Stringer 3-Step,SYP,,EquivalentOnlySameSpec,,,,,,,,,,,EA,EA,,,,,,,UC4A,0.40,MCA,,,,,,,,,,,,,,,,,,,,,,,,,deck|stair|stringer|pt|3_step,R507,N,,,,,,,,STOCK,,,"Precut for 7.5"" rise, 10"" run"
PT-STRINGER-4STEP,PT-STRINGER-4STEP-V1,pt_lumber,stair_components,stringers,stair_stringer,PT Precut Stair Stringer 4-Step,SYP,,EquivalentOnlySameSpec,,,,,,,,,,,EA,EA,,,,,,,UC4A,0.40,MCA,,,,,,,,,,,,,,,,,,,,,,,,,deck|stair|stringer|pt|4_step,R507,N,,,,,,,,STOCK,,,"Precut for 7.5"" rise, 10"" run"
PT-STRINGER-5STEP,PT-STRINGER-5STEP-V1,pt_lumber,stair_components,stringers,stair_stringer,PT Precut Stair Stringer 5-Step,SYP,,EquivalentOnlySameSpec,,,,,,,,,,,EA,EA,,,,,,,UC4A,0.40,MCA,,,,,,,,,,,,,,,,,,,,,,,,,deck|stair|stringer|pt|5_step,R507,N,,,,,,,,STOCK,,,"Precut for 7.5"" rise, 10"" run"
PT-STRINGER-6STEP,PT-STRINGER-6STEP-V1,pt_lumber,stair_components,stringers,stair_stringer,PT Precut Stair Stringer 6-Step,SYP,,EquivalentOnlySameSpec,,,,,,,,,,,EA,EA,,,,,,,UC4A,0.40,MCA,,,,,,,,,,,,,,,,,,,,,,,,,deck|stair|stringer|pt|6_step,R507,N,,,,,,,,STOCK,,,"Precut for 7.5"" rise, 10"" run"
DOOR-INT-24X80-HC,DOOR-INT-24X80-HC-V1,doors,interior_prehung,hollow_core,prehung_door,"Hollow Core Prehung Door 24"" x 80""",,,NotAllowed,,,,,24,,80,,,,EA,EA,,,,,,,,,,,,,,,,,,,,,,,,,,,,,,,,,,interior|prehung|passage,,N,handing|lockset_bore|jamb_width,,,,,,,STOCK,,,
DOOR-INT-24X80-SC,DOOR-INT-24X80-SC-V1,doors,interior_prehung,solid_core,prehung_door,"Solid Core Prehung Door 24"" x 80""",,,NotAllowed,,,,,24,,80,,,,EA,EA,,,,,,,,,,,,,,,,,,,,,,,,,,,,,,,,,,interior|prehung|passage,,N,handing|lockset_bore|jamb_width,,,,,,,STOCK,,,
DOOR-INT-24X84-HC,DOOR-INT-24X84-HC-V1,doors,interior_prehung,hollow_core,prehung_door,"Hollow Core Prehung Door 24"" x 84""",,,NotAllowed,,,,,24,,84,,,,EA,EA,,,,,,,,,,,,,,,,,,,,,,,,,,,,,,,,,,interior|prehung|passage,,N,handing|lockset_bore|jamb_width,,,,,,,STOCK,,,
DOOR-INT-24X84-SC,DOOR-INT-24X84-SC-V1,doors,interior_prehung,solid_core,prehung_door,"Solid Core Prehung Door 24"" x 84""",,,NotAllowed,,,,,24,,84,,,,EA,EA,,,,,,,,,,,,,,,,,,,,,,,,,,,,,,,,,,interior|prehung|passage,,N,handing|lockset_bore|jamb_width,,,,,,,STOCK,,,
DOOR-INT-28X80-HC,DOOR-INT-28X80-HC-V1,doors,interior_prehung,hollow_core,prehung_door,"Hollow Core Prehung Door 28"" x 80""",,,NotAllowed,,,,,28,,80,,,,EA,EA,,,,,,,,,,,,,,,,,,,,,,,,,,,,,,,,,,interior|prehung|passage,,N,handing|lockset_bore|jamb_width,,,,,,,STOCK,,,
DOOR-INT-28X80-SC,DOOR-INT-28X80-SC-V1,doors,interior_prehung,solid_core,prehung_door,"Solid Core Prehung Door 28"" x 80""",,,NotAllowed,,,,,28,,80,,,,EA,EA,,,,,,,,,,,,,,,,,,,,,,,,,,,,,,,,,,interior|prehung|passage,,N,handing|lockset_bore|jamb_width,,,,,,,STOCK,,,
DOOR-INT-28X84-HC,DOOR-INT-28X84-HC-V1,doors,interior_prehung,hollow_core,prehung_door,"Hollow Core Prehung Door 28"" x 84""",,,NotAllowed,,,,,28,,84,,,,EA,EA,,,,,,,,,,,,,,,,,,,,,,,,,,,,,,,,,,interior|prehung|passage,,N,handing|lockset_bore|jamb_width,,,,,,,STOCK,,,
DOOR-INT-28X84-SC,DOOR-INT-28X84-SC-V1,doors,interior_prehung,solid_core,prehung_door,"Solid Core Prehung Door 28"" x 84""",,,NotAllowed,,,,,28,,84,,,,EA,EA,,,,,,,,,,,,,,,,,,,,,,,,,,,,,,,,,,interior|prehung|passage,,N,handing|lockset_bore|jamb_width,,,,,,,STOCK,,,
DOOR-INT-30X80-HC,DOOR-INT-30X80-HC-V1,doors,interior_prehung,hollow_core,prehung_door,"Hollow Core Prehung Door 30"" x 80""",,,NotAllowed,,,,,30,,80,,,,EA,EA,,,,,,,,,,,,,,,,,,,,,,,,,,,,,,,,,,interior|prehung|passage,,N,handing|lockset_bore|jamb_width,,,,,,,STOCK,,,
DOOR-INT-30X80-SC,DOOR-INT-30X80-SC-V1,doors,interior_prehung,solid_core,prehung_door,"Solid Core Prehung Door 30"" x 80""",,,NotAllowed,,,,,30,,80,,,,EA,EA,,,,,,,,,,,,,,,,,,,,,,,,,,,,,,,,,,interior|prehung|passage,,N,handing|lockset_bore|jamb_width,,,,,,,STOCK,,,
DOOR-INT-30X84-HC,DOOR-INT-30X84-HC-V1,doors,interior_prehung,hollow_core,prehung_door,"Hollow Core Prehung Door 30"" x 84""",,,NotAllowed,,,,,30,,84,,,,EA,EA,,,,,,,,,,,,,,,,,,,,,,,,,,,,,,,,,,interior|prehung|passage,,N,handing|lockset_bore|jamb_width,,,,,,,STOCK,,,
DOOR-INT-30X84-SC,DOOR-INT-30X84-SC-V1,doors,interior_prehung,solid_core,prehung_door,"Solid Core Prehung Door 30"" x 84""",,,NotAllowed,,,,,30,,84,,,,EA,EA,,,,,,,,,,,,,,,,,,,,,,,,,,,,,,,,,,interior|prehung|passage,,N,handing|lockset_bore|jamb_width,,,,,,,STOCK,,,
DOOR-INT-32X80-HC,DOOR-INT-32X80-HC-V1,doors,interior_prehung,hollow_core,prehung_door,"Hollow Core Prehung Door 32"" x 80""",,,NotAllowed,,,,,32,,80,,,,EA,EA,,,,,,,,,,,,,,,,,,,,,,,,,,,,,,,,,,interior|prehung|passage,,N,handing|lockset_bore|jamb_width,,,,,,,STOCK,,,
DOOR-INT-32X80-SC,DOOR-INT-32X80-SC-V1,doors,interior_prehung,solid_core,prehung_door,"Solid Core Prehung Door 32"" x 80""",,,NotAllowed,,,,,32,,80,,,,EA,EA,,,,,,,,,,,,,,,,,,,,,,,,,,,,,,,,,,interior|prehung|passage,,N,handing|lockset_bore|jamb_width,,,,,,,STOCK,,,
DOOR-INT-32X84-HC,DOOR-INT-32X84-HC-V1,doors,interior_prehung,hollow_core,prehung_door,"Hollow Core Prehung Door 32"" x 84""",,,NotAllowed,,,,,32,,84,,,,EA,EA,,,,,,,,,,,,,,,,,,,,,,,,,,,,,,,,,,interior|prehung|passage,,N,handing|lockset_bore|jamb_width,,,,,,,STOCK,,,
DOOR-INT-32X84-SC,DOOR-INT-32X84-SC-V1,doors,interior_prehung,solid_core,prehung_door,"Solid Core Prehung Door 32"" x 84""",,,NotAllowed,,,,,32,,84,,,,EA,EA,,,,,,,,,,,,,,,,,,,,,,,,,,,,,,,,,,interior|prehung|passage,,N,handing|lockset_bore|jamb_width,,,,,,,STOCK,,,
DOOR-INT-36X80-HC,DOOR-INT-36X80-HC-V1,doors,interior_prehung,hollow_core,prehung_door,"Hollow Core Prehung Door 36"" x 80""",,,NotAllowed,,,,,36,,80,,,,EA,EA,,,,,,,,,,,,,,,,,,,,,,,,,,,,,,,,,,interior|prehung|passage,,N,handing|lockset_bore|jamb_width,,,,,,,STOCK,,,
DOOR-INT-36X80-SC,DOOR-INT-36X80-SC-V1,doors,interior_prehung,solid_core,prehung_door,"Solid Core Prehung Door 36"" x 80""",,,NotAllowed,,,,,36,,80,,,,EA,EA,,,,,,,,,,,,,,,,,,,,,,,,,,,,,,,,,,interior|prehung|passage,,N,handing|lockset_bore|jamb_width,,,,,,,STOCK,,,
DOOR-INT-36X84-HC,DOOR-INT-36X84-HC-V1,doors,interior_prehung,hollow_core,prehung_door,"Hollow Core Prehung Door 36"" x 84""",,,NotAllowed,,,,,36,,84,,,,EA,EA,,,,,,,,,,,,,,,,,,,,,,,,,,,,,,,,,,interior|prehung|passage,,N,handing|lockset_bore|jamb_width,,,,,,,STOCK,,,
DOOR-INT-36X84-SC,DOOR-INT-36X84-SC-V1,doors,interior_prehung,solid_core,prehung_door,"Solid Core Prehung Door 36"" x 84""",,,NotAllowed,,,,,36,,84,,,,EA,EA,,,,,,,,,,,,,,,,,,,,,,,,,,,,,,,,,,interior|prehung|passage,,N,handing|lockset_bore|jamb_width,,,,,,,STOCK,,,
DOOR-BIFOLD-24,DOOR-BIFOLD-24-V1,doors,bifold,hollow_core,bifold_door,"Bifold Door 24"" x 80"" Hollow Core",,,NotAllowed,,,,,24,,80,,,,EA,EA,,,,,,,,,,,,,,,,,,,,,,,,,,,,,,,,,,interior|bifold|closet,,N,hardware_included,,,,,,,STOCK,,,
DOOR-BIFOLD-30,DOOR-BIFOLD-30-V1,doors,bifold,hollow_core,bifold_door,"Bifold Door 30"" x 80"" Hollow Core",,,NotAllowed,,,,,30,,80,,,,EA,EA,,,,,,,,,,,,,,,,,,,,,,,,,,,,,,,,,,interior|bifold|closet,,N,hardware_included,,,,,,,STOCK,,,
DOOR-BIFOLD-36,DOOR-BIFOLD-36-V1,doors,bifold,hollow_core,bifold_door,"Bifold Door 36"" x 80"" Hollow Core",,,NotAllowed,,,,,36,,80,,,,EA,EA,,,,,,,,,,,,,,,,,,,,,,,,,,,,,,,,,,interior|bifold|closet,,N,hardware_included,,,,,,,STOCK,,,
DOOR-POCKET-KIT-24,DOOR-POCKET-KIT-24-V1,doors,pocket_door,kit,pocket_door_kit,"Pocket Door Frame Kit 24"" x 80""",,,NotAllowed,,,,,24,,80,,,,EA,EA,,,,,,,,,,,,,,,,,,,,,,,,,,,,,,,,,,interior|pocket|space_saving,,N,door_included|hardware_style,,,,,,,STOCK,,,
DOOR-POCKET-KIT-28,DOOR-POCKET-KIT-28-V1,doors,pocket_door,kit,pocket_door_kit,"Pocket Door Frame Kit 28"" x 80""",,,NotAllowed,,,,,28,,80,,,,EA,EA,,,,,,,,,,,,,,,,,,,,,,,,,,,,,,,,,,interior|pocket|space_saving,,N,door_included|hardware_style,,,,,,,STOCK,,,
DOOR-POCKET-KIT-30,DOOR-POCKET-KIT-30-V1,doors,pocket_door,kit,pocket_door_kit,"Pocket Door Frame Kit 30"" x 80""",,,NotAllowed,,,,,30,,80,,,,EA,EA,,,,,,,,,,,,,,,,,,,,,,,,,,,,,,,,,,interior|pocket|space_saving,,N,door_included|hardware_style,,,,,,,STOCK,,,
DOOR-POCKET-KIT-32,DOOR-POCKET-KIT-32-V1,doors,pocket_door,kit,pocket_door_kit,"Pocket Door Frame Kit 32"" x 80""",,,NotAllowed,,,,,32,,80,,,,EA,EA,,,,,,,,,,,,,,,,,,,,,,,,,,,,,,,,,,interior|pocket|space_saving,,N,door_included|hardware_style,,,,,,,STOCK,,,
DOOR-POCKET-KIT-36,DOOR-POCKET-KIT-36-V1,doors,pocket_door,kit,pocket_door_kit,"Pocket Door Frame Kit 36"" x 80""",,,NotAllowed,,,,,36,,80,,,,EA,EA,,,,,,,,,,,,,,,,,,,,,,,,,,,,,,,,,,interior|pocket|space_saving,,N,door_included|hardware_style,,,,,,,STOCK,,,
DOOR-CLOSET-PAIR-48,DOOR-CLOSET-PAIR-48-V1,doors,closet_door,pair,closet_door_pair,"Closet Door Pair 48"" Opening (2-24)",,,NotAllowed,,,,,48,,80,,,,EA,EA,,,,,,,,,,,,,,,,,,,,,,,,,,,,,,,,,,interior|closet|sliding,,N,track_style|door_style,,,,,,,STOCK,,,
DOOR-CLOSET-PAIR-60,DOOR-CLOSET-PAIR-60-V1,doors,closet_door,pair,closet_door_pair,"Closet Door Pair 60"" Opening (2-30)",,,NotAllowed,,,,,60,,80,,,,EA,EA,,,,,,,,,,,,,,,,,,,,,,,,,,,,,,,,,,interior|closet|sliding,,N,track_style|door_style,,,,,,,STOCK,,,
DOOR-CLOSET-PAIR-72,DOOR-CLOSET-PAIR-72-V1,doors,closet_door,pair,closet_door_pair,"Closet Door Pair 72"" Opening (2-36)",,,NotAllowed,,,,,72,,80,,,,EA,EA,,,,,,,,,,,,,,,,,,,,,,,,,,,,,,,,,,interior|closet|sliding,,N,track_style|door_style,,,,,,,STOCK,,,
DOOR-STORM-32-WHT,DOOR-STORM-32-WHT-V1,doors,storm_door,fullview,storm_door,"Storm Door Full-View 32"" x 80"" White",,,NotAllowed,,,,,32,,80,,,,EA,EA,,,,,,,,,,,,,,,,,,,,White,,,,,,,,,,,,,,exterior|storm|full_view,,N,handing|closer_type,,,,,,,STOCK,,,
DOOR-STORM-36-WHT,DOOR-STORM-36-WHT-V1,doors,storm_door,fullview,storm_door,"Storm Door Full-View 36"" x 80"" White",,,NotAllowed,,,,,36,,80,,,,EA,EA,,,,,,,,,,,,,,,,,,,,White,,,,,,,,,,,,,,exterior|storm|full_view,,N,handing|closer_type,,,,,,,STOCK,,,
WIN-DH-24X36,WIN-DH-24X36-V1,windows,vinyl_windows,double_hung,window,"Vinyl Double-Hung Window 24"" x 36""",,,NotAllowed,,,,,24,,36,,,,EA,EA,,,,,,,,,,,,,,,,,,,,,,,,,,,,,,,,,,window|double_hung|vinyl,,N,rough_opening|grid_pattern|glass_type|nailing_fin,,,,,,,STOCK,,,
WIN-DH-30X48,WIN-DH-30X48-V1,windows,vinyl_windows,double_hung,window,"Vinyl Double-Hung Window 30"" x 48""",,,NotAllowed,,,,,30,,48,,,,EA,EA,,,,,,,,,,,,,,,,,,,,,,,,,,,,,,,,,,window|double_hung|vinyl,,N,rough_opening|grid_pattern|glass_type|nailing_fin,,,,,,,STOCK,,,
WIN-DH-36X48,WIN-DH-36X48-V1,windows,vinyl_windows,double_hung,window,"Vinyl Double-Hung Window 36"" x 48""",,,NotAllowed,,,,,36,,48,,,,EA,EA,,,,,,,,,,,,,,,,,,,,,,,,,,,,,,,,,,window|double_hung|vinyl,,N,rough_opening|grid_pattern|glass_type|nailing_fin,,,,,,,STOCK,,,
WIN-DH-36X60,WIN-DH-36X60-V1,windows,vinyl_windows,double_hung,window,"Vinyl Double-Hung Window 36"" x 60""",,,NotAllowed,,,,,36,,60,,,,EA,EA,,,,,,,,,,,,,,,,,,,,,,,,,,,,,,,,,,window|double_hung|vinyl,,N,rough_opening|grid_pattern|glass_type|nailing_fin,,,,,,,STOCK,,,
WIN-SLIDER-36X24,WIN-SLIDER-36X24-V1,windows,vinyl_windows,slider,window,"Vinyl Slider Window 36"" x 24""",,,NotAllowed,,,,,36,,24,,,,EA,EA,,,,,,,,,,,,,,,,,,,,,,,,,,,,,,,,,,window|slider|vinyl,,N,rough_opening|grid_pattern|glass_type|nailing_fin,,,,,,,STOCK,,,
WIN-SLIDER-48X36,WIN-SLIDER-48X36-V1,windows,vinyl_windows,slider,window,"Vinyl Slider Window 48"" x 36""",,,NotAllowed,,,,,48,,36,,,,EA,EA,,,,,,,,,,,,,,,,,,,,,,,,,,,,,,,,,,window|slider|vinyl,,N,rough_opening|grid_pattern|glass_type|nailing_fin,,,,,,,STOCK,,,
WIN-SLIDER-60X48,WIN-SLIDER-60X48-V1,windows,vinyl_windows,slider,window,"Vinyl Slider Window 60"" x 48""",,,NotAllowed,,,,,60,,48,,,,EA,EA,,,,,,,,,,,,,,,,,,,,,,,,,,,,,,,,,,window|slider|vinyl,,N,rough_opening|grid_pattern|glass_type|nailing_fin,,,,,,,STOCK,,,
WIN-CASEMENT-24X36,WIN-CASEMENT-24X36-V1,windows,vinyl_windows,casement,window,"Vinyl Casement Window 24"" x 36""",,,NotAllowed,,,,,24,,36,,,,EA,EA,,,,,,,,,,,,,,,,,,,,,,,,,,,,,,,,,,window|casement|vinyl|crank,,N,rough_opening|grid_pattern|glass_type|handing,,,,,,,STOCK,,,
WIN-CASEMENT-30X48,WIN-CASEMENT-30X48-V1,windows,vinyl_windows,casement,window,"Vinyl Casement Window 30"" x 48""",,,NotAllowed,,,,,30,,48,,,,EA,EA,,,,,,,,,,,,,,,,,,,,,,,,,,,,,,,,,,window|casement|vinyl|crank,,N,rough_opening|grid_pattern|glass_type|handing,,,,,,,STOCK,,,
WIN-PICTURE-36X48,WIN-PICTURE-36X48-V1,windows,vinyl_windows,picture,window,"Vinyl Picture Window 36"" x 48""",,,NotAllowed,,,,,36,,48,,,,EA,EA,,,,,,,,,,,,,,,,,,,,,,,,,,,,,,,,,,window|picture|vinyl|fixed,,N,rough_opening|grid_pattern|glass_type,,,,,,,STOCK,,,
WIN-PICTURE-48X60,WIN-PICTURE-48X60-V1,windows,vinyl_windows,picture,window,"Vinyl Picture Window 48"" x 60""",,,NotAllowed,,,,,48,,60,,,,EA,EA,,,,,,,,,,,,,,,,,,,,,,,,,,,,,,,,,,window|picture|vinyl|fixed,,N,rough_opening|grid_pattern|glass_type,,,,,,,STOCK,,,
WIN-FLASH-TAPE-4,WIN-FLASH-TAPE-4-V1,windows,window_accessories,flashing_tape,window_accessory,"Window Flashing Tape 4"" x 75'",,,Allowed,,,,,4,,,,,,EA,EA,,,,,,,,,,,,,,,,,,,,,,,,,,,,,,,,,,window|accessory|flashing_tape,,N,rough_opening|grid_pattern|glass_type|nailing_fin,,,,,,,STOCK,,,
WIN-FLASH-TAPE-6,WIN-FLASH-TAPE-6-V1,windows,window_accessories,flashing_tape,window_accessory,"Window Flashing Tape 6"" x 75'",,,Allowed,,,,,6,,,,,,EA,EA,,,,,,,,,,,,,,,,,,,,,,,,,,,,,,,,,,window|accessory|flashing_tape,,N,rough_opening|grid_pattern|glass_type|nailing_fin,,,,,,,STOCK,,,
WIN-SHIM-COMP,WIN-SHIM-COMP-V1,windows,window_accessories,shims,window_accessory,"Composite Window Shims 8"" (12pk)",,,Allowed,,,,,,,,,,,EA,EA,,,,,,,,,,,,,,,,,,,,,,,,,,,,,,,,,,window|accessory|shims,,N,rough_opening|grid_pattern|glass_type|nailing_fin,,,,,,,STOCK,,,
WIN-SEALANT-WS,WIN-SEALANT-WS-V1,windows,window_accessories,sealant,window_accessory,Window & Door Sealant 10.1oz,,,Allowed,,,,,,,,,,,EA,EA,,,,,,,,,,,,,,,,,,,,,,,,,,,,,,,,,,window|accessory|sealant,,N,rough_opening|grid_pattern|glass_type|nailing_fin,,,,,,,STOCK,,,
DOOR-WEATHER-KIT,DOOR-WEATHER-KIT-V1,windows,window_accessories,weatherstrip,window_accessory,Exterior Door Weatherstrip Kit,,,Allowed,,,,,,,,,,,EA,EA,,,,,,,,,,,,,,,,,,,,,,,,,,,,,,,,,,window|accessory|weatherstrip,,N,rough_opening|grid_pattern|glass_type|nailing_fin,,,,,,,STOCK,,,
DRY-BEAD-BULL-M-8,DRY-BEAD-BULL-M-8-V1,drywall,corner_bead,bullnose_metal,corner_bead,Corner Bead Bullnose Metal 8',,,Allowed,,,,,,,,,,,EA,EA,,,,,,,,,,,,,,,,,,,,,,,,,,,,,,,,,,drywall|finishing|bullnose|metal,,N,,,,,,,,STOCK,,,
DRY-BEAD-BULL-V-8,DRY-BEAD-BULL-V-8-V1,drywall,corner_bead,bullnose_vinyl,corner_bead,Corner Bead Bullnose Vinyl 8',,,Allowed,,,,,,,,,,,EA,EA,,,,,,,,,,,,,,,,,,,,,,,,,,,,,,,,,,drywall|finishing|bullnose|vinyl,,N,,,,,,,,STOCK,,,
DRY-BEAD-BULL-M-10,DRY-BEAD-BULL-M-10-V1,drywall,corner_bead,bullnose_metal,corner_bead,Corner Bead Bullnose Metal 10',,,Allowed,,,,,,,,,,,EA,EA,,,,,,,,,,,,,,,,,,,,,,,,,,,,,,,,,,drywall|finishing|bullnose|metal,,N,,,,,,,,STOCK,,,
DRY-ARCH-KIT,DRY-ARCH-KIT-V1,drywall,corner_bead,archway,corner_bead,Archway Bead Kit (Flexible),,,Allowed,,,,,,,,,,,EA,EA,,,,,,,,,,,,,,,,,,,,,,,,,,,,,,,,,,drywall|finishing|archway,,N,,,,,,,,STOCK,,,
DRY-REPAIR-KIT,DRY-REPAIR-KIT-V1,drywall,repair,repair_kit,repair,Drywall Repair Kit,,,Allowed,,,,,,,,,,,EA,EA,,,,,,,,,,,,,,,,,,,,,,,,,,,,,,,,,,drywall|finishing|repair|kit,,N,,,,,,,,STOCK,,,
DRY-TOOL-CORNER,DRY-TOOL-CORNER-V1,drywall,tools,corner_roller,tools,Corner Roller Tool,,,Allowed,,,,,,,,,,,EA,EA,,,,,,,,,,,,,,,,,,,,,,,,,,,,,,,,,,drywall|finishing|corner|roller,,N,,,,,,,,STOCK,,,
DRY-TOOL-INSIDE,DRY-TOOL-INSIDE-V1,drywall,tools,inside_corner,tools,Inside Corner Tool,,,Allowed,,,,,,,,,,,EA,EA,,,,,,,,,,,,,,,,,,,,,,,,,,,,,,,,,,drywall|finishing|inside|corner,,N,,,,,,,,STOCK,,,
DRY-SAND-SCREEN,DRY-SAND-SCREEN-V1,drywall,sanding,screens,sanding,Sanding Screens Assortment (100/150/220),,,Allowed,,,,,,,,,,,EA,EA,,,,,,,,,,,,,,,,,,,,,,,,,,,,,,,,,,drywall|finishing|screens,,N,,,,,,,,STOCK,,,
INS-BATT-R49-15,INS-BATT-R49-15-V1,insulation,batt,fiberglass,batt_insulation,"Fiberglass Batt R-49 16"" x 15""",,batt:mineral_wool,EquivalentOnlySameSpec,,,,16,15,,,,,,SF,BAG,,,,,,,,,,,,,,,,,,,,,,,,,,,,,,,,,,insulation|attic|r-49,N1102,N,,,,,,,,STOCK,,,
INS-BATT-R49-23,INS-BATT-R49-23-V1,insulation,batt,fiberglass,batt_insulation,"Fiberglass Batt R-49 16"" x 23""",,batt:mineral_wool,EquivalentOnlySameSpec,,,,16,23,,,,,,SF,BAG,,,,,,,,,,,,,,,,,,,,,,,,,,,,,,,,,,insulation|attic|r-49,N1102,N,,,,,,,,STOCK,,,
INS-BATT-R60-15,INS-BATT-R60-15-V1,insulation,batt,fiberglass,batt_insulation,"Fiberglass Batt R-60 19.25"" x 15""",,batt:mineral_wool,EquivalentOnlySameSpec,,,,19.25,15,,,,,,SF,BAG,,,,,,,,,,,,,,,,,,,,,,,,,,,,,,,,,,insulation|attic|r-60,N1102,N,,,,,,,,STOCK,,,
INS-BATT-R60-23,INS-BATT-R60-23-V1,insulation,batt,fiberglass,batt_insulation,"Fiberglass Batt R-60 19.25"" x 23""",,batt:mineral_wool,EquivalentOnlySameSpec,,,,19.25,23,,,,,,SF,BAG,,,,,,,,,,,,,,,,,,,,,,,,,,,,,,,,,,insulation|attic|r-60,N1102,N,,,,,,,,STOCK,,,
INS-SPRAY-KIT-200,INS-SPRAY-KIT-200-V1,insulation,spray_foam,closed_cell,spray_foam_kit,Spray Foam Kit 200 BF (DIY),,,NotAllowed,,,,,,,,,,,SF,EA,,,,200,,,,,,,,,,,,,,,,,,,,,,,,,,,,,,insulation|spray_foam|diy|air_seal,N1102,N,,,,,,,,STOCK,,,
INS-SPRAY-KIT-600,INS-SPRAY-KIT-600-V1,insulation,spray_foam,closed_cell,spray_foam_kit,Spray Foam Kit 600 BF (DIY),,,NotAllowed,,,,,,,,,,,SF,EA,,,,600,,,,,,,,,,,,,,,,,,,,,,,,,,,,,,insulation|spray_foam|diy|air_seal,N1102,N,,,,,,,,STOCK,,,
ROOF-METAL-RIDGE-G,ROOF-METAL-RIDGE-G-V1,roofing,metal_accessories,ridge_cap,metal_roof_accessory,Metal Roof Ridge Cap 10' Galvalume,,,EquivalentOnlySameSpec,,,,,,,,,,,EA,EA,,,,,,,,,,,,,,,,,,,,Galvalume,,,,,,,,,,,,,,roofing|metal|ridge_cap,,N,,,,,,,,STOCK,,,
ROOF-METAL-RIDGE-P,ROOF-METAL-RIDGE-P-V1,roofing,metal_accessories,ridge_cap,metal_roof_accessory,Metal Roof Ridge Cap 10' Painted,,,EquivalentOnlySameSpec,,,,,,,,,,,EA,EA,,,,,,,,,,,,,,,,,,,,Painted,,,,,,,,,,,,,,roofing|metal|ridge_cap,,N,,,,,,,,STOCK,,,
ROOF-METAL-HIP,ROOF-METAL-HIP-V1,roofing,metal_accessories,hip_cap,metal_roof_accessory,Metal Roof Hip Cap 10',,,EquivalentOnlySameSpec,,,,,,,,,,,EA,EA,,,,,,,,,,,,,,,,,,,,,,,,,,,,,,,,,,roofing|metal|hip_cap,,N,,,,,,,,STOCK,,,
ROOF-METAL-EAVE,ROOF-METAL-EAVE-V1,roofing,metal_accessories,eave_trim,metal_roof_accessory,Metal Roof Eave Trim 10',,,EquivalentOnlySameSpec,,,,,,,,,,,EA,EA,,,,,,,,,,,,,,,,,,,,,,,,,,,,,,,,,,roofing|metal|eave_trim,,N,,,,,,,,STOCK,,,
ROOF-METAL-GABLE,ROOF-METAL-GABLE-V1,roofing,metal_accessories,gable_trim,metal_roof_accessory,Metal Roof Gable Trim 10',,,EquivalentOnlySameSpec,,,,,,,,,,,EA,EA,,,,,,,,,,,,,,,,,,,,,,,,,,,,,,,,,,roofing|metal|gable_trim,,N,,,,,,,,STOCK,,,
ROOF-METAL-TRANS,ROOF-METAL-TRANS-V1,roofing,metal_accessories,transition,metal_roof_accessory,Metal Roof Transition Flashing,,,EquivalentOnlySameSpec,,,,,,,,,,,EA,EA,,,,,,,,,,,,,,,,,,,,,,,,,,,,,,,,,,roofing|metal|transition,,N,,,,,,,,STOCK,,,
ROOF-CLOSURE-LOW,ROOF-CLOSURE-LOW-V1,roofing,metal_accessories,closure,metal_roof_accessory,Foam Closure Strip Low Profile,,,EquivalentOnlySameSpec,,,,,,,,,,,EA,EA,,,,,,,,,,,,,,,,,,,,low,,,,,,,,,,,,,,roofing|metal|closure,,N,,,,,,,,STOCK,,,
ROOF-CLOSURE-HIGH,ROOF-CLOSURE-HIGH-V1,roofing,metal_accessories,closure,metal_roof_accessory,Foam Closure Strip High Profile,,,EquivalentOnlySameSpec,,,,,,,,,,,EA,EA,,,,,,,,,,,,,,,,,,,,high,,,,,,,,,,,,,,roofing|metal|closure,,N,,,,,,,,STOCK,,,
ROOF-SCREW-METAL-G,ROOF-SCREW-METAL-G-V1,roofing,metal_accessories,screws,metal_roof_accessory,Metal Roof Screws Galvalume (250ct),,,EquivalentOnlySameSpec,,,,,,,,,,,EA,EA,,,,,250,,,,,,,,,,,,,,,Galvalume,,,,,,,,,,,,,,roofing|metal|screws,,N,,,,,,,,STOCK,,,
ROOF-SCREW-METAL-P,ROOF-SCREW-METAL-P-V1,roofing,metal_accessories,screws,metal_roof_accessory,Metal Roof Screws Painted (250ct),,,EquivalentOnlySameSpec,,,,,,,,,,,EA,EA,,,,,250,,,,,,,,,,,,,,,Painted,,,,,,,,,,,,,,roofing|metal|screws,,N,,,,,,,,STOCK,,,
ROOF-TAPE-BUTYL,ROOF-TAPE-BUTYL-V1,roofing,metal_accessories,sealant,metal_roof_accessory,"Metal Roof Butyl Tape Sealant 1""x50'",,,EquivalentOnlySameSpec,,,,,,,,,,,EA,EA,,,,,,,,,,,,,,,,,,,,,,,,,,,,,,,,,,roofing|metal|sealant,,N,,,,,,,,STOCK,,,
ROOF-BOOT-METAL,ROOF-BOOT-METAL-V1,roofing,metal_accessories,pipe_boot,metal_roof_accessory,Pipe Boot for Metal Roof,,,EquivalentOnlySameSpec,,,,,,,,,,,EA,EA,,,,,,,,,,,,,,,,,,,,metal,,,,,,,,,,,,,,roofing|metal|pipe_boot,,N,,,,,,,,STOCK,,,
